PRODUCT_ID,BARCODE,TITLE,TYPE,ONSALEDATE,OFFSALEDATE,PRICE,SEGMENT,SUBSEGMENT,FREQUENCY
561766,33981,Title SIP,SIP,2023-02-13,2023-05-18,15.49,HOBBY,VIDEO GAMES,Quarterly - 04 Issues
575770,41091,Title SIP,SIP,2023-04-17,2023-07-20,15.49,SPORT,BASKETBALL,Quarterly - 04 Issues
645361,33549,Echo of Fame,Weeklies,2023-06-12,2023-06-26,8.49,ENTERTAINMENT,CELEBRITY PROFILE,Weekly - 52 Issues
662752,41091,Title SIP,SIP,2023-08-21,2023-11-23,15.49,SPORT,COMMEMORATIVE,Quarterly - 04 Issues
671033,67307,Title SIP,SIP,2023-10-09,2024-01-11,15.49,ENTERTAINMENT,MOVIE / TELEVISION,Quarterly - 04 Issues
672648,9426,Title SIP,SIP,2023-10-02,2024-01-04,15.49,LIFESTYLE,SOCIAL,Quarterly - 04 Issues
578572,41096,Title SIP,SIP,2023-05-08,2023-08-10,15.49,ENTERTAINMENT,MOVIE / TELEVISION,Quarterly - 04 Issues
565493,57607,Starline Stories,Weeklies,2023-02-27,2023-03-13,8.49,ENTERTAINMENT,CELEBRITY PROFILE,Bi-Weekly - 26 Issues
650938,34013,Title SIP,SIP,2023-07-31,2023-11-02,15.49,ENTERTAINMENT,MOVIE / TELEVISION,Quarterly - 04 Issues
654336,9382,Title SIP,SIP,2023-10-30,2024-02-01,15.49,HEALTH & FITNESS,MINDFULNESS,Quarterly - 04 Issues
638360,67328,Title SIP,SIP,2023-07-17,2023-10-19,15.49,SPORT,OTHER SPORTS,Semi-Annual - 02 Issue
661354,9305,Title SIP,SIP,2023-09-18,2023-12-21,15.49,HOME,DECORATING,Quarterly - 04 Issues
633499,67371,Title SIP,SIP,2023-06-19,2023-09-21,14.49,SPORT,FOOTBALL,Quarterly - 04 Issues
565554,33998,Title SIP,SIP,2023-03-13,2023-06-15,15.49,FOOD,HEALTHY EATING,Quarterly - 04 Issues
578143,34000,Title SIP,SIP,2023-05-01,2023-08-03,15.49,ENTERTAINMENT,MOVIE / TELEVISION,Semi-Annual - 02 Issue
559243,33973,Title SIP,SIP,2023-01-23,2023-04-27,15.49,ENTERTAINMENT,MOVIE / TELEVISION,Quarterly - 04 Issues
649517,33601,Spotlight Lives,Weeklies,2023-09-18,2023-10-02,8.49,ENTERTAINMENT,CELEBRITY PROFILE,Bi-Weekly - 26 Issues
576362,57607,Starline Stories,Weeklies,2023-04-10,2023-04-24,8.49,ENTERTAINMENT,CELEBRITY PROFILE,Bi-Weekly - 26 Issues
579274,67342,Title SIP,SIP,2023-05-08,2023-08-10,8.49,PUZZLES,WORD SEEK,Quarterly - 04 Issues
558330,64194,Title SIP,SIP,2023-01-09,2023-04-13,14.49,HOME,DECORATING,Monthly - 12 Issues
560606,64836,Simply Woman,Weeklies,2023-01-16,2023-02-02,5.99,WOMENS,EVERYDAY LIVING,Weekly - 52 Issues
555193,64363,Title SIP,SIP,2023-01-02,2023-04-06,14.49,HOBBY,ACTIVITY / COLORING,Monthly - 12 Issues
714329,57551,Title SIP,SIP,2024-05-20,2024-08-22,7.49,PUZZLES,SUDOKU,Quarterly - 04 Issues
703599,57601,Spotlight Lives,Weeklies,2024-02-12,2024-02-26,8.49,ENTERTAINMENT,CELEBRITY PROFILE,Bi-Weekly - 26 Issues
716362,57549,Echo of Fame,Weeklies,2024-06-03,2024-06-17,8.49,ENTERTAINMENT,TRIBUTE,Bi-Weekly - 26 Issues
691010,57984,Fame & Faces,Weeklies,2024-01-22,2024-02-05,8.49,ENTERTAINMENT,CELEBRITY PROFILE,Weekly - 52 Issues
663649,41092,Title SIP,SIP,2023-08-07,2023-11-09,15.49,ENTERTAINMENT,TRIBUTE,Quarterly - 04 Issues
658794,34004,Title SIP,SIP,2023-07-24,2023-10-26,15.49,HEALTH & FITNESS,WELLNESS/EMOTIONAL HEALTH,Quarterly - 04 Issues
563803,57607,Starline Stories,Weeklies,2023-01-16,2023-01-30,8.49,ENTERTAINMENT,CELEBRITY PROFILE,Bi-Weekly - 26 Issues
567100,64461,Title SIP,SIP,2023-04-03,2023-07-06,8.49,PUZZLES,SUDOKU,Quarterly - 04 Issues
715011,41312,Title SIP,SIP,2024-02-19,2024-05-23,16.490000000000002,ENTERTAINMENT,MUSIC,Quarterly - 04 Issues
676530,41095,Title SIP,SIP,2023-12-18,2024-03-21,15.49,HUMAN CULTURE,HISTORY,Quarterly - 04 Issues
702199,33583,Fame & Faces,Weeklies,2024-05-27,2024-06-10,8.49,ENTERTAINMENT,CELEBRITY PROFILE,Bi-Weekly - 26 Issues
681551,67392,Everyday Bloom,Weeklies,2024-01-22,2024-02-12,5.99,WOMENS,EVERYDAY LIVING,Monthly - 12 Issues
721125,64451,Everyday Bloom,Weeklies,2024-04-29,2024-05-16,5.99,WOMENS,EVERYDAY LIVING,Monthly - 12 Issues
564386,33583,Fame & Faces,Weeklies,2023-01-09,2023-01-23,8.49,ENTERTAINMENT,CELEBRITY PROFILE,Bi-Weekly - 26 Issues
669145,57984,Fame & Faces,Weeklies,2023-09-11,2023-09-25,8.49,ENTERTAINMENT,CELEBRITY PROFILE,Weekly - 52 Issues
575145,64453,Everyday Bloom,Weeklies,2023-04-24,2023-05-18,7.99,WOMENS,EVERYDAY LIVING,Bi-Weekly - 26 Issues
688676,64799,Title SIP,SIP,2024-02-19,2024-05-23,15.49,ENTERTAINMENT,MOVIE / TELEVISION,Quarterly - 04 Issues
668795,9300,Title SIP,SIP,2024-01-15,2024-04-18,15.49,ENTERTAINMENT,MUSIC,Quarterly - 04 Issues
669281,33601,Spotlight Lives,Weeklies,2023-10-16,2023-10-30,8.49,ENTERTAINMENT,CELEBRITY PROFILE,Bi-Weekly - 26 Issues
562484,33607,Starline Stories,Weeklies,2023-01-23,2023-02-06,8.49,ENTERTAINMENT,CELEBRITY PROFILE,Bi-Weekly - 26 Issues
583144,33601,Spotlight Lives,Weeklies,2023-05-29,2023-06-12,8.49,ENTERTAINMENT,CELEBRITY PROFILE,Bi-Weekly - 26 Issues
564347,57601,Spotlight Lives,Weeklies,2023-02-13,2023-02-27,8.49,ENTERTAINMENT,CELEBRITY PROFILE,Bi-Weekly - 26 Issues
571446,67373,Title SIP,SIP,2023-04-17,2023-07-20,15.49,FOOD,EVERYDAY EATING,Quarterly - 04 Issues
568215,67325,Title SIP,SIP,2023-03-13,2023-06-15,15.49,HUMAN CULTURE,HISTORY,Semi-Annual - 02 Issue
586372,33974,Title SIP,SIP,2023-05-22,2023-08-24,15.49,ENTERTAINMENT,CELEBRITY PROFILE,Quarterly - 04 Issues
573782,41155,Title SIP,SIP,2023-04-17,2023-07-20,14.49,HOME,DECORATING,Quarterly - 04 Issues
572264,33601,Spotlight Lives,Weeklies,2023-03-20,2023-04-03,8.49,ENTERTAINMENT,CELEBRITY PROFILE,Bi-Weekly - 26 Issues
572128,64803,Simply Woman,Weeklies,2023-03-13,2023-03-30,4.99,WOMENS,EVERYDAY LIVING,Weekly - 52 Issues
580615,33975,Title SIP,SIP,2023-06-05,2023-09-07,15.49,HOME,DECORATING,Quarterly - 04 Issues
569587,67307,Title SIP,SIP,2023-04-24,2023-07-27,15.49,ENTERTAINMENT,MOVIE / TELEVISION,Quarterly - 04 Issues
669154,33956,Title SIP,SIP,2023-10-30,2024-02-01,11.49,PUZZLES,LOGIC,Quarterly - 04 Issues
664272,33997,Title SIP,SIP,2023-11-06,2024-02-08,15.49,HOME,GARDEN,Quarterly - 04 Issues
665606,33549,Echo of Fame,Weeklies,2023-10-02,2023-10-16,8.49,ENTERTAINMENT,CELEBRITY PROFILE,Weekly - 52 Issues
672328,67315,Title SIP,SIP,2023-10-16,2024-01-18,15.49,FOOD,EVERYDAY EATING,Semi-Annual - 02 Issue
666424,67309,Title SIP,SIP,2023-10-23,2024-01-25,15.49,ENTERTAINMENT,MOVIE / TELEVISION,Quarterly - 04 Issues
557623,64449,Simply Woman,Weeklies,2023-01-09,2023-01-26,4.99,WOMENS,EVERYDAY LIVING,Weekly - 52 Issues
671686,33969,Title SIP,SIP,2023-09-25,2023-12-28,15.49,ENTERTAINMENT,TRIBUTE,Quarterly - 04 Issues
668858,9293,Title SIP,SIP,2023-12-25,2024-03-28,15.49,HOME,DECORATING,Quarterly - 04 Issues
691746,33968,Title SIP,SIP,2024-04-29,2024-08-01,15.49,HEALTH & FITNESS,WELLNESS/EMOTIONAL HEALTH,Quarterly - 04 Issues
709835,33607,Starline Stories,Weeklies,2024-06-10,2024-06-24,8.49,ENTERTAINMENT,CELEBRITY PROFILE,Bi-Weekly - 26 Issues
728329,33549,Echo of Fame,Weeklies,2024-04-01,2024-04-15,8.49,ENTERTAINMENT,CELEBRITY PROFILE,Weekly - 52 Issues
683307,57549,Echo of Fame,Weeklies,2023-12-18,2024-01-01,8.49,ENTERTAINMENT,TRIBUTE,Bi-Weekly - 26 Issues
676581,64801,Title SIP,SIP,2023-12-25,2024-03-28,15.49,HUMAN CULTURE,TRAVEL,Quarterly - 04 Issues
706771,33972,Title SIP,SIP,2024-04-29,2024-08-01,15.49,OUTDOORS,OTHER SPORTS,Quarterly - 04 Issues
701994,67328,Title SIP,SIP,2024-02-26,2024-05-30,15.49,ENTERTAINMENT,CELEBRITY PROFILE,Semi-Annual - 02 Issue
654611,9425,Title SIP,SIP,2023-09-04,2023-12-07,15.49,FOOD,SPIRITS,Quarterly - 04 Issues
566210,33607,Starline Stories,Weeklies,2023-02-20,2023-03-06,8.49,ENTERTAINMENT,CELEBRITY PROFILE,Bi-Weekly - 26 Issues
645270,9388,Title SIP,SIP,2023-06-19,2023-09-21,15.49,FAMILY,CHILDREN,Quarterly - 04 Issues
673722,33964,Title SIP,SIP,2023-09-18,2023-12-21,15.49,ENTERTAINMENT,MUSIC,Quarterly - 04 Issues
665226,67311,Title SIP,SIP,2023-10-09,2024-01-11,8.49,PUZZLES,WORD SEEK,Semi-Annual - 02 Issue
572625,57983,Fame & Faces,Weeklies,2023-03-27,2023-04-10,8.49,ENTERTAINMENT,CELEBRITY PROFILE,Bi-Weekly - 26 Issues
662915,64803,Simply Woman,Weeklies,2023-11-20,2023-12-07,4.99,WOMENS,EVERYDAY LIVING,Weekly - 52 Issues
677569,57984,Fame & Faces,Weeklies,2023-10-02,2023-10-16,8.49,ENTERTAINMENT,CELEBRITY PROFILE,Weekly - 52 Issues
641713,57601,Spotlight Lives,Weeklies,2023-06-19,2023-07-03,8.49,ENTERTAINMENT,CELEBRITY PROFILE,Bi-Weekly - 26 Issues
677191,57607,Starline Stories,Weeklies,2023-11-20,2023-12-04,8.49,ENTERTAINMENT,CELEBRITY PROFILE,Bi-Weekly - 26 Issues
650936,57984,Fame & Faces,Weeklies,2023-06-26,2023-07-10,8.49,ENTERTAINMENT,CELEBRITY PROFILE,Weekly - 52 Issues
706161,9291,Title SIP,SIP,2024-05-06,2024-08-08,15.49,ENTERTAINMENT,TRIBUTE,Quarterly - 04 Issues
683200,33951,Title SIP,SIP,2024-01-15,2024-04-18,11.49,PUZZLES,LOGIC,Quarterly - 04 Issues
689078,41091,Title SIP,SIP,2024-02-26,2024-05-30,15.49,FOOD,EVERYDAY EATING,Quarterly - 04 Issues
704517,33998,Title SIP,SIP,2024-04-15,2024-07-18,15.49,FOOD,HEALTHY EATING,Quarterly - 04 Issues
672240,9301,Title SIP,SIP,2024-01-15,2024-04-18,15.49,ENTERTAINMENT,MUSIC,Quarterly - 04 Issues
688013,33961,Title SIP,SIP,2024-01-29,2024-05-02,11.49,HOBBY,ACTIVITY / COLORING,Quarterly - 04 Issues
684454,33996,Title SIP,SIP,2024-01-22,2024-04-25,15.49,FOOD,HEALTHY EATING,Quarterly - 04 Issues
710314,57984,Fame & Faces,Weeklies,2024-04-01,2024-04-15,8.49,ENTERTAINMENT,CELEBRITY PROFILE,Weekly - 52 Issues
556562,64453,Everyday Bloom,Weeklies,2023-01-30,2023-02-23,6.99,WOMENS,EVERYDAY LIVING,Bi-Weekly - 26 Issues
697561,57549,Echo of Fame,Weeklies,2024-03-11,2024-03-25,8.49,ENTERTAINMENT,TRIBUTE,Bi-Weekly - 26 Issues
702370,9410,Title SIP,SIP,2024-04-15,2024-07-18,15.49,HUMAN CULTURE,TRAVEL,Quarterly - 04 Issues
564828,33989,Title SIP,SIP,2023-02-27,2023-06-01,15.49,ENTERTAINMENT,MUSIC,Quarterly - 04 Issues
559080,33975,Title SIP,SIP,2023-02-06,2023-05-11,15.49,FAMILY,PETS,Quarterly - 04 Issues
555143,41240,Title SIP,SIP,2023-01-16,2023-04-20,14.49,HOME,BUILDING,Quarterly - 04 Issues
678628,57607,Starline Stories,Weeklies,2023-12-04,2023-12-18,8.49,ENTERTAINMENT,CELEBRITY PROFILE,Bi-Weekly - 26 Issues
654464,57607,Starline Stories,Weeklies,2023-06-19,2023-07-03,8.49,ENTERTAINMENT,CELEBRITY PROFILE,Bi-Weekly - 26 Issues
561645,33549,Echo of Fame,Weeklies,2023-01-23,2023-02-06,8.49,ENTERTAINMENT,CELEBRITY PROFILE,Weekly - 52 Issues
563872,64803,Simply Woman,Weeklies,2023-02-27,2023-03-16,4.99,WOMENS,EVERYDAY LIVING,Weekly - 52 Issues
575368,64451,Everyday Bloom,Weeklies,2023-04-03,2023-04-27,5.99,WOMENS,EVERYDAY LIVING,Monthly - 12 Issues
653982,33957,Title SIP,SIP,2023-06-05,2023-09-07,11.49,FAMILY,CHILDREN,Quarterly - 04 Issues
672655,67320,Title SIP,SIP,2023-11-13,2024-02-15,15.49,ENTERTAINMENT,MOVIE / TELEVISION,Semi-Annual - 02 Issue
671652,64460,Title SIP,SIP,2023-11-27,2024-02-29,9.49,PUZZLES,WORD SEEK,Quarterly - 04 Issues
655157,64832,Title SIP,SIP,2023-11-06,2024-02-08,11.49,ENTERTAINMENT,TRIBUTE,Quarterly - 04 Issues
560918,33601,Spotlight Lives,Weeklies,2023-01-23,2023-02-06,8.49,ENTERTAINMENT,CELEBRITY PROFILE,Bi-Weekly - 26 Issues
653929,67327,Title SIP,SIP,2023-05-08,2023-08-10,15.49,ENTERTAINMENT,CELEBRITY PROFILE,Semi-Annual - 02 Issue
572494,41314,Title SIP,SIP,2023-04-03,2023-07-06,16.490000000000002,HUMAN CULTURE,MYSTERY/SCI-FI,Quarterly - 04 Issues
695135,57607,Starline Stories,Weeklies,2024-04-22,2024-05-06,8.49,ENTERTAINMENT,CELEBRITY PROFILE,Bi-Weekly - 26 Issues
679773,33583,Fame & Faces,Weeklies,2024-02-05,2024-02-19,8.49,ENTERTAINMENT,CELEBRITY PROFILE,Bi-Weekly - 26 Issues
678297,9412,Title SIP,SIP,2023-12-25,2024-03-28,15.49,HEALTH & FITNESS,PHYSICAL FITNESS,Quarterly - 04 Issues
584069,33968,Title SIP,SIP,2023-05-29,2023-08-31,15.49,ENTERTAINMENT,CELEBRITY PROFILE,Quarterly - 04 Issues
679132,64453,Everyday Bloom,Weeklies,2023-12-11,2024-01-04,6.99,WOMENS,EVERYDAY LIVING,Bi-Weekly - 26 Issues
566462,33999,Title SIP,SIP,2023-03-13,2023-06-15,15.49,ENTERTAINMENT,MOVIE / TELEVISION,Quarterly - 04 Issues
565443,64449,Simply Woman,Weeklies,2023-03-06,2023-03-23,4.99,WOMENS,EVERYDAY LIVING,Weekly - 52 Issues
659370,33964,Title SIP,SIP,2023-09-18,2023-12-21,15.49,ENTERTAINMENT,MUSIC,Quarterly - 04 Issues
659165,67374,Title SIP,SIP,2023-10-09,2024-01-11,15.49,PUZZLES,FILL-IN,Quarterly - 04 Issues
581993,9420,Title SIP,SIP,2023-06-05,2023-09-07,15.49,HUMAN CULTURE,MYSTERY/SCI-FI,Quarterly - 04 Issues
664305,33601,Spotlight Lives,Weeklies,2023-07-24,2023-08-07,8.49,ENTERTAINMENT,CELEBRITY PROFILE,Bi-Weekly - 26 Issues
649563,58005,Spotlight Lives,Weeklies,2023-08-21,2023-09-04,8.49,ENTERTAINMENT,CELEBRITY PROFILE,Weekly - 52 Issues
664231,57983,Fame & Faces,Weeklies,2023-09-11,2023-09-25,8.49,ENTERTAINMENT,CELEBRITY PROFILE,Bi-Weekly - 26 Issues
647527,41151,Title SIP,SIP,2023-09-18,2023-12-21,15.49,HUMAN CULTURE,MYSTERY/SCI-FI,Quarterly - 04 Issues
560521,57984,Fame & Faces,Weeklies,2023-02-06,2023-02-20,8.49,ENTERTAINMENT,CELEBRITY PROFILE,Weekly - 52 Issues
713932,64833,Title SIP,SIP,2024-06-03,2024-09-05,11.49,HUMAN CULTURE,SOCIAL,Quarterly - 04 Issues
676495,57601,Spotlight Lives,Weeklies,2023-12-18,2024-01-01,8.49,ENTERTAINMENT,CELEBRITY PROFILE,Bi-Weekly - 26 Issues
672800,64462,Title SIP,SIP,2024-02-12,2024-05-16,16.490000000000002,HUMAN CULTURE,RELIGION,Semi-Annual - 02 Issue
712012,64449,Simply Woman,Weeklies,2024-05-13,2024-05-30,4.99,WOMENS,EVERYDAY LIVING,Weekly - 52 Issues
684921,57549,Echo of Fame,Weeklies,2024-01-29,2024-02-12,8.49,ENTERTAINMENT,TRIBUTE,Bi-Weekly - 26 Issues
696855,41245,Title SIP,SIP,2024-04-22,2024-07-25,15.49,HUMAN CULTURE,MYSTERY/SCI-FI,Quarterly - 04 Issues
707174,64453,Everyday Bloom,Weeklies,2024-05-27,2024-06-13,6.99,WOMENS,EVERYDAY LIVING,Bi-Weekly - 26 Issues
691685,57984,Fame & Faces,Weeklies,2024-02-12,2024-02-26,8.49,ENTERTAINMENT,CELEBRITY PROFILE,Weekly - 52 Issues
663324,9428,Title SIP,SIP,2023-11-13,2024-02-15,15.49,AUTOMOTIVE,HIGH PERFORMANCE,Quarterly - 04 Issues
649471,64803,Simply Woman,Weeklies,2023-07-03,2023-07-20,4.99,WOMENS,EVERYDAY LIVING,Weekly - 52 Issues
716569,34012,Title SIP,SIP,2024-03-04,2024-06-06,15.49,HOME,BUILDING,Quarterly - 04 Issues
678992,9302,Title SIP,SIP,2024-02-12,2024-05-16,15.49,FOOD,EVERYDAY EATING,Quarterly - 04 Issues
700185,67317,Title SIP,SIP,2024-02-26,2024-05-30,15.49,ENTERTAINMENT,MOVIE / TELEVISION,Semi-Annual - 02 Issue
701713,41245,Title SIP,SIP,2024-04-22,2024-07-25,15.49,HUMAN CULTURE,MYSTERY/SCI-FI,Quarterly - 04 Issues
567871,33982,Title SIP,SIP,2023-03-13,2023-06-15,15.49,ENTERTAINMENT,MOVIE / TELEVISION,Quarterly - 04 Issues
575311,67392,Everyday Bloom,Weeklies,2023-04-24,2023-05-18,6.99,WOMENS,EVERYDAY LIVING,Monthly - 12 Issues
576788,9382,Title SIP,SIP,2023-05-22,2023-08-24,15.49,ENTERTAINMENT,MOVIE / TELEVISION,Quarterly - 04 Issues
668893,9289,Title SIP,SIP,2023-12-11,2024-03-14,15.49,SPORT,COMMEMORATIVE,Quarterly - 04 Issues
635716,33976,Title SIP,SIP,2023-06-26,2023-09-28,15.49,HUMAN CULTURE,TRAVEL,Quarterly - 04 Issues
566441,41315,Title SIP,SIP,2023-03-06,2023-06-08,14.49,HOBBY,VIDEO GAMES,Quarterly - 04 Issues
649473,57983,Fame & Faces,Weeklies,2023-07-31,2023-08-14,8.49,ENTERTAINMENT,CELEBRITY PROFILE,Bi-Weekly - 26 Issues
574254,67374,Title SIP,SIP,2023-04-24,2023-07-27,15.49,FAMILY,PETS,Quarterly - 04 Issues
636607,33993,Title SIP,SIP,2023-07-10,2023-10-12,15.49,FOOD,HEALTHY EATING,Quarterly - 04 Issues
575901,67315,Title SIP,SIP,2023-05-08,2023-08-10,15.49,ENTERTAINMENT,MOVIE / TELEVISION,Semi-Annual - 02 Issue
664544,41241,Title SIP,SIP,2023-08-14,2023-11-16,14.49,HOME,DECORATING,Quarterly - 04 Issues
674625,64466,Title SIP,SIP,2023-10-30,2024-02-01,15.49,PUZZLES,VARIETY,Semi-Annual - 02 Issue
555624,55606,Title SIP,SIP,2023-01-09,2023-04-13,11.45,HOBBY,ACTIVITY / COLORING,Monthly - 12 Issues
559631,33950,Title SIP,SIP,2023-01-23,2023-04-27,11.49,HOBBY,ACTIVITY / COLORING,Quarterly - 04 Issues
674617,34019,Title SIP,SIP,2023-11-27,2024-02-29,15.49,FAMILY,PETS,Quarterly - 04 Issues
688760,64451,Everyday Bloom,Weeklies,2024-03-18,2024-04-04,5.99,WOMENS,EVERYDAY LIVING,Monthly - 12 Issues
685989,9299,Title SIP,SIP,2024-03-11,2024-06-13,15.49,ENTERTAINMENT,MUSIC,Quarterly - 04 Issues
734145,33601,Spotlight Lives,Weeklies,2024-06-10,2024-06-24,8.49,ENTERTAINMENT,CELEBRITY PROFILE,Bi-Weekly - 26 Issues
566295,33990,Title SIP,SIP,2023-03-13,2023-06-15,15.49,ENTERTAINMENT,MOVIE / TELEVISION,Quarterly - 04 Issues
690719,67324,Title SIP,SIP,2023-12-11,2024-03-14,15.49,HEALTH & FITNESS,PHYSICAL FITNESS,Semi-Annual - 02 Issue
670078,57774,Title SIP,SIP,2023-11-27,2024-02-29,14.49,OUTDOORS,SURVIVAL,Quarterly - 04 Issues
660996,33986,Title SIP,SIP,2023-12-11,2024-03-14,15.49,HOBBY,VIDEO GAMES,Semi-Annual - 02 Issue
582202,33969,Title SIP,SIP,2023-05-29,2023-08-31,15.49,ENTERTAINMENT,MUSIC,Quarterly - 04 Issues
664275,33975,Title SIP,SIP,2023-10-02,2024-01-04,15.49,ENTERTAINMENT,MUSIC,Quarterly - 04 Issues
638003,58006,Starline Stories,Weeklies,2023-06-26,2023-07-10,9.49,ENTERTAINMENT,CELEBRITY PROFILE,Weekly - 52 Issues
660421,9427,Title SIP,SIP,2023-10-02,2024-01-04,15.49,ENTERTAINMENT,MOVIE / TELEVISION,Quarterly - 04 Issues
580974,9380,Title SIP,SIP,2023-05-29,2023-08-31,15.49,SPORT,BASKETBALL,Quarterly - 04 Issues
582928,64449,Simply Woman,Weeklies,2023-05-01,2023-05-18,4.99,WOMENS,EVERYDAY LIVING,Weekly - 52 Issues
690138,33583,Fame & Faces,Weeklies,2024-05-13,2024-05-27,8.49,ENTERTAINMENT,CELEBRITY PROFILE,Bi-Weekly - 26 Issues
678915,33996,Title SIP,SIP,2024-01-22,2024-04-25,15.49,FOOD,HEALTHY EATING,Quarterly - 04 Issues
697837,64459,Title SIP,SIP,2024-04-01,2024-07-04,9.49,PUZZLES,SUDOKU,Quarterly - 04 Issues
698340,41149,Title SIP,SIP,2024-04-29,2024-08-01,15.49,ENTERTAINMENT,CELEBRITY PROFILE,Quarterly - 04 Issues
715008,67344,Title SIP,SIP,2024-04-08,2024-07-11,9.49,PUZZLES,WORD SEEK,Quarterly - 04 Issues
684500,33549,Echo of Fame,Weeklies,2024-02-19,2024-03-04,8.49,ENTERTAINMENT,CELEBRITY PROFILE,Weekly - 52 Issues
693779,33971,Title SIP,SIP,2024-02-05,2024-05-09,15.49,HEALTH & FITNESS,WELLNESS/EMOTIONAL HEALTH,Quarterly - 04 Issues
722928,64451,Everyday Bloom,Weeklies,2024-05-13,2024-05-30,6.99,WOMENS,EVERYDAY LIVING,Monthly - 12 Issues
732348,64803,Simply Woman,Weeklies,2024-06-17,2024-07-04,4.99,WOMENS,EVERYDAY LIVING,Weekly - 52 Issues
685226,64454,Title SIP,SIP,2024-02-19,2024-05-23,8.49,PUZZLES,SUDOKU,Quarterly - 04 Issues
717704,64461,Title SIP,SIP,2024-05-27,2024-08-29,9.49,PUZZLES,SUDOKU,Quarterly - 04 Issues
644424,67341,Title SIP,SIP,2023-08-21,2023-11-23,8.49,PUZZLES,SUDOKU,Quarterly - 04 Issues
667838,64449,Simply Woman,Weeklies,2023-12-11,2023-12-28,4.99,WOMENS,EVERYDAY LIVING,Weekly - 52 Issues
560689,33549,Echo of Fame,Weeklies,2023-01-09,2023-01-23,8.49,ENTERTAINMENT,CELEBRITY PROFILE,Weekly - 52 Issues
690184,33977,Title SIP,SIP,2024-05-13,2024-08-15,15.49,NEWS & FINANCE,BUSINESS,Quarterly - 04 Issues
689452,57549,Echo of Fame,Weeklies,2024-01-01,2024-01-15,8.49,ENTERTAINMENT,TRIBUTE,Bi-Weekly - 26 Issues
678367,57984,Fame & Faces,Weeklies,2024-02-05,2024-02-19,8.49,ENTERTAINMENT,CELEBRITY PROFILE,Weekly - 52 Issues
573908,41312,Title SIP,SIP,2023-05-01,2023-08-03,16.490000000000002,OUTDOORS,SURVIVAL,Quarterly - 04 Issues
575733,41096,Title SIP,SIP,2023-05-08,2023-08-10,15.49,ENTERTAINMENT,MOVIE / TELEVISION,Quarterly - 04 Issues
575527,41152,Title SIP,SIP,2023-05-22,2023-08-24,15.49,ENTERTAINMENT,CELEBRITY PROFILE,Quarterly - 04 Issues
581076,41249,Title SIP,SIP,2023-06-05,2023-09-07,14.49,HOBBY,VIDEO GAMES,Quarterly - 04 Issues
672943,64451,Everyday Bloom,Weeklies,2023-10-30,2023-11-23,5.99,WOMENS,EVERYDAY LIVING,Monthly - 12 Issues
668267,33601,Spotlight Lives,Weeklies,2023-08-21,2023-09-04,8.49,ENTERTAINMENT,CELEBRITY PROFILE,Bi-Weekly - 26 Issues
663501,57607,Starline Stories,Weeklies,2023-09-25,2023-10-09,8.49,ENTERTAINMENT,CELEBRITY PROFILE,Bi-Weekly - 26 Issues
559918,64462,Title SIP,SIP,2023-02-13,2023-05-18,16.490000000000002,HUMAN CULTURE,RELIGION,Semi-Annual - 02 Issue
645033,41303,Title SIP,SIP,2023-07-31,2023-11-02,16.490000000000002,OUTDOORS,HUNT/FISH,Quarterly - 04 Issues
665541,33955,Title SIP,SIP,2023-10-09,2024-01-11,11.49,HOBBY,ACTIVITY / COLORING,Quarterly - 04 Issues
564947,9297,Title SIP,SIP,2023-03-06,2023-06-08,15.49,FOOD,HEALTHY EATING,Quarterly - 04 Issues
670897,33960,Title SIP,SIP,2023-10-23,2024-01-25,11.49,HOBBY,ACTIVITY / COLORING,Quarterly - 04 Issues
687292,64458,Title SIP,SIP,2024-01-29,2024-05-02,15.49,FOOD,EVERYDAY EATING,Quarterly - 04 Issues
677618,9304,Title SIP,SIP,2024-02-12,2024-05-16,15.49,ENTERTAINMENT,MUSIC,Quarterly - 04 Issues
554600,33964,Title SIP,SIP,2023-01-23,2023-04-27,15.49,ENTERTAINMENT,MUSIC,Quarterly - 04 Issues
686605,57601,Spotlight Lives,Weeklies,2023-12-04,2023-12-18,8.49,ENTERTAINMENT,CELEBRITY PROFILE,Bi-Weekly - 26 Issues
560669,67344,Title SIP,SIP,2023-02-06,2023-05-11,8.49,PUZZLES,SUDOKU,Quarterly - 04 Issues
560059,33951,Title SIP,SIP,2023-01-23,2023-04-27,11.49,PUZZLES,LOGIC,Quarterly - 04 Issues
665945,9384,Title SIP,SIP,2023-11-20,2024-02-22,15.49,ENTERTAINMENT,MUSIC,Quarterly - 04 Issues
665910,33979,Title SIP,SIP,2023-10-09,2024-01-11,15.49,ENTERTAINMENT,TRIBUTE,Quarterly - 04 Issues
574636,57983,Fame & Faces,Weeklies,2023-04-03,2023-04-17,8.49,ENTERTAINMENT,CELEBRITY PROFILE,Bi-Weekly - 26 Issues
566150,33549,Echo of Fame,Weeklies,2023-02-20,2023-03-06,8.49,ENTERTAINMENT,CELEBRITY PROFILE,Weekly - 52 Issues
556025,64459,Title SIP,SIP,2023-01-30,2023-05-04,8.49,PUZZLES,XWORD,Quarterly - 04 Issues
712786,67318,Title SIP,SIP,2024-03-18,2024-06-20,15.49,PUZZLES,FILL-IN,Semi-Annual - 02 Issue
669210,64473,Title SIP,SIP,2023-11-13,2024-02-15,15.49,ENTERTAINMENT,MUSIC,Semi-Annual - 02 Issue
569693,9307,Title SIP,SIP,2023-04-10,2023-07-13,15.49,SPORT,COMMEMORATIVE,Quarterly - 04 Issues
573175,33601,Spotlight Lives,Weeklies,2023-04-03,2023-04-17,8.49,ENTERTAINMENT,CELEBRITY PROFILE,Bi-Weekly - 26 Issues
637568,67341,Title SIP,SIP,2023-08-21,2023-11-23,8.49,PUZZLES,SUDOKU,Quarterly - 04 Issues
656935,33549,Echo of Fame,Weeklies,2023-07-24,2023-08-07,8.49,ENTERTAINMENT,CELEBRITY PROFILE,Weekly - 52 Issues
654223,64455,Title SIP,SIP,2023-07-31,2023-11-02,8.49,PUZZLES,WORD SEEK,Quarterly - 04 Issues
653321,34019,Title SIP,SIP,2023-08-14,2023-11-16,15.49,HUMAN CULTURE,TRAVEL,Quarterly - 04 Issues
566242,64801,Title SIP,SIP,2023-02-13,2023-05-18,16.490000000000002,SPORT,BASKETBALL,Quarterly - 04 Issues
675428,57607,Starline Stories,Weeklies,2024-01-15,2024-01-29,8.49,ENTERTAINMENT,CELEBRITY PROFILE,Bi-Weekly - 26 Issues
711339,67320,Title SIP,SIP,2024-03-25,2024-06-27,15.49,ENTERTAINMENT,CELEBRITY PROFILE,Semi-Annual - 02 Issue
672980,64462,Title SIP,SIP,2024-02-12,2024-05-16,16.490000000000002,HUMAN CULTURE,RELIGION,Semi-Annual - 02 Issue
674216,67369,Title SIP,SIP,2023-12-18,2024-03-21,15.49,HUMAN CULTURE,MYSTERY/SCI-FI,Quarterly - 04 Issues
695106,64832,Title SIP,SIP,2024-05-06,2024-06-27,11.49,HOME,DECORATING,Quarterly - 04 Issues
674195,33980,Title SIP,SIP,2024-02-05,2024-05-09,15.49,HOME,DECORATING,Quarterly - 04 Issues
692736,33607,Starline Stories,Weeklies,2024-05-27,2024-06-10,8.49,ENTERTAINMENT,CELEBRITY PROFILE,Bi-Weekly - 26 Issues
684639,9416,Title SIP,SIP,2024-01-15,2024-04-18,15.49,NEWS & FINANCE,FINANCE,Quarterly - 04 Issues
708329,58005,Spotlight Lives,Weeklies,2024-05-06,2024-05-20,8.49,ENTERTAINMENT,CELEBRITY PROFILE,Weekly - 52 Issues
712409,9295,Title SIP,SIP,2024-05-27,2024-08-29,15.49,ENTERTAINMENT,MUSIC,Quarterly - 04 Issues
707708,33601,Spotlight Lives,Weeklies,2024-05-27,2024-06-10,8.49,ENTERTAINMENT,CELEBRITY PROFILE,Bi-Weekly - 26 Issues
579128,41099,Title SIP,SIP,2023-05-15,2023-08-17,15.49,FAMILY,PETS,Quarterly - 04 Issues
572341,33607,Starline Stories,Weeklies,2023-03-20,2023-04-03,8.49,ENTERTAINMENT,CELEBRITY PROFILE,Bi-Weekly - 26 Issues
680039,57983,Fame & Faces,Weeklies,2023-10-09,2023-10-23,8.49,ENTERTAINMENT,CELEBRITY PROFILE,Bi-Weekly - 26 Issues
642620,67392,Everyday Bloom,Weeklies,2023-08-28,2023-09-21,5.99,WOMENS,EVERYDAY LIVING,Monthly - 12 Issues
560977,67369,Title SIP,SIP,2023-02-13,2023-05-18,15.49,ENTERTAINMENT,TRIBUTE,Quarterly - 04 Issues
554159,64440,Title SIP,SIP,2023-01-02,2023-04-06,15.49,ENTERTAINMENT,TRIBUTE,Quarterly - 04 Issues
663293,67327,Title SIP,SIP,2023-09-11,2023-12-14,15.49,CRAFTS,VARIETY,Semi-Annual - 02 Issue
652032,41318,Title SIP,SIP,2023-07-24,2023-10-26,14.49,HOBBY,VIDEO GAMES,Quarterly - 04 Issues
554901,33964,Title SIP,SIP,2023-01-23,2023-04-27,15.49,ENTERTAINMENT,MUSIC,Quarterly - 04 Issues
658403,33956,Title SIP,SIP,2023-10-30,2024-02-01,11.49,PUZZLES,LOGIC,Quarterly - 04 Issues
585862,9384,Title SIP,SIP,2023-06-12,2023-09-14,15.49,HUMAN CULTURE,TRAVEL,Quarterly - 04 Issues
554681,67314,Title SIP,SIP,2023-01-23,2023-04-27,15.49,PUZZLES,FILL-IN,Semi-Annual - 02 Issue
668252,9387,Title SIP,SIP,2023-11-20,2024-02-22,15.49,ENTERTAINMENT,MUSIC,Quarterly - 04 Issues
664541,67373,Title SIP,SIP,2023-10-02,2024-01-04,15.49,HEALTH & FITNESS,WELLNESS/EMOTIONAL HEALTH,Quarterly - 04 Issues
658480,64469,Title SIP,SIP,2023-09-25,2023-12-28,15.49,HEALTH & FITNESS,PHYSICAL FITNESS,Quarterly - 04 Issues
642369,58006,Starline Stories,Weeklies,2023-07-03,2023-07-17,9.49,ENTERTAINMENT,CELEBRITY PROFILE,Weekly - 52 Issues
696395,64454,Title SIP,SIP,2024-05-20,2024-08-22,11.49,PUZZLES,WORD SEEK,Quarterly - 04 Issues
688191,33549,Echo of Fame,Weeklies,2024-01-08,2024-01-22,8.49,ENTERTAINMENT,CELEBRITY PROFILE,Weekly - 52 Issues
352134,67309,Title SIP,SIP,2023-01-02,2023-04-06,15.49,ENTERTAINMENT,CELEBRITY PROFILE,Quarterly - 04 Issues
591687,33980,Title SIP,SIP,2023-06-19,2023-09-21,15.49,HOBBY,COMICS,Quarterly - 04 Issues
666672,64832,Title SIP,SIP,2023-11-06,2024-02-08,11.49,ENTERTAINMENT,TRIBUTE,Quarterly - 04 Issues
704007,64803,Simply Woman,Weeklies,2024-03-25,2024-04-11,4.99,WOMENS,EVERYDAY LIVING,Weekly - 52 Issues
685340,9417,Title SIP,SIP,2024-03-11,2024-06-13,15.49,HUMAN CULTURE,TRAVEL,Quarterly - 04 Issues
706453,64454,Title SIP,SIP,2024-05-20,2024-08-22,9.49,PUZZLES,WORD SEEK,Quarterly - 04 Issues
704240,64451,Everyday Bloom,Weeklies,2024-05-27,2024-06-13,5.99,WOMENS,EVERYDAY LIVING,Monthly - 12 Issues
698978,41245,Title SIP,SIP,2024-04-22,2024-07-25,15.49,HUMAN CULTURE,MYSTERY/SCI-FI,Quarterly - 04 Issues
704368,64449,Simply Woman,Weeklies,2024-05-13,2024-05-30,4.99,WOMENS,EVERYDAY LIVING,Weekly - 52 Issues
690278,34019,Title SIP,SIP,2024-03-18,2024-06-20,15.49,FOOD,EVERYDAY EATING,Quarterly - 04 Issues
687532,67374,Title SIP,SIP,2024-01-29,2024-05-02,15.49,ENTERTAINMENT,MOVIE / TELEVISION,Quarterly - 04 Issues
699972,33601,Spotlight Lives,Weeklies,2024-03-04,2024-03-18,8.49,ENTERTAINMENT,CELEBRITY PROFILE,Bi-Weekly - 26 Issues
679294,57984,Fame & Faces,Weeklies,2023-12-18,2024-01-01,8.49,ENTERTAINMENT,CELEBRITY PROFILE,Weekly - 52 Issues
695760,33999,Title SIP,SIP,2024-04-01,2024-07-04,15.49,FOOD,HEALTHY EATING,Quarterly - 04 Issues
648558,33976,Title SIP,SIP,2023-10-23,2024-01-25,15.49,ENTERTAINMENT,MOVIE / TELEVISION,Quarterly - 04 Issues
554683,41156,Title SIP,SIP,2023-01-16,2023-04-20,14.49,HOME,DECORATING,Quarterly - 04 Issues
654656,64803,Simply Woman,Weeklies,2023-07-17,2023-08-03,4.99,WOMENS,EVERYDAY LIVING,Weekly - 52 Issues
306165,67322,Title SIP,SIP,2023-01-02,2023-04-06,15.49,FOOD,EVERYDAY EATING,Semi-Annual - 02 Issue
580103,64803,Simply Woman,Weeklies,2023-05-22,2023-06-08,4.99,WOMENS,EVERYDAY LIVING,Weekly - 52 Issues
636024,64449,Simply Woman,Weeklies,2023-06-12,2023-06-29,4.99,WOMENS,EVERYDAY LIVING,Weekly - 52 Issues
644014,33983,Title SIP,SIP,2023-06-26,2023-09-28,15.49,ENTERTAINMENT,MUSIC,Quarterly - 04 Issues
687239,9409,Title SIP,SIP,2023-11-27,2024-02-29,15.49,ENTERTAINMENT,CELEBRITY PROFILE,Quarterly - 04 Issues
572651,9308,Title SIP,SIP,2023-04-10,2023-07-13,15.49,HOBBY,WOOD CRAFT,Quarterly - 04 Issues
570565,9305,Title SIP,SIP,2023-04-03,2023-07-06,15.49,ENTERTAINMENT,MOVIE / TELEVISION,Quarterly - 04 Issues
573437,33962,Title SIP,SIP,2023-04-17,2023-07-20,11.49,PUZZLES,LOGIC,Quarterly - 04 Issues
571853,41154,Title SIP,SIP,2023-04-17,2023-07-20,14.49,OUTDOORS,SURVIVAL,Quarterly - 04 Issues
672754,9387,Title SIP,SIP,2023-11-20,2024-02-22,15.49,ENTERTAINMENT,MUSIC,Quarterly - 04 Issues
675579,67314,Title SIP,SIP,2023-12-11,2024-03-14,15.49,HUMAN CULTURE,HISTORY,Semi-Annual - 02 Issue
665891,34002,Title SIP,SIP,2023-11-06,2024-02-08,15.49,ENTERTAINMENT,MOVIE / TELEVISION,Semi-Annual - 02 Issue
574318,33549,Echo of Fame,Weeklies,2023-04-17,2023-05-01,8.49,ENTERTAINMENT,CELEBRITY PROFILE,Weekly - 52 Issues
698132,57983,Fame & Faces,Weeklies,2024-03-11,2024-03-25,8.49,ENTERTAINMENT,CELEBRITY PROFILE,Bi-Weekly - 26 Issues
678790,9294,Title SIP,SIP,2023-12-25,2024-03-28,15.49,HEALTH & FITNESS,WELLNESS/EMOTIONAL HEALTH,Quarterly - 04 Issues
635664,67320,Title SIP,SIP,2023-06-26,2023-09-28,15.49,ENTERTAINMENT,TRIBUTE,Semi-Annual - 02 Issue
667291,57549,Echo of Fame,Weeklies,2023-09-25,2023-10-09,8.49,ENTERTAINMENT,TRIBUTE,Bi-Weekly - 26 Issues
563967,64453,Everyday Bloom,Weeklies,2023-02-20,2023-03-16,6.99,WOMENS,EVERYDAY LIVING,Bi-Weekly - 26 Issues
684437,9387,Title SIP,SIP,2024-04-08,2024-07-11,15.49,ENTERTAINMENT,TRIBUTE,Quarterly - 04 Issues
684251,57549,Echo of Fame,Weeklies,2024-01-15,2024-01-29,8.49,ENTERTAINMENT,TRIBUTE,Bi-Weekly - 26 Issues
710931,57549,Echo of Fame,Weeklies,2024-02-26,2024-03-11,8.49,ENTERTAINMENT,TRIBUTE,Bi-Weekly - 26 Issues
700298,33601,Spotlight Lives,Weeklies,2024-04-15,2024-04-29,8.49,ENTERTAINMENT,CELEBRITY PROFILE,Bi-Weekly - 26 Issues
681634,9301,Title SIP,SIP,2024-01-15,2024-04-18,15.49,ENTERTAINMENT,MUSIC,Quarterly - 04 Issues
705332,57983,Fame & Faces,Weeklies,2024-04-22,2024-05-06,8.49,ENTERTAINMENT,CELEBRITY PROFILE,Bi-Weekly - 26 Issues
707789,33980,Title SIP,SIP,2024-05-06,2024-08-08,15.49,HOME,DECORATING,Quarterly - 04 Issues
720744,64451,Everyday Bloom,Weeklies,2024-06-10,2024-06-27,5.99,WOMENS,EVERYDAY LIVING,Monthly - 12 Issues
694444,57607,Starline Stories,Weeklies,2024-06-03,2024-06-17,8.49,ENTERTAINMENT,CELEBRITY PROFILE,Bi-Weekly - 26 Issues
686917,64453,Everyday Bloom,Weeklies,2024-02-12,2024-03-04,6.99,WOMENS,EVERYDAY LIVING,Bi-Weekly - 26 Issues
556133,61531,Title SIP,SIP,2023-01-16,2023-04-20,15.49,NEWS & FINANCE,BUSINESS,Quarterly - 04 Issues
688688,64460,Title SIP,SIP,2024-03-04,2024-06-06,9.49,PUZZLES,VARIETY,Quarterly - 04 Issues
677047,33607,Starline Stories,Weeklies,2024-02-05,2024-02-19,8.49,ENTERTAINMENT,CELEBRITY PROFILE,Bi-Weekly - 26 Issues
555558,9391,Title SIP,SIP,2023-01-23,2023-04-27,15.49,ENTERTAINMENT,MOVIE / TELEVISION,Quarterly - 04 Issues
558474,41246,Title SIP,SIP,2023-02-06,2023-05-11,14.49,HOBBY,VIDEO GAMES,Quarterly - 04 Issues
568761,33960,Title SIP,SIP,2023-04-17,2023-07-20,11.49,HOBBY,ACTIVITY / COLORING,Quarterly - 04 Issues
658752,64449,Simply Woman,Weeklies,2023-09-04,2023-09-21,4.99,WOMENS,EVERYDAY LIVING,Weekly - 52 Issues
573610,57607,Starline Stories,Weeklies,2023-03-27,2023-04-10,8.49,ENTERTAINMENT,CELEBRITY PROFILE,Bi-Weekly - 26 Issues
646860,9389,Title SIP,SIP,2023-07-10,2023-10-12,15.49,SPORT,FOOTBALL,Quarterly - 04 Issues
657987,33601,Spotlight Lives,Weeklies,2023-08-21,2023-09-04,8.49,ENTERTAINMENT,CELEBRITY PROFILE,Bi-Weekly - 26 Issues
666837,33601,Spotlight Lives,Weeklies,2023-10-16,2023-10-30,8.49,ENTERTAINMENT,CELEBRITY PROFILE,Bi-Weekly - 26 Issues
665713,33583,Fame & Faces,Weeklies,2023-11-13,2023-11-27,8.49,ENTERTAINMENT,CELEBRITY PROFILE,Bi-Weekly - 26 Issues
643138,67321,Title SIP,SIP,2023-07-03,2023-10-05,15.49,FOOD,SPIRITS,Semi-Annual - 02 Issue
674356,34017,Title SIP,SIP,2023-11-27,2024-02-29,15.49,ENTERTAINMENT,MOVIE / TELEVISION,Quarterly - 04 Issues
656632,41316,Title SIP,SIP,2023-07-17,2023-10-19,14.49,HOME,GARDEN,Quarterly - 04 Issues
651364,33601,Spotlight Lives,Weeklies,2023-08-07,2023-08-21,8.49,ENTERTAINMENT,CELEBRITY PROFILE,Bi-Weekly - 26 Issues
707587,64803,Simply Woman,Weeklies,2024-05-06,2024-05-23,4.99,WOMENS,EVERYDAY LIVING,Weekly - 52 Issues
710462,33601,Spotlight Lives,Weeklies,2024-06-10,2024-06-24,8.49,ENTERTAINMENT,CELEBRITY PROFILE,Bi-Weekly - 26 Issues
716182,57984,Fame & Faces,Weeklies,2024-06-03,2024-06-17,8.49,ENTERTAINMENT,CELEBRITY PROFILE,Weekly - 52 Issues
661056,67323,Title SIP,SIP,2023-12-11,2024-03-14,15.49,HUMAN CULTURE,TRAVEL,Semi-Annual - 02 Issue
671231,67321,Title SIP,SIP,2023-12-11,2024-03-14,16.490000000000002,SPORT,BASKETBALL,Semi-Annual - 02 Issue
671695,57601,Spotlight Lives,Weeklies,2023-10-23,2023-11-06,8.49,ENTERTAINMENT,CELEBRITY PROFILE,Bi-Weekly - 26 Issues
678356,33549,Echo of Fame,Weeklies,2023-11-27,2023-12-11,8.49,ENTERTAINMENT,CELEBRITY PROFILE,Weekly - 52 Issues
664307,9296,Title SIP,SIP,2023-08-14,2023-11-16,15.49,HUMAN CULTURE,TRAVEL,Quarterly - 04 Issues
673068,67311,Title SIP,SIP,2023-10-09,2024-01-11,8.49,PUZZLES,WORD SEEK,Semi-Annual - 02 Issue
687950,33601,Spotlight Lives,Weeklies,2023-12-25,2024-01-08,8.49,ENTERTAINMENT,CELEBRITY PROFILE,Bi-Weekly - 26 Issues
701278,64457,Title SIP,SIP,2024-04-29,2024-08-01,9.49,PUZZLES,SUDOKU,Bi-Monthly - 06 Issues
683882,33960,Title SIP,SIP,2024-02-19,2024-05-23,11.49,HOBBY,ACTIVITY / COLORING,Quarterly - 04 Issues
692030,64451,Everyday Bloom,Weeklies,2024-02-12,2024-03-04,5.99,WOMENS,EVERYDAY LIVING,Monthly - 12 Issues
706292,57607,Starline Stories,Weeklies,2024-05-06,2024-05-20,8.49,ENTERTAINMENT,CELEBRITY PROFILE,Bi-Weekly - 26 Issues
701107,33987,Title SIP,SIP,2024-05-27,2024-08-29,16.490000000000002,SPORT,FOOTBALL,Semi-Annual - 02 Issue
714399,64453,Everyday Bloom,Weeklies,2024-03-25,2024-04-11,6.99,WOMENS,EVERYDAY LIVING,Bi-Weekly - 26 Issues
709154,67323,Title SIP,SIP,2024-06-03,2024-09-05,15.49,HOBBY,VIDEO GAMES,Semi-Annual - 02 Issue
682769,67372,Title SIP,SIP,2024-01-15,2024-04-18,15.49,ENTERTAINMENT,MOVIE / TELEVISION,Quarterly - 04 Issues
663759,57610,Title SIP,SIP,2023-10-30,2024-01-01,7.49,ENTERTAINMENT,TRIBUTE,Quarterly - 04 Issues
668317,33970,Title SIP,SIP,2023-10-30,2024-02-01,15.49,FOOD,HEALTHY EATING,Quarterly - 04 Issues
642452,67301,Title SIP,SIP,2023-07-03,2023-10-05,15.49,WOMENS,EVERYDAY LIVING,Quarterly - 04 Issues
683386,67301,Title SIP,SIP,2023-11-27,2024-02-29,15.49,ENTERTAINMENT,CELEBRITY PROFILE,Quarterly - 04 Issues
583830,33969,Title SIP,SIP,2023-05-29,2023-08-31,15.49,ENTERTAINMENT,MUSIC,Quarterly - 04 Issues
660086,58005,Spotlight Lives,Weeklies,2023-08-28,2023-09-11,8.49,ENTERTAINMENT,CELEBRITY PROFILE,Weekly - 52 Issues
660660,9379,Title SIP,SIP,2023-10-23,2024-01-25,15.49,ENTERTAINMENT,MUSIC,Quarterly - 04 Issues
645256,34012,Title SIP,SIP,2023-07-31,2023-11-02,15.49,FOOD,HEALTHY EATING,Quarterly - 04 Issues
640813,33990,Title SIP,SIP,2023-07-03,2023-10-05,15.49,ENTERTAINMENT,CELEBRITY PROFILE,Quarterly - 04 Issues
565756,57983,Fame & Faces,Weeklies,2023-02-13,2023-02-27,8.49,ENTERTAINMENT,CELEBRITY PROFILE,Bi-Weekly - 26 Issues
645019,57549,Echo of Fame,Weeklies,2023-07-31,2023-08-14,8.49,ENTERTAINMENT,TRIBUTE,Bi-Weekly - 26 Issues
639259,57549,Echo of Fame,Weeklies,2023-07-17,2023-07-31,8.49,ENTERTAINMENT,TRIBUTE,Bi-Weekly - 26 Issues
672454,34015,Title SIP,SIP,2023-11-20,2024-02-22,15.49,ENTERTAINMENT,CELEBRITY PROFILE,Quarterly - 04 Issues
655735,64803,Simply Woman,Weeklies,2023-07-17,2023-08-03,4.99,WOMENS,EVERYDAY LIVING,Weekly - 52 Issues
578549,41096,Title SIP,SIP,2023-05-08,2023-08-10,15.49,ENTERTAINMENT,MOVIE / TELEVISION,Quarterly - 04 Issues
683104,57601,Spotlight Lives,Weeklies,2024-03-11,2024-03-25,8.49,ENTERTAINMENT,CELEBRITY PROFILE,Bi-Weekly - 26 Issues
691640,9421,Title SIP,SIP,2024-04-22,2024-07-25,15.49,HOBBY,COMICS,Quarterly - 04 Issues
679141,57984,Fame & Faces,Weeklies,2023-12-04,2023-12-18,8.49,ENTERTAINMENT,CELEBRITY PROFILE,Weekly - 52 Issues
672806,67328,Title SIP,SIP,2023-10-23,2024-01-25,16.490000000000002,ENTERTAINMENT,CELEBRITY PROFILE,Semi-Annual - 02 Issue
663953,57549,Echo of Fame,Weeklies,2023-08-28,2023-09-11,8.49,ENTERTAINMENT,TRIBUTE,Bi-Weekly - 26 Issues
682585,33549,Echo of Fame,Weeklies,2023-11-13,2023-11-27,8.49,ENTERTAINMENT,CELEBRITY PROFILE,Weekly - 52 Issues
677812,67319,Title SIP,SIP,2023-11-20,2024-02-22,15.49,HUMAN CULTURE,CALENDAR,Semi-Annual - 02 Issue
636497,64478,Title SIP,SIP,2023-07-31,2023-11-02,15.49,ENTERTAINMENT,MUSIC,Quarterly - 04 Issues
585665,33981,Title SIP,SIP,2023-06-19,2023-09-21,15.49,HEALTH & FITNESS,WELLNESS/EMOTIONAL HEALTH,Quarterly - 04 Issues
656544,9416,Title SIP,SIP,2023-10-09,2024-01-11,15.49,FOOD,EVERYDAY EATING,Quarterly - 04 Issues
555933,41242,Title SIP,SIP,2023-01-23,2023-04-27,14.49,HOME,DECORATING,Quarterly - 04 Issues
573328,41318,Title SIP,SIP,2023-03-27,2023-06-29,14.49,OUTDOORS,SURVIVAL,Quarterly - 04 Issues
653019,9303,Title SIP,SIP,2023-09-11,2023-12-14,15.49,NEWS & FINANCE,BUSINESS,Quarterly - 04 Issues
576597,64466,Title SIP,SIP,2023-05-29,2023-08-31,15.49,ENTERTAINMENT,CELEBRITY PROFILE,Semi-Annual - 02 Issue
657508,58005,Spotlight Lives,Weeklies,2023-07-10,2023-07-24,8.49,ENTERTAINMENT,CELEBRITY PROFILE,Weekly - 52 Issues
664817,33950,Title SIP,SIP,2024-01-08,2024-04-11,11.49,HOBBY,ACTIVITY / COLORING,Quarterly - 04 Issues
701911,57774,Title SIP,SIP,2024-03-25,2024-06-27,14.49,OUTDOORS,SURVIVAL,Quarterly - 04 Issues
702507,67343,Title SIP,SIP,2024-03-25,2024-06-27,8.49,PUZZLES,XWORD,Quarterly - 04 Issues
697221,58005,Spotlight Lives,Weeklies,2024-02-26,2024-03-11,8.49,ENTERTAINMENT,CELEBRITY PROFILE,Weekly - 52 Issues
649151,64453,Everyday Bloom,Weeklies,2023-07-17,2023-08-10,6.99,WOMENS,EVERYDAY LIVING,Bi-Weekly - 26 Issues
555286,64242,Title SIP,SIP,2023-01-02,2023-04-06,15.49,ENTERTAINMENT,MOVIE / TELEVISION,Monthly - 12 Issues
580886,41150,Title SIP,SIP,2023-05-15,2023-08-17,15.49,ENTERTAINMENT,MOVIE / TELEVISION,Quarterly - 04 Issues
683397,57549,Echo of Fame,Weeklies,2024-01-01,2024-01-15,8.49,ENTERTAINMENT,TRIBUTE,Bi-Weekly - 26 Issues
684891,67372,Title SIP,SIP,2024-01-15,2024-04-18,15.49,ENTERTAINMENT,MOVIE / TELEVISION,Quarterly - 04 Issues
686269,57984,Fame & Faces,Weeklies,2023-11-13,2023-11-27,8.49,ENTERTAINMENT,CELEBRITY PROFILE,Weekly - 52 Issues
672760,64460,Title SIP,SIP,2023-11-27,2024-02-29,9.49,PUZZLES,WORD SEEK,Quarterly - 04 Issues
642077,57983,Fame & Faces,Weeklies,2023-08-07,2023-08-21,8.49,ENTERTAINMENT,CELEBRITY PROFILE,Bi-Weekly - 26 Issues
641898,33969,Title SIP,SIP,2023-09-25,2023-12-28,15.49,ENTERTAINMENT,TRIBUTE,Quarterly - 04 Issues
649505,33963,Title SIP,SIP,2023-08-21,2023-11-23,11.49,PUZZLES,LOGIC,Quarterly - 04 Issues
570992,33583,Fame & Faces,Weeklies,2023-03-20,2023-04-03,8.49,ENTERTAINMENT,CELEBRITY PROFILE,Bi-Weekly - 26 Issues
668625,33607,Starline Stories,Weeklies,2023-09-04,2023-09-18,8.49,ENTERTAINMENT,CELEBRITY PROFILE,Bi-Weekly - 26 Issues
712434,41307,Title SIP,SIP,2024-03-18,2024-06-20,15.49,SPORT,BASKETBALL,Quarterly - 04 Issues
368909,67371,Title SIP,SIP,2023-01-02,2023-04-06,15.49,HOBBY,VIDEO GAMES,Quarterly - 04 Issues
650655,41241,Title SIP,SIP,2023-08-14,2023-11-16,14.49,HOME,DECORATING,Quarterly - 04 Issues
629947,33970,Title SIP,SIP,2023-07-03,2023-10-05,15.49,ENTERTAINMENT,MOVIE / TELEVISION,Quarterly - 04 Issues
565782,64803,Simply Woman,Weeklies,2023-02-13,2023-03-02,4.99,WOMENS,EVERYDAY LIVING,Weekly - 52 Issues
642975,33601,Spotlight Lives,Weeklies,2023-06-12,2023-06-26,8.49,ENTERTAINMENT,CELEBRITY PROFILE,Bi-Weekly - 26 Issues
572643,33601,Spotlight Lives,Weeklies,2023-04-17,2023-05-01,8.49,ENTERTAINMENT,CELEBRITY PROFILE,Bi-Weekly - 26 Issues
585522,33549,Echo of Fame,Weeklies,2023-05-29,2023-06-12,8.49,ENTERTAINMENT,CELEBRITY PROFILE,Weekly - 52 Issues
647655,64455,Title SIP,SIP,2023-07-31,2023-11-02,8.49,PUZZLES,WORD SEEK,Quarterly - 04 Issues
569625,41316,Title SIP,SIP,2023-03-13,2023-06-15,14.49,HOME,GARDEN,Quarterly - 04 Issues
579303,33971,Title SIP,SIP,2023-06-05,2023-09-07,15.49,HUMAN CULTURE,TRAVEL,Quarterly - 04 Issues
556063,64192,Title SIP,SIP,2023-01-02,2023-04-06,11.45,HOBBY,ACTIVITY / COLORING,Monthly - 12 Issues
657506,67327,Title SIP,SIP,2023-09-11,2023-12-14,15.49,CRAFTS,VARIETY,Semi-Annual - 02 Issue
554183,9389,Title SIP,SIP,2023-01-16,2023-04-20,15.49,WOMENS,EVERYDAY LIVING,Quarterly - 04 Issues
654016,57984,Fame & Faces,Weeklies,2023-08-28,2023-09-11,8.49,ENTERTAINMENT,CELEBRITY PROFILE,Weekly - 52 Issues
571510,64453,Everyday Bloom,Weeklies,2023-04-03,2023-04-27,6.99,WOMENS,EVERYDAY LIVING,Bi-Weekly - 26 Issues
693557,64803,Simply Woman,Weeklies,2024-05-06,2024-05-23,4.99,WOMENS,EVERYDAY LIVING,Weekly - 52 Issues
695227,41090,Title SIP,SIP,2024-04-01,2024-07-04,15.49,SPORT,COMMEMORATIVE,Quarterly - 04 Issues
579552,57983,Fame & Faces,Weeklies,2023-05-08,2023-05-22,8.49,ENTERTAINMENT,CELEBRITY PROFILE,Bi-Weekly - 26 Issues
648220,57549,Echo of Fame,Weeklies,2023-07-03,2023-07-17,8.49,ENTERTAINMENT,TRIBUTE,Bi-Weekly - 26 Issues
676844,67341,Title SIP,SIP,2023-12-11,2024-03-14,8.49,PUZZLES,SUDOKU,Quarterly - 04 Issues
658484,67323,Title SIP,SIP,2023-07-17,2023-10-19,15.49,HUMAN CULTURE,HISTORY,Semi-Annual - 02 Issue
564575,64457,Title SIP,SIP,2023-03-06,2023-06-08,8.49,PUZZLES,SUDOKU,Bi-Monthly - 06 Issues
681522,64467,Title SIP,SIP,2023-11-13,2024-02-15,16.490000000000002,HUMAN CULTURE,RELIGION,Semi-Annual - 02 Issue
660537,41099,Title SIP,SIP,2023-09-11,2023-12-14,15.49,SPORT,OTHER SPORTS,Quarterly - 04 Issues
556342,41156,Title SIP,SIP,2023-01-16,2023-04-20,14.49,HOME,DECORATING,Quarterly - 04 Issues
709375,64449,Simply Woman,Weeklies,2024-06-10,2024-06-27,4.99,WOMENS,EVERYDAY LIVING,Weekly - 52 Issues
683122,64459,Title SIP,SIP,2024-01-01,2024-04-04,8.49,PUZZLES,XWORD,Quarterly - 04 Issues
674972,64449,Simply Woman,Weeklies,2024-01-08,2024-01-25,4.99,WOMENS,EVERYDAY LIVING,Weekly - 52 Issues
721965,33957,Title SIP,SIP,2024-05-06,2024-08-08,11.49,HOBBY,ACTIVITY / COLORING,Quarterly - 04 Issues
676454,33583,Fame & Faces,Weeklies,2024-01-22,2024-02-05,8.49,ENTERTAINMENT,CELEBRITY PROFILE,Bi-Weekly - 26 Issues
676565,33980,Title SIP,SIP,2024-02-05,2024-05-09,15.49,HOME,DECORATING,Quarterly - 04 Issues
689861,41250,Title SIP,SIP,2024-01-29,2024-05-02,14.49,OUTDOORS,SURVIVAL,Quarterly - 04 Issues
697062,57983,Fame & Faces,Weeklies,2023-12-18,2024-01-01,8.49,ENTERTAINMENT,CELEBRITY PROFILE,Bi-Weekly - 26 Issues
708150,64451,Everyday Bloom,Weeklies,2024-06-10,2024-06-27,5.99,WOMENS,EVERYDAY LIVING,Monthly - 12 Issues
686916,34023,Title SIP,SIP,2024-04-29,2024-08-01,15.49,FOOD,SPIRITS,Quarterly - 04 Issues
681741,41250,Title SIP,SIP,2024-01-29,2024-05-02,14.49,OUTDOORS,SURVIVAL,Quarterly - 04 Issues
711050,9383,Title SIP,SIP,2024-04-01,2024-07-04,15.49,FOOD,EVERYDAY EATING,Quarterly - 04 Issues
644784,41155,Title SIP,SIP,2023-08-21,2023-10-26,14.49,SPORT,FOOTBALL,Quarterly - 04 Issues
675942,9379,Title SIP,SIP,2023-10-23,2024-01-25,15.49,ENTERTAINMENT,MUSIC,Quarterly - 04 Issues
647605,67324,Title SIP,SIP,2023-07-24,2023-10-26,15.49,SPORT,FOOTBALL,Semi-Annual - 02 Issue
652865,41093,Title SIP,SIP,2023-08-28,2023-11-30,15.49,HOME,DECORATING,Quarterly - 04 Issues
669475,33995,Title SIP,SIP,2023-10-30,2024-02-01,15.49,FOOD,EVERYDAY EATING,Semi-Annual - 02 Issue
682945,57549,Echo of Fame,Weeklies,2023-11-20,2023-12-04,8.49,ENTERTAINMENT,TRIBUTE,Bi-Weekly - 26 Issues
646857,41300,Title SIP,SIP,2023-07-03,2023-10-05,16.490000000000002,FAMILY,CHILDREN,Quarterly - 04 Issues
676019,64449,Simply Woman,Weeklies,2023-10-02,2023-10-19,4.99,WOMENS,EVERYDAY LIVING,Weekly - 52 Issues
576372,64803,Simply Woman,Weeklies,2023-04-24,2023-05-11,4.99,WOMENS,EVERYDAY LIVING,Weekly - 52 Issues
657024,33972,Title SIP,SIP,2023-10-02,2024-01-04,15.49,HOME,BUILDING,Quarterly - 04 Issues
666690,64449,Simply Woman,Weeklies,2023-10-16,2023-11-02,4.99,WOMENS,EVERYDAY LIVING,Weekly - 52 Issues
567756,9306,Title SIP,SIP,2023-04-03,2023-07-06,15.49,FOOD,EVERYDAY EATING,Quarterly - 04 Issues
587572,33607,Starline Stories,Weeklies,2023-05-29,2023-06-12,8.49,ENTERTAINMENT,CELEBRITY PROFILE,Bi-Weekly - 26 Issues
666453,41092,Title SIP,SIP,2023-11-27,2024-02-29,15.49,SPORT,BASKETBALL,Quarterly - 04 Issues
704412,64803,Simply Woman,Weeklies,2024-04-08,2024-04-25,4.99,WOMENS,EVERYDAY LIVING,Weekly - 52 Issues
706544,67392,Everyday Bloom,Weeklies,2024-03-04,2024-03-21,5.99,WOMENS,EVERYDAY LIVING,Monthly - 12 Issues
681514,67345,Title SIP,SIP,2024-01-15,2024-04-18,8.49,PUZZLES,VARIETY,Quarterly - 04 Issues
705654,64803,Simply Woman,Weeklies,2024-02-26,2024-03-14,4.99,WOMENS,EVERYDAY LIVING,Weekly - 52 Issues
715603,41245,Title SIP,SIP,2024-04-22,2024-07-25,15.49,HUMAN CULTURE,MYSTERY/SCI-FI,Quarterly - 04 Issues
720417,33583,Fame & Faces,Weeklies,2024-06-10,2024-06-24,8.49,ENTERTAINMENT,CELEBRITY PROFILE,Bi-Weekly - 26 Issues
701036,34013,Title SIP,SIP,2024-03-18,2024-06-20,15.49,HOME,BUILDING,Quarterly - 04 Issues
710222,33607,Starline Stories,Weeklies,2024-06-10,2024-06-24,8.49,ENTERTAINMENT,CELEBRITY PROFILE,Bi-Weekly - 26 Issues
577321,9417,Title SIP,SIP,2023-05-08,2023-08-10,15.49,ENTERTAINMENT,CELEBRITY PROFILE,Quarterly - 04 Issues
645961,33549,Echo of Fame,Weeklies,2023-06-12,2023-06-26,8.49,ENTERTAINMENT,CELEBRITY PROFILE,Weekly - 52 Issues
655353,33549,Echo of Fame,Weeklies,2023-09-04,2023-09-18,8.49,ENTERTAINMENT,CELEBRITY PROFILE,Weekly - 52 Issues
569086,41299,Title SIP,SIP,2023-03-20,2023-06-22,14.49,ENTERTAINMENT,MUSIC,Quarterly - 04 Issues
562406,41246,Title SIP,SIP,2023-02-06,2023-05-11,14.49,HOBBY,VIDEO GAMES,Quarterly - 04 Issues
558713,33975,Title SIP,SIP,2023-02-06,2023-05-11,15.49,FAMILY,PETS,Quarterly - 04 Issues
563277,33995,Title SIP,SIP,2023-03-06,2023-06-08,15.49,HUMAN CULTURE,RELIGION,Semi-Annual - 02 Issue
723345,33549,Echo of Fame,Weeklies,2024-04-29,2024-05-13,8.49,ENTERTAINMENT,CELEBRITY PROFILE,Weekly - 52 Issues
713952,64803,Simply Woman,Weeklies,2024-06-03,2024-06-20,4.99,WOMENS,EVERYDAY LIVING,Weekly - 52 Issues
675371,41097,Title SIP,SIP,2023-12-25,2024-03-28,15.49,FOOD,HEALTHY EATING,Bi-Monthly - 06 Issues
688006,41152,Title SIP,SIP,2023-12-25,2024-03-28,15.49,HOME,DECORATING,Quarterly - 04 Issues
702746,64803,Simply Woman,Weeklies,2024-04-08,2024-04-25,4.99,WOMENS,EVERYDAY LIVING,Weekly - 52 Issues
691683,33601,Spotlight Lives,Weeklies,2024-04-29,2024-05-13,8.49,ENTERTAINMENT,CELEBRITY PROFILE,Bi-Weekly - 26 Issues
711514,9389,Title SIP,SIP,2024-04-22,2024-07-25,15.49,NEWS & FINANCE,NEWS & CURRENT EVENTS,Quarterly - 04 Issues
672740,67390,Title SIP,SIP,2024-02-19,2024-05-23,6.49,PUZZLES,SUDOKU,Quarterly - 04 Issues
696866,9386,Title SIP,SIP,2024-02-19,2024-05-23,15.49,ENTERTAINMENT,MUSIC,Quarterly - 04 Issues
695549,58006,Starline Stories,Weeklies,2024-02-26,2024-03-11,9.49,ENTERTAINMENT,CELEBRITY PROFILE,Weekly - 52 Issues
658264,57607,Starline Stories,Weeklies,2023-09-25,2023-10-09,8.49,ENTERTAINMENT,CELEBRITY PROFILE,Bi-Weekly - 26 Issues
555454,64194,Title SIP,SIP,2023-01-09,2023-04-13,14.49,HOME,DECORATING,Monthly - 12 Issues
656020,41096,Title SIP,SIP,2023-09-11,2023-12-14,15.49,ENTERTAINMENT,MOVIE / TELEVISION,Quarterly - 04 Issues
657098,64453,Everyday Bloom,Weeklies,2023-10-09,2023-11-02,6.99,WOMENS,EVERYDAY LIVING,Bi-Weekly - 26 Issues
709474,33953,Title SIP,SIP,2024-04-15,2024-07-18,11.49,PUZZLES,LOGIC,Quarterly - 04 Issues
722519,33601,Spotlight Lives,Weeklies,2024-05-27,2024-06-10,8.49,ENTERTAINMENT,CELEBRITY PROFILE,Bi-Weekly - 26 Issues
704184,57984,Fame & Faces,Weeklies,2024-03-11,2024-03-25,8.49,ENTERTAINMENT,CELEBRITY PROFILE,Weekly - 52 Issues
682234,58005,Spotlight Lives,Weeklies,2023-12-25,2024-01-08,8.49,ENTERTAINMENT,CELEBRITY PROFILE,Weekly - 52 Issues
687846,64453,Everyday Bloom,Weeklies,2024-03-04,2024-03-21,6.99,WOMENS,EVERYDAY LIVING,Bi-Weekly - 26 Issues
567468,9413,Title SIP,SIP,2023-03-20,2023-06-22,15.49,HEALTH & FITNESS,WELLNESS/EMOTIONAL HEALTH,Quarterly - 04 Issues
565075,9413,Title SIP,SIP,2023-03-20,2023-06-22,15.49,HEALTH & FITNESS,WELLNESS/EMOTIONAL HEALTH,Quarterly - 04 Issues
669385,9426,Title SIP,SIP,2023-10-02,2024-01-04,15.49,LIFESTYLE,SOCIAL,Quarterly - 04 Issues
664136,64803,Simply Woman,Weeklies,2023-09-11,2023-09-28,4.99,WOMENS,EVERYDAY LIVING,Weekly - 52 Issues
671201,67318,Title SIP,SIP,2023-11-13,2024-02-15,15.49,ENTERTAINMENT,MOVIE / TELEVISION,Semi-Annual - 02 Issue
672671,33986,Title SIP,SIP,2023-12-11,2024-03-14,15.49,HOBBY,VIDEO GAMES,Semi-Annual - 02 Issue
572005,64469,Title SIP,SIP,2023-04-10,2023-07-13,15.49,ENTERTAINMENT,MUSIC,Quarterly - 04 Issues
669790,9380,Title SIP,SIP,2023-10-23,2024-01-25,15.49,HEALTH & FITNESS,PHYSICAL FITNESS,Quarterly - 04 Issues
651509,64803,Simply Woman,Weeklies,2023-08-28,2023-09-14,4.99,WOMENS,EVERYDAY LIVING,Weekly - 52 Issues
577818,57607,Starline Stories,Weeklies,2023-04-24,2023-05-08,8.49,ENTERTAINMENT,CELEBRITY PROFILE,Bi-Weekly - 26 Issues
580816,57983,Fame & Faces,Weeklies,2023-05-22,2023-06-05,8.49,ENTERTAINMENT,CELEBRITY PROFILE,Bi-Weekly - 26 Issues
657667,33583,Fame & Faces,Weeklies,2023-10-30,2023-11-13,8.49,ENTERTAINMENT,CELEBRITY PROFILE,Bi-Weekly - 26 Issues
669112,33981,Title SIP,SIP,2023-11-06,2024-02-08,15.49,FAMILY,PETS,Quarterly - 04 Issues
626887,33985,Title SIP,SIP,2023-06-26,2023-09-28,15.49,ENTERTAINMENT,CELEBRITY PROFILE,Quarterly - 04 Issues
563397,33993,Title SIP,SIP,2023-03-06,2023-06-08,15.49,HOME,GARDEN,Quarterly - 04 Issues
666117,9307,Title SIP,SIP,2023-10-09,2024-01-11,15.49,SPORT,BASKETBALL,Quarterly - 04 Issues
696406,41250,Title SIP,SIP,2024-01-29,2024-05-02,14.49,OUTDOORS,SURVIVAL,Quarterly - 04 Issues
583188,9383,Title SIP,SIP,2023-05-29,2023-08-31,15.49,HEALTH & FITNESS,WELLNESS/EMOTIONAL HEALTH,Quarterly - 04 Issues
671290,33601,Spotlight Lives,Weeklies,2023-10-16,2023-10-30,8.49,ENTERTAINMENT,CELEBRITY PROFILE,Bi-Weekly - 26 Issues
585935,57549,Echo of Fame,Weeklies,2023-05-22,2023-06-05,8.49,ENTERTAINMENT,TRIBUTE,Bi-Weekly - 26 Issues
678151,67324,Title SIP,SIP,2023-12-11,2024-03-14,15.49,HEALTH & FITNESS,PHYSICAL FITNESS,Semi-Annual - 02 Issue
556520,67302,Title SIP,SIP,2023-01-16,2023-04-20,15.49,SPORT,COMMEMORATIVE,Semi-Annual - 02 Issue
571135,41154,Title SIP,SIP,2023-04-17,2023-07-20,14.49,OUTDOORS,SURVIVAL,Quarterly - 04 Issues
569341,34002,Title SIP,SIP,2023-03-27,2023-06-29,15.49,HEALTH & FITNESS,WELLNESS/EMOTIONAL HEALTH,Semi-Annual - 02 Issue
555157,61534,Title SIP,SIP,2023-01-09,2023-04-13,15.49,FOOD,HEALTHY EATING,Quarterly - 04 Issues
668694,64449,Simply Woman,Weeklies,2023-09-04,2023-09-21,4.99,WOMENS,EVERYDAY LIVING,Weekly - 52 Issues
648940,33607,Starline Stories,Weeklies,2023-07-10,2023-07-24,8.49,ENTERTAINMENT,CELEBRITY PROFILE,Bi-Weekly - 26 Issues
640945,9385,Title SIP,SIP,2023-06-19,2023-09-21,15.49,HEALTH & FITNESS,PHYSICAL FITNESS,Quarterly - 04 Issues
562365,57549,Echo of Fame,Weeklies,2023-01-30,2023-02-13,8.49,ENTERTAINMENT,TRIBUTE,Bi-Weekly - 26 Issues
668770,33984,Title SIP,SIP,2023-10-09,2024-01-11,15.49,HOBBY,COMPUTER & MUSIC TECH,Quarterly - 04 Issues
685337,33990,Title SIP,SIP,2024-04-08,2024-07-11,15.49,HOME,GARDEN,Quarterly - 04 Issues
694018,9409,Title SIP,SIP,2024-03-04,2024-06-06,15.49,HUMAN CULTURE,HISTORY,Quarterly - 04 Issues
675738,67314,Title SIP,SIP,2024-03-11,2024-06-13,15.49,SPORT,OTHER SPORTS,Semi-Annual - 02 Issue
701183,33956,Title SIP,SIP,2024-06-03,2024-09-05,14.49,FOOD,HEALTHY EATING,Quarterly - 04 Issues
713233,67392,Everyday Bloom,Weeklies,2024-06-17,2024-07-04,5.99,WOMENS,EVERYDAY LIVING,Monthly - 12 Issues
694502,57601,Spotlight Lives,Weeklies,2024-03-11,2024-03-25,8.49,ENTERTAINMENT,CELEBRITY PROFILE,Bi-Weekly - 26 Issues
690257,33980,Title SIP,SIP,2024-05-06,2024-08-08,15.49,HOME,DECORATING,Quarterly - 04 Issues
700293,33583,Fame & Faces,Weeklies,2024-03-18,2024-04-01,8.49,ENTERTAINMENT,CELEBRITY PROFILE,Bi-Weekly - 26 Issues
582280,57984,Fame & Faces,Weeklies,2023-05-29,2023-06-12,8.49,ENTERTAINMENT,CELEBRITY PROFILE,Weekly - 52 Issues
671350,58005,Spotlight Lives,Weeklies,2023-10-16,2023-10-30,8.49,ENTERTAINMENT,CELEBRITY PROFILE,Weekly - 52 Issues
587212,41245,Title SIP,SIP,2023-06-12,2023-09-14,14.49,HOBBY,VIDEO GAMES,Quarterly - 04 Issues
688587,33997,Title SIP,SIP,2024-01-29,2024-05-02,15.49,FOOD,HEALTHY EATING,Quarterly - 04 Issues
701874,33959,Title SIP,SIP,2024-02-26,2024-05-30,11.49,HOBBY,ACTIVITY / COLORING,Quarterly - 04 Issues
693830,33607,Starline Stories,Weeklies,2024-02-05,2024-02-19,8.49,ENTERTAINMENT,CELEBRITY PROFILE,Bi-Weekly - 26 Issues
708537,9412,Title SIP,SIP,2024-04-29,2024-08-01,15.49,HUMAN CULTURE,MILITARY,Quarterly - 04 Issues
691895,64449,Simply Woman,Weeklies,2024-04-15,2024-05-02,4.99,WOMENS,EVERYDAY LIVING,Weekly - 52 Issues
676334,33549,Echo of Fame,Weeklies,2024-01-22,2024-02-05,8.49,ENTERTAINMENT,CELEBRITY PROFILE,Weekly - 52 Issues
583095,33974,Title SIP,SIP,2023-05-22,2023-08-24,15.49,ENTERTAINMENT,CELEBRITY PROFILE,Quarterly - 04 Issues
665103,64451,Everyday Bloom,Weeklies,2023-11-20,2023-12-14,6.99,WOMENS,EVERYDAY LIVING,Monthly - 12 Issues
658791,41093,Title SIP,SIP,2023-08-28,2023-11-30,15.49,HOME,DECORATING,Quarterly - 04 Issues
643515,33993,Title SIP,SIP,2023-07-10,2023-10-12,15.49,FOOD,HEALTHY EATING,Quarterly - 04 Issues
579359,33954,Title SIP,SIP,2023-05-22,2023-08-24,11.49,HOBBY,ACTIVITY / COLORING,Quarterly - 04 Issues
563113,33954,Title SIP,SIP,2023-02-20,2023-05-25,11.49,HOBBY,ACTIVITY / COLORING,Quarterly - 04 Issues
665150,33953,Title SIP,SIP,2023-09-11,2023-12-14,11.49,HOBBY,ACTIVITY / COLORING,Quarterly - 04 Issues
667281,41309,Title SIP,SIP,2023-09-11,2023-12-14,16.490000000000002,ENTERTAINMENT,MUSIC,Quarterly - 04 Issues
639734,9388,Title SIP,SIP,2023-06-19,2023-09-21,15.49,FAMILY,CHILDREN,Quarterly - 04 Issues
655047,9297,Title SIP,SIP,2023-08-28,2023-11-30,15.49,ENTERTAINMENT,TRIBUTE,Quarterly - 04 Issues
583326,64799,Title SIP,SIP,2023-05-29,2023-08-31,15.49,HUMAN CULTURE,TRAVEL,Quarterly - 04 Issues
680547,67328,Title SIP,SIP,2023-10-23,2024-01-25,16.490000000000002,ENTERTAINMENT,CELEBRITY PROFILE,Semi-Annual - 02 Issue
644901,64449,Simply Woman,Weeklies,2023-06-26,2023-07-13,4.99,WOMENS,EVERYDAY LIVING,Weekly - 52 Issues
645141,57601,Spotlight Lives,Weeklies,2023-06-19,2023-07-03,8.49,ENTERTAINMENT,CELEBRITY PROFILE,Bi-Weekly - 26 Issues
582453,33601,Spotlight Lives,Weeklies,2023-05-15,2023-05-29,8.49,ENTERTAINMENT,CELEBRITY PROFILE,Bi-Weekly - 26 Issues
657689,57549,Echo of Fame,Weeklies,2023-09-11,2023-09-25,8.49,ENTERTAINMENT,TRIBUTE,Bi-Weekly - 26 Issues
570343,33959,Title SIP,SIP,2023-04-03,2023-07-06,11.49,HOBBY,ACTIVITY / COLORING,Quarterly - 04 Issues
655273,67372,Title SIP,SIP,2023-09-18,2023-12-21,15.49,ENTERTAINMENT,TRIBUTE,Quarterly - 04 Issues
673260,9300,Title SIP,SIP,2024-01-15,2024-04-18,15.49,ENTERTAINMENT,MUSIC,Quarterly - 04 Issues
717265,67324,Title SIP,SIP,2024-03-18,2024-06-20,15.49,ENTERTAINMENT,MOVIE / TELEVISION,Semi-Annual - 02 Issue
722154,33607,Starline Stories,Weeklies,2024-06-10,2024-06-24,8.49,ENTERTAINMENT,CELEBRITY PROFILE,Bi-Weekly - 26 Issues
704580,57983,Fame & Faces,Weeklies,2024-05-06,2024-05-20,8.49,ENTERTAINMENT,CELEBRITY PROFILE,Bi-Weekly - 26 Issues
693287,67327,Title SIP,SIP,2024-01-08,2024-04-11,15.49,ENTERTAINMENT,MOVIE / TELEVISION,Semi-Annual - 02 Issue
686694,41093,Title SIP,SIP,2023-12-11,2024-03-14,15.49,ENTERTAINMENT,MUSIC,Quarterly - 04 Issues
687528,33964,Title SIP,SIP,2023-12-04,2024-03-07,19.49,ENTERTAINMENT,MUSIC,Quarterly - 04 Issues
575800,33583,Fame & Faces,Weeklies,2023-04-17,2023-05-01,8.49,ENTERTAINMENT,CELEBRITY PROFILE,Bi-Weekly - 26 Issues
563002,33969,Title SIP,SIP,2023-02-06,2023-05-11,15.49,ENTERTAINMENT,MUSIC,Quarterly - 04 Issues
576607,57549,Echo of Fame,Weeklies,2023-05-08,2023-05-22,8.49,ENTERTAINMENT,TRIBUTE,Bi-Weekly - 26 Issues
654104,57607,Starline Stories,Weeklies,2023-06-19,2023-07-03,8.49,ENTERTAINMENT,CELEBRITY PROFILE,Bi-Weekly - 26 Issues
658194,57607,Starline Stories,Weeklies,2023-07-03,2023-07-17,8.49,ENTERTAINMENT,CELEBRITY PROFILE,Bi-Weekly - 26 Issues
651553,67322,Title SIP,SIP,2023-07-03,2023-10-05,15.49,ENTERTAINMENT,MOVIE / TELEVISION,Semi-Annual - 02 Issue
571599,67307,Title SIP,SIP,2023-04-24,2023-07-27,15.49,ENTERTAINMENT,MOVIE / TELEVISION,Quarterly - 04 Issues
680411,67372,Title SIP,SIP,2024-01-15,2024-04-18,15.49,ENTERTAINMENT,MOVIE / TELEVISION,Quarterly - 04 Issues
681939,33950,Title SIP,SIP,2024-01-08,2024-04-11,11.49,HOBBY,ACTIVITY / COLORING,Quarterly - 04 Issues
678364,64461,Title SIP,SIP,2024-02-19,2024-05-23,8.49,PUZZLES,WORD SEEK,Quarterly - 04 Issues
696158,67339,Title SIP,SIP,2024-04-01,2024-07-04,11.49,HOBBY,ACTIVITY / COLORING,Quarterly - 04 Issues
689235,34017,Title SIP,SIP,2024-03-04,2024-06-06,15.49,FOOD,EVERYDAY EATING,Quarterly - 04 Issues
714779,64832,Title SIP,SIP,2024-05-06,2024-06-27,11.49,HOME,DECORATING,Quarterly - 04 Issues
690815,41308,Title SIP,SIP,2024-04-08,2024-07-11,15.49,SPORT,FOOTBALL,Quarterly - 04 Issues
649705,67369,Title SIP,SIP,2023-07-31,2023-11-02,15.49,HOME,GARDEN,Quarterly - 04 Issues
579913,57984,Fame & Faces,Weeklies,2023-05-15,2023-05-29,8.49,ENTERTAINMENT,CELEBRITY PROFILE,Weekly - 52 Issues
714831,9308,Title SIP,SIP,2024-04-01,2024-07-04,15.49,ENTERTAINMENT,MUSIC,Quarterly - 04 Issues
688418,67316,Title SIP,SIP,2024-03-04,2024-06-06,15.49,ENTERTAINMENT,MOVIE / TELEVISION,Semi-Annual - 02 Issue
685462,33549,Echo of Fame,Weeklies,2023-12-25,2024-01-08,8.49,ENTERTAINMENT,CELEBRITY PROFILE,Weekly - 52 Issues
695410,41301,Title SIP,SIP,2024-01-22,2024-04-25,16.490000000000002,SPORT,FOOTBALL,Quarterly - 04 Issues
673080,57984,Fame & Faces,Weeklies,2023-12-25,2024-01-15,8.49,ENTERTAINMENT,CELEBRITY PROFILE,Weekly - 52 Issues
656864,64461,Title SIP,SIP,2023-07-24,2023-10-26,8.49,PUZZLES,SUDOKU,Quarterly - 04 Issues
557080,67344,Title SIP,SIP,2023-02-06,2023-05-11,8.49,PUZZLES,SUDOKU,Quarterly - 04 Issues
663734,64451,Everyday Bloom,Weeklies,2023-11-20,2023-12-14,6.99,WOMENS,EVERYDAY LIVING,Monthly - 12 Issues
679970,33968,Title SIP,SIP,2023-12-11,2024-03-14,15.49,ENTERTAINMENT,MUSIC,Quarterly - 04 Issues
636606,67320,Title SIP,SIP,2023-06-26,2023-09-28,15.49,ENTERTAINMENT,TRIBUTE,Semi-Annual - 02 Issue
649712,34016,Title SIP,SIP,2023-08-07,2023-11-09,15.49,HOME,DECORATING,Quarterly - 04 Issues
581233,9421,Title SIP,SIP,2023-06-12,2023-09-14,15.49,WOMENS,FASHION,Quarterly - 04 Issues
563553,64803,Simply Woman,Weeklies,2023-02-13,2023-03-02,4.99,WOMENS,EVERYDAY LIVING,Weekly - 52 Issues
687945,33601,Spotlight Lives,Weeklies,2023-11-27,2023-12-11,8.49,ENTERTAINMENT,CELEBRITY PROFILE,Bi-Weekly - 26 Issues
719387,67343,Title SIP,SIP,2024-03-25,2024-06-27,9.49,PUZZLES,XWORD,Quarterly - 04 Issues
562493,67326,Title SIP,SIP,2023-01-16,2023-04-20,16.490000000000002,ENTERTAINMENT,CELEBRITY PROFILE,Semi-Annual - 02 Issue
647637,9409,Title SIP,SIP,2023-07-03,2023-10-05,15.49,ENTERTAINMENT,CELEBRITY PROFILE,Quarterly - 04 Issues
667362,64801,Title SIP,SIP,2023-08-14,2023-11-16,15.49,ENTERTAINMENT,TRIBUTE,Quarterly - 04 Issues
559070,57607,Starline Stories,Weeklies,2023-01-02,2023-01-16,8.49,ENTERTAINMENT,CELEBRITY PROFILE,Bi-Weekly - 26 Issues
660732,57549,Echo of Fame,Weeklies,2023-09-25,2023-10-09,8.49,ENTERTAINMENT,TRIBUTE,Bi-Weekly - 26 Issues
671097,33549,Echo of Fame,Weeklies,2023-10-30,2023-11-13,8.49,ENTERTAINMENT,CELEBRITY PROFILE,Weekly - 52 Issues
654311,64460,Title SIP,SIP,2023-08-07,2023-11-09,9.49,PUZZLES,VARIETY,Quarterly - 04 Issues
588506,64449,Simply Woman,Weeklies,2023-05-29,2023-06-15,4.99,WOMENS,EVERYDAY LIVING,Weekly - 52 Issues
578270,41096,Title SIP,SIP,2023-05-08,2023-08-10,15.49,ENTERTAINMENT,MOVIE / TELEVISION,Quarterly - 04 Issues
688794,41096,Title SIP,SIP,2023-12-18,2024-03-21,15.49,HEALTH & FITNESS,PHYSICAL FITNESS,Quarterly - 04 Issues
721491,33957,Title SIP,SIP,2024-05-06,2024-08-08,11.49,HOBBY,ACTIVITY / COLORING,Quarterly - 04 Issues
676532,33952,Title SIP,SIP,2024-01-22,2024-04-25,11.49,PUZZLES,LOGIC,Quarterly - 04 Issues
664494,64832,Title SIP,SIP,2023-08-21,2023-11-23,11.49,HOME,DECORATING,Quarterly - 04 Issues
664262,9383,Title SIP,SIP,2023-11-06,2024-02-08,15.49,HUMAN CULTURE,HISTORY,Quarterly - 04 Issues
563711,33983,Title SIP,SIP,2023-02-20,2023-05-25,15.49,AUTOMOTIVE,CONTEMPORARY CARS,Quarterly - 04 Issues
563362,33972,Title SIP,SIP,2023-02-06,2023-05-11,15.49,ENTERTAINMENT,MOVIE / TELEVISION,Quarterly - 04 Issues
673493,57983,Fame & Faces,Weeklies,2023-10-23,2023-11-06,8.49,ENTERTAINMENT,CELEBRITY PROFILE,Bi-Weekly - 26 Issues
652132,67327,Title SIP,SIP,2023-05-08,2023-08-10,15.49,ENTERTAINMENT,CELEBRITY PROFILE,Semi-Annual - 02 Issue
648866,9291,Title SIP,SIP,2023-07-31,2023-11-02,15.49,ENTERTAINMENT,MUSIC,Quarterly - 04 Issues
580970,57549,Echo of Fame,Weeklies,2023-04-24,2023-05-08,8.49,ENTERTAINMENT,TRIBUTE,Bi-Weekly - 26 Issues
668602,33990,Title SIP,SIP,2023-10-30,2024-02-01,15.49,HUMAN CULTURE,CALENDAR,Quarterly - 04 Issues
572346,57984,Fame & Faces,Weeklies,2023-04-03,2023-04-17,8.49,ENTERTAINMENT,CELEBRITY PROFILE,Weekly - 52 Issues
718311,67370,Title SIP,SIP,2024-03-25,2024-06-27,15.49,ENTERTAINMENT,TRIBUTE,Quarterly - 04 Issues
695360,64449,Simply Woman,Weeklies,2024-04-29,2024-05-16,4.99,WOMENS,EVERYDAY LIVING,Weekly - 52 Issues
688220,64803,Simply Woman,Weeklies,2024-03-11,2024-03-28,4.99,WOMENS,EVERYDAY LIVING,Weekly - 52 Issues
703268,33549,Echo of Fame,Weeklies,2024-05-13,2024-05-27,8.49,ENTERTAINMENT,CELEBRITY PROFILE,Weekly - 52 Issues
699665,33962,Title SIP,SIP,2024-04-08,2024-07-11,11.49,HOBBY,ACTIVITY / COLORING,Quarterly - 04 Issues
686015,33954,Title SIP,SIP,2024-03-18,2024-06-20,11.49,PUZZLES,LOGIC,Quarterly - 04 Issues
672673,58005,Spotlight Lives,Weeklies,2023-12-11,2023-12-25,8.49,ENTERTAINMENT,CELEBRITY PROFILE,Weekly - 52 Issues
707831,33607,Starline Stories,Weeklies,2024-04-29,2024-05-13,8.49,ENTERTAINMENT,CELEBRITY PROFILE,Bi-Weekly - 26 Issues
554386,9409,Title SIP,SIP,2023-01-09,2023-04-13,15.49,HEALTH & FITNESS,PHYSICAL FITNESS,Quarterly - 04 Issues
672073,33962,Title SIP,SIP,2023-11-27,2024-02-29,11.49,HOBBY,ACTIVITY / COLORING,Quarterly - 04 Issues
571046,64475,Title SIP,SIP,2023-02-06,2023-05-11,15.49,SPORT,FOOTBALL,Quarterly - 04 Issues
558493,64458,Title SIP,SIP,2023-01-30,2023-05-04,15.49,FOOD,EVERYDAY EATING,Quarterly - 04 Issues
567857,64449,Simply Woman,Weeklies,2023-03-06,2023-03-23,4.99,WOMENS,EVERYDAY LIVING,Weekly - 52 Issues
577261,67370,Title SIP,SIP,2023-05-08,2023-08-10,15.49,HUMAN CULTURE,MYSTERY/SCI-FI,Quarterly - 04 Issues
663173,9303,Title SIP,SIP,2023-09-11,2023-12-14,15.49,NEWS & FINANCE,BUSINESS,Quarterly - 04 Issues
655765,57601,Spotlight Lives,Weeklies,2023-07-31,2023-08-14,8.49,ENTERTAINMENT,CELEBRITY PROFILE,Bi-Weekly - 26 Issues
663175,67344,Title SIP,SIP,2023-09-18,2023-12-21,8.49,PUZZLES,SUDOKU,Quarterly - 04 Issues
567595,34012,Title SIP,SIP,2023-04-10,2023-07-13,15.49,ENTERTAINMENT,TRIBUTE,Quarterly - 04 Issues
665119,41241,Title SIP,SIP,2023-11-20,2024-02-22,14.49,HOBBY,VIDEO GAMES,Quarterly - 04 Issues
668127,33983,Title SIP,SIP,2023-10-16,2024-01-18,15.49,ENTERTAINMENT,CELEBRITY PROFILE,Quarterly - 04 Issues
558397,33953,Title SIP,SIP,2023-01-30,2023-05-04,11.49,PUZZLES,LOGIC,Quarterly - 04 Issues
561689,41244,Title SIP,SIP,2023-01-30,2023-05-04,14.49,OUTDOORS,SURVIVAL,Quarterly - 04 Issues
676593,33961,Title SIP,SIP,2024-01-29,2024-05-02,11.49,HOBBY,ACTIVITY / COLORING,Quarterly - 04 Issues
554627,67327,Title SIP,SIP,2023-01-09,2023-04-13,15.49,SPORT,COMMEMORATIVE,Semi-Annual - 02 Issue
585212,33601,Spotlight Lives,Weeklies,2023-05-29,2023-06-12,8.49,ENTERTAINMENT,CELEBRITY PROFILE,Bi-Weekly - 26 Issues
556236,64198,Title SIP,SIP,2023-01-16,2023-04-20,15.49,ENTERTAINMENT,MOVIE / TELEVISION,Bi-Monthly - 06 Issues
568265,64803,Simply Woman,Weeklies,2023-03-27,2023-04-13,4.99,WOMENS,EVERYDAY LIVING,Weekly - 52 Issues
654411,64801,Title SIP,SIP,2023-08-14,2023-11-16,15.49,ENTERTAINMENT,TRIBUTE,Quarterly - 04 Issues
590067,33980,Title SIP,SIP,2023-06-19,2023-09-21,15.49,HOBBY,COMICS,Quarterly - 04 Issues
664628,58005,Spotlight Lives,Weeklies,2023-11-27,2023-12-11,8.49,ENTERTAINMENT,CELEBRITY PROFILE,Weekly - 52 Issues
714504,41249,Title SIP,SIP,2024-05-27,2024-08-29,14.49,HOBBY,VIDEO GAMES,Quarterly - 04 Issues
727606,57601,Spotlight Lives,Weeklies,2024-05-20,2024-06-03,8.49,ENTERTAINMENT,CELEBRITY PROFILE,Bi-Weekly - 26 Issues
699090,57601,Spotlight Lives,Weeklies,2024-04-22,2024-05-06,8.49,ENTERTAINMENT,CELEBRITY PROFILE,Bi-Weekly - 26 Issues
698315,67392,Everyday Bloom,Weeklies,2024-05-20,2024-06-06,5.99,WOMENS,EVERYDAY LIVING,Monthly - 12 Issues
664277,41155,Title SIP,SIP,2024-01-01,2024-04-04,15.49,FOOD,HEALTHY EATING,Quarterly - 04 Issues
682903,9295,Title SIP,SIP,2023-12-18,2024-03-21,15.49,HEALTH & FITNESS,WELLNESS/EMOTIONAL HEALTH,Quarterly - 04 Issues
705959,34019,Title SIP,SIP,2024-03-18,2024-06-20,15.49,FOOD,EVERYDAY EATING,Quarterly - 04 Issues
718894,33549,Echo of Fame,Weeklies,2024-05-13,2024-05-27,8.49,ENTERTAINMENT,CELEBRITY PROFILE,Weekly - 52 Issues
679103,33957,Title SIP,SIP,2024-02-05,2024-05-09,11.49,HOBBY,ACTIVITY / COLORING,Quarterly - 04 Issues
728399,57549,Echo of Fame,Weeklies,2024-06-17,2024-07-01,8.49,ENTERTAINMENT,TRIBUTE,Bi-Weekly - 26 Issues
703773,67306,Title SIP,SIP,2024-03-25,2024-06-27,15.49,ENTERTAINMENT,MOVIE / TELEVISION,Quarterly - 04 Issues
696702,58005,Spotlight Lives,Weeklies,2023-12-18,2024-01-01,8.49,ENTERTAINMENT,CELEBRITY PROFILE,Weekly - 52 Issues
322530,64453,Everyday Bloom,Weeklies,2023-01-09,2023-02-02,6.99,WOMENS,EVERYDAY LIVING,Bi-Weekly - 26 Issues
718359,41307,Title SIP,SIP,2024-03-18,2024-06-20,15.49,SPORT,BASKETBALL,Quarterly - 04 Issues
703174,33583,Fame & Faces,Weeklies,2024-03-04,2024-03-18,8.49,ENTERTAINMENT,CELEBRITY PROFILE,Bi-Weekly - 26 Issues
696965,9383,Title SIP,SIP,2024-04-01,2024-07-04,15.49,FOOD,EVERYDAY EATING,Quarterly - 04 Issues
653428,64453,Everyday Bloom,Weeklies,2023-07-17,2023-08-10,6.99,WOMENS,EVERYDAY LIVING,Bi-Weekly - 26 Issues
652917,9294,Title SIP,SIP,2023-08-07,2023-11-09,15.49,FOOD,EVERYDAY EATING,Quarterly - 04 Issues
660873,33970,Title SIP,SIP,2023-10-30,2024-02-01,15.49,FOOD,HEALTHY EATING,Quarterly - 04 Issues
647753,67321,Title SIP,SIP,2023-07-03,2023-10-05,15.49,FOOD,SPIRITS,Semi-Annual - 02 Issue
579491,57601,Spotlight Lives,Weeklies,2023-05-08,2023-05-22,8.49,ENTERTAINMENT,CELEBRITY PROFILE,Bi-Weekly - 26 Issues
575043,57549,Echo of Fame,Weeklies,2023-04-24,2023-05-08,8.49,ENTERTAINMENT,TRIBUTE,Bi-Weekly - 26 Issues
663668,34021,Title SIP,SIP,2023-12-04,2024-03-07,15.49,HUMAN CULTURE,HISTORY,Quarterly - 04 Issues
653045,9297,Title SIP,SIP,2023-08-28,2023-11-30,15.49,ENTERTAINMENT,TRIBUTE,Quarterly - 04 Issues
554672,67328,Title SIP,SIP,2023-01-09,2023-04-13,15.49,ENTERTAINMENT,MUSIC,Semi-Annual - 02 Issue
672770,33996,Title SIP,SIP,2023-10-09,2024-01-11,15.49,FOOD,HEALTHY EATING,Quarterly - 04 Issues
571120,9426,Title SIP,SIP,2023-04-17,2023-07-20,15.49,HUMAN CULTURE,TRAVEL,Quarterly - 04 Issues
632588,41316,Title SIP,SIP,2023-07-17,2023-10-19,14.49,HOME,GARDEN,Quarterly - 04 Issues
646635,33999,Title SIP,SIP,2023-07-17,2023-10-19,15.49,HUMAN CULTURE,MYSTERY/SCI-FI,Quarterly - 04 Issues
582196,64803,Simply Woman,Weeklies,2023-06-05,2023-06-22,4.99,WOMENS,EVERYDAY LIVING,Weekly - 52 Issues
678191,64449,Simply Woman,Weeklies,2023-12-11,2023-12-28,4.99,WOMENS,EVERYDAY LIVING,Weekly - 52 Issues
650657,33607,Starline Stories,Weeklies,2023-10-02,2023-10-16,8.49,ENTERTAINMENT,CELEBRITY PROFILE,Bi-Weekly - 26 Issues
581868,57601,Spotlight Lives,Weeklies,2023-05-08,2023-05-22,8.49,ENTERTAINMENT,CELEBRITY PROFILE,Bi-Weekly - 26 Issues
670164,57601,Spotlight Lives,Weeklies,2023-11-20,2023-12-04,8.49,ENTERTAINMENT,CELEBRITY PROFILE,Bi-Weekly - 26 Issues
642484,57549,Echo of Fame,Weeklies,2023-06-19,2023-07-03,8.49,ENTERTAINMENT,TRIBUTE,Bi-Weekly - 26 Issues
665787,67312,Title SIP,SIP,2023-10-23,2024-01-25,8.49,PUZZLES,XWORD,Semi-Annual - 02 Issue
574768,34006,Title SIP,SIP,2023-04-03,2023-07-06,15.49,HUMAN CULTURE,MYSTERY/SCI-FI,Quarterly - 04 Issues
561178,33607,Starline Stories,Weeklies,2023-01-09,2023-01-23,8.49,ENTERTAINMENT,CELEBRITY PROFILE,Bi-Weekly - 26 Issues
566672,67313,Title SIP,SIP,2023-03-20,2023-06-22,9.49,PUZZLES,VARIETY,Semi-Annual - 02 Issue
675831,67303,Title SIP,SIP,2023-12-04,2024-03-07,15.49,HOME,DECORATING,Quarterly - 04 Issues
575025,34021,Title SIP,SIP,2023-04-10,2023-07-13,15.49,ENTERTAINMENT,MOVIE / TELEVISION,Quarterly - 04 Issues
574779,41090,Title SIP,SIP,2023-05-01,2023-08-03,15.49,ENTERTAINMENT,CELEBRITY PROFILE,Quarterly - 04 Issues
657045,58005,Spotlight Lives,Weeklies,2023-06-26,2023-07-10,8.49,ENTERTAINMENT,CELEBRITY PROFILE,Weekly - 52 Issues
567880,64453,Everyday Bloom,Weeklies,2023-04-03,2023-04-27,6.99,WOMENS,EVERYDAY LIVING,Bi-Weekly - 26 Issues
713064,64456,Title SIP,SIP,2024-05-20,2024-08-22,11.49,HOBBY,ACTIVITY / COLORING,Quarterly - 04 Issues
678495,57601,Spotlight Lives,Weeklies,2023-12-18,2024-01-01,8.49,ENTERTAINMENT,CELEBRITY PROFILE,Bi-Weekly - 26 Issues
675728,57607,Starline Stories,Weeklies,2024-01-15,2024-01-29,8.49,ENTERTAINMENT,CELEBRITY PROFILE,Bi-Weekly - 26 Issues
705389,9412,Title SIP,SIP,2024-04-29,2024-08-01,15.49,HUMAN CULTURE,MILITARY,Quarterly - 04 Issues
696642,57549,Echo of Fame,Weeklies,2023-12-18,2024-01-01,8.49,ENTERTAINMENT,TRIBUTE,Bi-Weekly - 26 Issues
679464,41240,Title SIP,SIP,2024-01-08,2024-04-11,15.49,HEALTH & FITNESS,WELLNESS/EMOTIONAL HEALTH,Quarterly - 04 Issues
679856,33967,Title SIP,SIP,2023-12-25,2024-03-28,15.49,HOME,DECORATING,Quarterly - 04 Issues
715585,33976,Title SIP,SIP,2024-03-18,2024-06-20,15.49,HEALTH & FITNESS,PHYSICAL FITNESS,Quarterly - 04 Issues
658762,64453,Everyday Bloom,Weeklies,2023-09-18,2023-10-12,6.99,WOMENS,EVERYDAY LIVING,Bi-Weekly - 26 Issues
697260,9410,Title SIP,SIP,2024-04-15,2024-07-18,15.49,HUMAN CULTURE,TRAVEL,Quarterly - 04 Issues
714432,57601,Spotlight Lives,Weeklies,2024-06-03,2024-06-17,8.49,ENTERTAINMENT,CELEBRITY PROFILE,Bi-Weekly - 26 Issues
675504,33601,Spotlight Lives,Weeklies,2023-12-11,2023-12-25,8.49,ENTERTAINMENT,CELEBRITY PROFILE,Bi-Weekly - 26 Issues
582145,64803,Simply Woman,Weeklies,2023-05-08,2023-05-25,4.99,WOMENS,EVERYDAY LIVING,Weekly - 52 Issues
580018,33583,Fame & Faces,Weeklies,2023-05-29,2023-06-12,8.49,ENTERTAINMENT,CELEBRITY PROFILE,Bi-Weekly - 26 Issues
585148,67316,Title SIP,SIP,2023-05-22,2023-08-24,15.49,ENTERTAINMENT,MUSIC,Semi-Annual - 02 Issue
650177,33977,Title SIP,SIP,2023-10-09,2024-01-11,15.49,ENTERTAINMENT,CELEBRITY PROFILE,Quarterly - 04 Issues
582234,33975,Title SIP,SIP,2023-06-05,2023-09-07,15.49,HOME,DECORATING,Quarterly - 04 Issues
658746,41301,Title SIP,SIP,2023-09-18,2023-12-21,16.490000000000002,HUMAN CULTURE,MYSTERY/SCI-FI,Quarterly - 04 Issues
669951,33960,Title SIP,SIP,2023-10-23,2024-01-25,11.49,HOBBY,ACTIVITY / COLORING,Quarterly - 04 Issues
556574,64439,Title SIP,SIP,2023-01-02,2023-04-06,15.49,FOOD,EVERYDAY EATING,Quarterly - 04 Issues
675685,64475,Title SIP,SIP,2023-10-23,2024-01-25,15.49,ENTERTAINMENT,MOVIE / TELEVISION,Quarterly - 04 Issues
652233,64459,Title SIP,SIP,2023-09-11,2023-12-14,8.49,PUZZLES,WORD SEEK,Quarterly - 04 Issues
688482,33993,Title SIP,SIP,2023-12-11,2024-03-14,15.49,OUTDOORS,OTHER SPORTS,Quarterly - 04 Issues
700216,64832,Title SIP,SIP,2024-03-25,2024-06-27,11.49,HOME,DECORATING,Quarterly - 04 Issues
556584,41240,Title SIP,SIP,2023-01-16,2023-04-20,14.49,HOME,BUILDING,Quarterly - 04 Issues
562227,64803,Simply Woman,Weeklies,2023-01-30,2023-02-16,4.99,WOMENS,EVERYDAY LIVING,Weekly - 52 Issues
661296,67321,Title SIP,SIP,2023-12-11,2024-03-14,16.490000000000002,SPORT,BASKETBALL,Semi-Annual - 02 Issue
652678,57549,Echo of Fame,Weeklies,2023-07-17,2023-07-31,8.49,ENTERTAINMENT,TRIBUTE,Bi-Weekly - 26 Issues
568791,57601,Spotlight Lives,Weeklies,2023-03-13,2023-03-27,8.49,ENTERTAINMENT,CELEBRITY PROFILE,Bi-Weekly - 26 Issues
710169,64449,Simply Woman,Weeklies,2024-06-24,2024-07-11,4.99,WOMENS,EVERYDAY LIVING,Weekly - 52 Issues
711804,41250,Title SIP,SIP,2024-05-20,2024-08-22,14.49,OUTDOORS,SURVIVAL,Quarterly - 04 Issues
694140,64459,Title SIP,SIP,2024-04-01,2024-07-04,9.49,PUZZLES,SUDOKU,Quarterly - 04 Issues
689108,57983,Fame & Faces,Weeklies,2024-02-12,2024-02-26,8.49,ENTERTAINMENT,CELEBRITY PROFILE,Bi-Weekly - 26 Issues
685479,9305,Title SIP,SIP,2024-01-08,2024-04-11,15.49,ENTERTAINMENT,TRIBUTE,Quarterly - 04 Issues
733885,41304,Title SIP,SIP,2024-05-20,2024-08-22,15.49,HUMAN CULTURE,TRAVEL,Quarterly - 04 Issues
719682,9386,Title SIP,SIP,2024-02-19,2024-05-23,15.49,ENTERTAINMENT,MUSIC,Quarterly - 04 Issues
730465,9413,Title SIP,SIP,2024-05-20,2024-08-22,15.49,ENTERTAINMENT,TRIBUTE,Quarterly - 04 Issues
695591,67342,Title SIP,SIP,2024-03-18,2024-06-20,9.49,PUZZLES,WORD SEEK,Quarterly - 04 Issues
671003,64803,Simply Woman,Weeklies,2023-12-18,2024-01-04,4.99,WOMENS,EVERYDAY LIVING,Weekly - 52 Issues
688149,33954,Title SIP,SIP,2024-03-18,2024-06-20,11.49,PUZZLES,LOGIC,Quarterly - 04 Issues
688937,9289,Title SIP,SIP,2024-04-22,2024-07-25,16.490000000000002,ENTERTAINMENT,MUSIC,Quarterly - 04 Issues
707420,34002,Title SIP,SIP,2024-05-27,2024-08-29,16.490000000000002,SPORT,FOOTBALL,Semi-Annual - 02 Issue
664883,57607,Starline Stories,Weeklies,2023-11-06,2023-11-20,8.49,ENTERTAINMENT,CELEBRITY PROFILE,Bi-Weekly - 26 Issues
269098,9380,Title SIP,SIP,2023-01-02,2023-04-06,15.49,PUZZLES,VARIETY,Quarterly - 04 Issues
659416,33985,Title SIP,SIP,2023-10-16,2024-01-18,15.49,FOOD,EVERYDAY EATING,Quarterly - 04 Issues
565514,64801,Title SIP,SIP,2023-02-13,2023-05-18,16.490000000000002,SPORT,BASKETBALL,Quarterly - 04 Issues
571111,67372,Title SIP,SIP,2023-04-03,2023-07-06,15.49,HOBBY,COLLECTOR/MINIATURES,Quarterly - 04 Issues
649258,33583,Fame & Faces,Weeklies,2023-07-10,2023-07-24,8.49,ENTERTAINMENT,CELEBRITY PROFILE,Bi-Weekly - 26 Issues
558548,64477,Title SIP,SIP,2023-01-16,2023-04-20,15.49,ENTERTAINMENT,CELEBRITY PROFILE,Quarterly - 04 Issues
574107,9414,Title SIP,SIP,2023-04-03,2023-07-06,15.49,FOOD,HEALTHY EATING,Quarterly - 04 Issues
661727,33961,Title SIP,SIP,2023-07-31,2023-11-02,11.49,HOBBY,ACTIVITY / COLORING,Quarterly - 04 Issues
658010,34021,Title SIP,SIP,2023-08-14,2023-11-16,15.49,HUMAN CULTURE,MYSTERY/SCI-FI,Quarterly - 04 Issues
648746,33961,Title SIP,SIP,2023-07-31,2023-11-02,11.49,HOBBY,ACTIVITY / COLORING,Quarterly - 04 Issues
659041,9304,Title SIP,SIP,2023-09-18,2023-12-21,15.49,HUMAN CULTURE,HISTORY,Quarterly - 04 Issues
660764,34014,Title SIP,SIP,2023-07-31,2023-11-02,15.49,HOBBY,VIDEO GAMES,Quarterly - 04 Issues
673408,64466,Title SIP,SIP,2023-10-30,2024-02-01,15.49,PUZZLES,VARIETY,Semi-Annual - 02 Issue
651210,64803,Simply Woman,Weeklies,2023-07-03,2023-07-20,4.99,WOMENS,EVERYDAY LIVING,Weekly - 52 Issues
570685,33960,Title SIP,SIP,2023-04-17,2023-07-20,11.49,HOBBY,ACTIVITY / COLORING,Quarterly - 04 Issues
675949,33978,Title SIP,SIP,2023-10-09,2024-01-11,15.49,SPORT,COMMEMORATIVE,Quarterly - 04 Issues
572646,64453,Everyday Bloom,Weeklies,2023-04-24,2023-05-18,7.99,WOMENS,EVERYDAY LIVING,Bi-Weekly - 26 Issues
563163,64449,Simply Woman,Weeklies,2023-02-20,2023-03-09,4.99,WOMENS,EVERYDAY LIVING,Weekly - 52 Issues
658040,33961,Title SIP,SIP,2023-11-13,2024-02-15,11.49,HOBBY,ACTIVITY / COLORING,Quarterly - 04 Issues
655068,64449,Simply Woman,Weeklies,2023-06-12,2023-06-29,4.99,WOMENS,EVERYDAY LIVING,Weekly - 52 Issues
581234,33607,Starline Stories,Weeklies,2023-05-15,2023-05-29,8.49,ENTERTAINMENT,CELEBRITY PROFILE,Bi-Weekly - 26 Issues
653531,64449,Simply Woman,Weeklies,2023-08-07,2023-08-24,4.99,WOMENS,EVERYDAY LIVING,Weekly - 52 Issues
665786,33601,Spotlight Lives,Weeklies,2023-10-02,2023-10-16,8.49,ENTERTAINMENT,CELEBRITY PROFILE,Bi-Weekly - 26 Issues
675194,67373,Title SIP,SIP,2024-01-22,2024-04-25,15.49,ENTERTAINMENT,MOVIE / TELEVISION,Quarterly - 04 Issues
687226,67326,Title SIP,SIP,2023-12-25,2024-03-28,15.49,ENTERTAINMENT,MUSIC,Semi-Annual - 02 Issue
699953,57549,Echo of Fame,Weeklies,2024-02-26,2024-03-11,8.49,ENTERTAINMENT,TRIBUTE,Bi-Weekly - 26 Issues
680061,67392,Everyday Bloom,Weeklies,2024-01-22,2024-02-12,5.99,WOMENS,EVERYDAY LIVING,Monthly - 12 Issues
703958,33583,Fame & Faces,Weeklies,2024-04-29,2024-05-13,8.49,ENTERTAINMENT,CELEBRITY PROFILE,Bi-Weekly - 26 Issues
687496,33958,Title SIP,SIP,2024-02-12,2024-05-16,11.49,HOBBY,ACTIVITY / COLORING,Quarterly - 04 Issues
722391,64453,Everyday Bloom,Weeklies,2024-05-06,2024-05-23,6.99,WOMENS,EVERYDAY LIVING,Bi-Weekly - 26 Issues
685827,33951,Title SIP,SIP,2024-01-15,2024-04-18,11.49,PUZZLES,LOGIC,Quarterly - 04 Issues
672794,33977,Title SIP,SIP,2024-01-29,2024-05-02,15.49,NEWS & FINANCE,BUSINESS,Quarterly - 04 Issues
742962,34016,Title SIP,SIP,2024-06-03,2024-09-05,15.49,SPORT,OTHER SPORTS,Quarterly - 04 Issues
703073,41312,Title SIP,SIP,2024-02-19,2024-05-23,16.490000000000002,ENTERTAINMENT,MUSIC,Quarterly - 04 Issues
682828,57549,Echo of Fame,Weeklies,2024-01-29,2024-02-12,8.49,ENTERTAINMENT,TRIBUTE,Bi-Weekly - 26 Issues
712326,57607,Starline Stories,Weeklies,2024-06-17,2024-07-01,8.49,ENTERTAINMENT,CELEBRITY PROFILE,Bi-Weekly - 26 Issues
676176,64803,Simply Woman,Weeklies,2024-02-12,2024-02-29,4.99,WOMENS,EVERYDAY LIVING,Weekly - 52 Issues
661331,58005,Spotlight Lives,Weeklies,2023-10-02,2023-10-16,8.49,ENTERTAINMENT,CELEBRITY PROFILE,Weekly - 52 Issues
635658,9294,Title SIP,SIP,2023-08-07,2023-11-09,15.49,FOOD,EVERYDAY EATING,Quarterly - 04 Issues
711301,58005,Spotlight Lives,Weeklies,2024-06-03,2024-06-17,8.49,ENTERTAINMENT,CELEBRITY PROFILE,Weekly - 52 Issues
562270,33601,Spotlight Lives,Weeklies,2023-01-09,2023-01-23,8.49,ENTERTAINMENT,CELEBRITY PROFILE,Bi-Weekly - 26 Issues
566601,9425,Title SIP,SIP,2023-03-20,2023-06-22,15.49,ENTERTAINMENT,TRIBUTE,Quarterly - 04 Issues
653933,34012,Title SIP,SIP,2023-07-31,2023-11-02,15.49,FOOD,HEALTHY EATING,Quarterly - 04 Issues
657693,41250,Title SIP,SIP,2023-09-25,2023-12-28,14.49,OUTDOORS,SURVIVAL,Quarterly - 04 Issues
677728,67321,Title SIP,SIP,2023-12-11,2024-03-14,16.490000000000002,SPORT,BASKETBALL,Semi-Annual - 02 Issue
655756,67373,Title SIP,SIP,2023-10-02,2024-01-04,15.49,HEALTH & FITNESS,WELLNESS/EMOTIONAL HEALTH,Quarterly - 04 Issues
646083,67326,Title SIP,SIP,2023-06-26,2023-09-28,15.49,HUMAN CULTURE,HISTORY,Semi-Annual - 02 Issue
660759,33549,Echo of Fame,Weeklies,2023-09-18,2023-10-02,8.49,ENTERTAINMENT,CELEBRITY PROFILE,Weekly - 52 Issues
583509,57607,Starline Stories,Weeklies,2023-05-22,2023-06-05,8.49,ENTERTAINMENT,CELEBRITY PROFILE,Bi-Weekly - 26 Issues
651657,57601,Spotlight Lives,Weeklies,2023-07-17,2023-07-31,8.49,ENTERTAINMENT,CELEBRITY PROFILE,Bi-Weekly - 26 Issues
726227,64464,Title SIP,SIP,2024-05-13,2024-08-15,15.49,FOOD,EVERYDAY EATING,Semi-Annual - 02 Issue
708759,33607,Starline Stories,Weeklies,2024-03-04,2024-03-18,8.49,ENTERTAINMENT,CELEBRITY PROFILE,Bi-Weekly - 26 Issues
693258,67323,Title SIP,SIP,2024-06-03,2024-09-05,15.49,HOBBY,VIDEO GAMES,Semi-Annual - 02 Issue
564450,67374,Title SIP,SIP,2023-01-23,2023-04-27,15.49,FOOD,HEALTHY EATING,Quarterly - 04 Issues
660128,67339,Title SIP,SIP,2023-11-27,2024-01-25,11.49,HOBBY,ACTIVITY / COLORING,Quarterly - 04 Issues
581760,33583,Fame & Faces,Weeklies,2023-05-15,2023-05-29,8.49,ENTERTAINMENT,CELEBRITY PROFILE,Bi-Weekly - 26 Issues
582144,33607,Starline Stories,Weeklies,2023-05-29,2023-06-12,8.49,ENTERTAINMENT,CELEBRITY PROFILE,Bi-Weekly - 26 Issues
699559,64468,Title SIP,SIP,2024-06-03,2024-09-05,15.49,SPORT,BASEBALL,Quarterly - 04 Issues
697437,33601,Spotlight Lives,Weeklies,2024-03-04,2024-03-18,8.49,ENTERTAINMENT,CELEBRITY PROFILE,Bi-Weekly - 26 Issues
687736,33989,Title SIP,SIP,2024-02-12,2024-05-16,15.49,HOME,GARDEN,Quarterly - 04 Issues
710371,67392,Everyday Bloom,Weeklies,2024-05-06,2024-05-23,5.99,WOMENS,EVERYDAY LIVING,Monthly - 12 Issues
701545,33583,Fame & Faces,Weeklies,2024-01-08,2024-01-22,8.49,ENTERTAINMENT,CELEBRITY PROFILE,Bi-Weekly - 26 Issues
680916,41091,Title SIP,SIP,2024-02-26,2024-05-30,15.49,FOOD,EVERYDAY EATING,Quarterly - 04 Issues
718019,33958,Title SIP,SIP,2024-05-13,2024-08-15,11.49,HOBBY,ACTIVITY / COLORING,Quarterly - 04 Issues
687370,64449,Simply Woman,Weeklies,2024-02-05,2024-02-22,4.99,WOMENS,EVERYDAY LIVING,Weekly - 52 Issues
688705,64801,Title SIP,SIP,2023-12-25,2024-03-28,15.49,HUMAN CULTURE,TRAVEL,Quarterly - 04 Issues
697688,33601,Spotlight Lives,Weeklies,2024-04-01,2024-04-15,8.49,ENTERTAINMENT,CELEBRITY PROFILE,Bi-Weekly - 26 Issues
725209,64453,Everyday Bloom,Weeklies,2024-04-08,2024-04-25,6.99,WOMENS,EVERYDAY LIVING,Bi-Weekly - 26 Issues
572744,64836,Simply Woman,Weeklies,2023-03-27,2023-04-13,5.99,WOMENS,EVERYDAY LIVING,Weekly - 52 Issues
573346,33549,Echo of Fame,Weeklies,2023-04-03,2023-04-17,8.49,ENTERTAINMENT,CELEBRITY PROFILE,Weekly - 52 Issues
659329,41317,Title SIP,SIP,2023-07-17,2023-10-19,14.49,HOME,DECORATING,Quarterly - 04 Issues
650842,33960,Title SIP,SIP,2023-08-07,2023-11-09,11.49,PUZZLES,LOGIC,Quarterly - 04 Issues
575431,33607,Starline Stories,Weeklies,2023-04-03,2023-04-17,8.49,ENTERTAINMENT,CELEBRITY PROFILE,Bi-Weekly - 26 Issues
661930,9425,Title SIP,SIP,2023-09-04,2023-12-07,15.49,FOOD,SPIRITS,Quarterly - 04 Issues
660114,34012,Title SIP,SIP,2023-07-31,2023-11-02,15.49,FOOD,HEALTHY EATING,Quarterly - 04 Issues
657271,34018,Title SIP,SIP,2023-08-14,2023-11-16,15.49,ENTERTAINMENT,CELEBRITY PROFILE,Quarterly - 04 Issues
680092,34022,Title SIP,SIP,2023-12-04,2024-03-07,15.49,HUMAN CULTURE,TRAVEL,Semi-Annual - 02 Issue
564625,57607,Starline Stories,Weeklies,2023-01-30,2023-02-13,8.49,ENTERTAINMENT,CELEBRITY PROFILE,Bi-Weekly - 26 Issues
581503,33607,Starline Stories,Weeklies,2023-05-01,2023-05-15,8.49,ENTERTAINMENT,CELEBRITY PROFILE,Bi-Weekly - 26 Issues
673225,33975,Title SIP,SIP,2023-10-02,2024-01-04,15.49,ENTERTAINMENT,MUSIC,Quarterly - 04 Issues
656284,33966,Title SIP,SIP,2023-09-25,2023-12-28,15.49,HUMAN CULTURE,MYSTERY/SCI-FI,Quarterly - 04 Issues
568445,64464,Title SIP,SIP,2023-04-10,2023-07-13,15.49,FOOD,EVERYDAY EATING,Semi-Annual - 02 Issue
641163,57983,Fame & Faces,Weeklies,2023-06-26,2023-07-10,8.49,ENTERTAINMENT,CELEBRITY PROFILE,Bi-Weekly - 26 Issues
683985,34022,Title SIP,SIP,2023-12-04,2024-03-07,15.49,HUMAN CULTURE,TRAVEL,Semi-Annual - 02 Issue
659947,67301,Title SIP,SIP,2023-11-27,2024-02-29,15.49,ENTERTAINMENT,CELEBRITY PROFILE,Quarterly - 04 Issues
664673,33549,Echo of Fame,Weeklies,2023-09-04,2023-09-18,8.49,ENTERTAINMENT,CELEBRITY PROFILE,Weekly - 52 Issues
677545,33607,Starline Stories,Weeklies,2023-10-30,2023-11-13,8.49,ENTERTAINMENT,CELEBRITY PROFILE,Bi-Weekly - 26 Issues
578855,33953,Title SIP,SIP,2023-05-15,2023-08-17,11.49,HOBBY,ACTIVITY / COLORING,Quarterly - 04 Issues
571030,57601,Spotlight Lives,Weeklies,2023-03-13,2023-03-27,8.49,ENTERTAINMENT,CELEBRITY PROFILE,Bi-Weekly - 26 Issues
557393,41244,Title SIP,SIP,2023-01-30,2023-05-04,14.49,OUTDOORS,SURVIVAL,Quarterly - 04 Issues
579768,33954,Title SIP,SIP,2023-05-22,2023-08-24,11.49,HOBBY,ACTIVITY / COLORING,Quarterly - 04 Issues
671140,57984,Fame & Faces,Weeklies,2023-10-23,2023-11-06,8.49,ENTERTAINMENT,CELEBRITY PROFILE,Weekly - 52 Issues
575982,67340,Title SIP,SIP,2023-04-24,2023-07-27,8.49,PUZZLES,XWORD,Quarterly - 04 Issues
567829,34004,Title SIP,SIP,2023-03-20,2023-06-22,15.49,ENTERTAINMENT,TRIBUTE,Quarterly - 04 Issues
575071,57774,Title SIP,SIP,2023-04-03,2023-07-06,14.49,HOME,GARDEN,Quarterly - 04 Issues
688384,41315,Title SIP,SIP,2024-05-06,2024-08-08,15.49,OUTDOORS,SURVIVAL,Quarterly - 04 Issues
694952,67342,Title SIP,SIP,2024-03-18,2024-06-20,9.49,PUZZLES,WORD SEEK,Quarterly - 04 Issues
687792,33601,Spotlight Lives,Weeklies,2024-02-05,2024-02-19,8.49,ENTERTAINMENT,CELEBRITY PROFILE,Bi-Weekly - 26 Issues
659351,64465,Title SIP,SIP,2023-10-16,2024-01-18,15.49,ENTERTAINMENT,MOVIE / TELEVISION,Quarterly - 04 Issues
563719,33583,Fame & Faces,Weeklies,2023-01-23,2023-02-06,8.49,ENTERTAINMENT,CELEBRITY PROFILE,Bi-Weekly - 26 Issues
653394,67313,Title SIP,SIP,2023-07-10,2023-10-12,8.49,PUZZLES,XWORD,Semi-Annual - 02 Issue
568778,34006,Title SIP,SIP,2023-04-03,2023-07-06,15.49,HUMAN CULTURE,MYSTERY/SCI-FI,Quarterly - 04 Issues
671094,67372,Title SIP,SIP,2023-09-18,2023-12-21,15.49,ENTERTAINMENT,TRIBUTE,Quarterly - 04 Issues
671501,33601,Spotlight Lives,Weeklies,2023-10-30,2023-11-13,8.49,ENTERTAINMENT,CELEBRITY PROFILE,Bi-Weekly - 26 Issues
725383,41299,Title SIP,SIP,2024-06-03,2024-09-05,14.49,HOBBY,VIDEO GAMES,Quarterly - 04 Issues
691227,64449,Simply Woman,Weeklies,2024-02-05,2024-02-22,4.99,WOMENS,EVERYDAY LIVING,Weekly - 52 Issues
707405,41304,Title SIP,SIP,2024-05-20,2024-08-22,15.49,HUMAN CULTURE,TRAVEL,Quarterly - 04 Issues
701238,64451,Everyday Bloom,Weeklies,2024-06-24,2024-07-11,5.99,WOMENS,EVERYDAY LIVING,Monthly - 12 Issues
688986,67324,Title SIP,SIP,2024-03-18,2024-06-20,15.49,ENTERTAINMENT,MOVIE / TELEVISION,Semi-Annual - 02 Issue
676675,57607,Starline Stories,Weeklies,2023-12-18,2024-01-01,8.49,ENTERTAINMENT,CELEBRITY PROFILE,Bi-Weekly - 26 Issues
686350,64451,Everyday Bloom,Weeklies,2024-02-12,2024-03-04,5.99,WOMENS,EVERYDAY LIVING,Monthly - 12 Issues
719691,33967,Title SIP,SIP,2024-04-29,2024-08-01,15.49,HEALTH & FITNESS,PHYSICAL FITNESS,Quarterly - 04 Issues
682870,9418,Title SIP,SIP,2024-01-22,2024-04-25,15.49,WOMENS,EVERYDAY LIVING,Quarterly - 04 Issues
670443,41099,Title SIP,SIP,2023-12-25,2024-03-28,15.49,HUMAN CULTURE,HISTORY,Quarterly - 04 Issues
703714,41152,Title SIP,SIP,2024-03-25,2024-06-27,15.49,HOME,DECORATING,Quarterly - 04 Issues
680421,41315,Title SIP,SIP,2024-01-22,2024-04-25,15.49,OUTDOORS,SURVIVAL,Quarterly - 04 Issues
713667,64803,Simply Woman,Weeklies,2024-04-22,2024-05-09,4.99,WOMENS,EVERYDAY LIVING,Weekly - 52 Issues
720409,33954,Title SIP,SIP,2024-03-18,2024-06-20,11.49,PUZZLES,LOGIC,Quarterly - 04 Issues
706690,34024,Title SIP,SIP,2024-05-27,2024-08-29,15.49,FOOD,EVERYDAY EATING,Quarterly - 04 Issues
662085,57984,Fame & Faces,Weeklies,2023-07-17,2023-07-31,8.49,ENTERTAINMENT,CELEBRITY PROFILE,Weekly - 52 Issues
658493,9418,Title SIP,SIP,2023-08-21,2023-11-23,15.49,FOOD,EVERYDAY EATING,Quarterly - 04 Issues
667612,33977,Title SIP,SIP,2023-10-09,2024-01-11,15.49,ENTERTAINMENT,CELEBRITY PROFILE,Quarterly - 04 Issues
577856,64466,Title SIP,SIP,2023-05-29,2023-08-31,15.49,ENTERTAINMENT,CELEBRITY PROFILE,Semi-Annual - 02 Issue
657584,67323,Title SIP,SIP,2023-07-17,2023-10-19,15.49,HUMAN CULTURE,HISTORY,Semi-Annual - 02 Issue
668826,9381,Title SIP,SIP,2023-10-23,2024-01-25,15.49,FOOD,EVERYDAY EATING,Quarterly - 04 Issues
670014,9302,Title SIP,SIP,2023-09-11,2023-12-14,15.49,ENTERTAINMENT,MOVIE / TELEVISION,Quarterly - 04 Issues
668033,33957,Title SIP,SIP,2023-10-02,2024-01-04,11.49,PUZZLES,LOGIC,Quarterly - 04 Issues
582371,41245,Title SIP,SIP,2023-06-12,2023-09-14,14.49,HOBBY,VIDEO GAMES,Quarterly - 04 Issues
667432,33971,Title SIP,SIP,2023-10-02,2024-01-04,15.49,HOBBY,VIDEO GAMES,Quarterly - 04 Issues
648031,33970,Title SIP,SIP,2023-07-03,2023-10-05,15.49,ENTERTAINMENT,MOVIE / TELEVISION,Quarterly - 04 Issues
672057,9384,Title SIP,SIP,2023-11-20,2024-02-22,15.49,ENTERTAINMENT,MUSIC,Quarterly - 04 Issues
584512,67392,Everyday Bloom,Weeklies,2023-06-05,2023-06-29,5.99,WOMENS,EVERYDAY LIVING,Monthly - 12 Issues
672891,57607,Starline Stories,Weeklies,2023-11-06,2023-11-20,8.49,ENTERTAINMENT,CELEBRITY PROFILE,Bi-Weekly - 26 Issues
565125,9297,Title SIP,SIP,2023-03-06,2023-06-08,15.49,FOOD,HEALTHY EATING,Quarterly - 04 Issues
571405,64455,Title SIP,SIP,2023-04-10,2023-07-13,8.49,PUZZLES,WORD SEEK,Quarterly - 04 Issues
579475,67344,Title SIP,SIP,2023-05-29,2023-08-31,8.49,PUZZLES,SUDOKU,Quarterly - 04 Issues
724846,64461,Title SIP,SIP,2024-05-27,2024-08-29,9.49,PUZZLES,SUDOKU,Quarterly - 04 Issues
672637,64455,Title SIP,SIP,2023-11-20,2024-02-22,8.49,PUZZLES,WORD SEEK,Quarterly - 04 Issues
667206,33973,Title SIP,SIP,2023-10-02,2024-01-04,15.49,HOBBY,VIDEO GAMES,Quarterly - 04 Issues
576487,57601,Spotlight Lives,Weeklies,2023-05-08,2023-05-22,8.49,ENTERTAINMENT,CELEBRITY PROFILE,Bi-Weekly - 26 Issues
563944,64449,Simply Woman,Weeklies,2023-03-06,2023-03-23,4.99,WOMENS,EVERYDAY LIVING,Weekly - 52 Issues
568671,64449,Simply Woman,Weeklies,2023-03-20,2023-04-06,4.99,WOMENS,EVERYDAY LIVING,Weekly - 52 Issues
667845,33549,Echo of Fame,Weeklies,2023-08-21,2023-09-04,8.49,ENTERTAINMENT,CELEBRITY PROFILE,Weekly - 52 Issues
645218,64476,Title SIP,SIP,2023-06-26,2023-09-28,14.49,CRAFTS,VARIETY,Quarterly - 04 Issues
676364,57601,Spotlight Lives,Weeklies,2023-11-06,2023-11-20,8.49,ENTERTAINMENT,CELEBRITY PROFILE,Bi-Weekly - 26 Issues
575494,57983,Fame & Faces,Weeklies,2023-03-27,2023-04-10,8.49,ENTERTAINMENT,CELEBRITY PROFILE,Bi-Weekly - 26 Issues
661803,64454,Title SIP,SIP,2023-11-06,2024-02-08,8.49,PUZZLES,XWORD,Quarterly - 04 Issues
695414,33607,Starline Stories,Weeklies,2024-04-01,2024-04-15,8.49,ENTERTAINMENT,CELEBRITY PROFILE,Bi-Weekly - 26 Issues
684910,33601,Spotlight Lives,Weeklies,2024-01-08,2024-01-22,8.49,ENTERTAINMENT,CELEBRITY PROFILE,Bi-Weekly - 26 Issues
686537,67345,Title SIP,SIP,2024-04-15,2024-07-18,9.49,PUZZLES,XWORD,Quarterly - 04 Issues
714113,33549,Echo of Fame,Weeklies,2024-06-10,2024-06-24,8.49,ENTERTAINMENT,CELEBRITY PROFILE,Weekly - 52 Issues
709711,34024,Title SIP,SIP,2024-05-27,2024-08-29,15.49,FOOD,EVERYDAY EATING,Quarterly - 04 Issues
674696,67343,Title SIP,SIP,2023-12-25,2024-03-28,8.49,PUZZLES,SUDOKU,Quarterly - 04 Issues
692986,33978,Title SIP,SIP,2024-01-15,2024-04-18,15.49,ENTERTAINMENT,MUSIC,Quarterly - 04 Issues
558900,41303,Title SIP,SIP,2023-02-06,2023-05-11,16.490000000000002,HOME,BUILDING,Quarterly - 04 Issues
580574,64453,Everyday Bloom,Weeklies,2023-06-05,2023-06-29,6.99,WOMENS,EVERYDAY LIVING,Bi-Weekly - 26 Issues
670564,67342,Title SIP,SIP,2023-12-18,2024-03-21,8.49,PUZZLES,WORD SEEK,Quarterly - 04 Issues
694276,57549,Echo of Fame,Weeklies,2024-02-12,2024-02-26,8.49,ENTERTAINMENT,TRIBUTE,Bi-Weekly - 26 Issues
724017,33583,Fame & Faces,Weeklies,2024-06-24,2024-07-08,8.49,ENTERTAINMENT,CELEBRITY PROFILE,Bi-Weekly - 26 Issues
691809,57984,Fame & Faces,Weeklies,2024-04-08,2024-04-22,8.49,ENTERTAINMENT,CELEBRITY PROFILE,Weekly - 52 Issues
640626,57601,Spotlight Lives,Weeklies,2023-07-03,2023-07-17,8.49,ENTERTAINMENT,CELEBRITY PROFILE,Bi-Weekly - 26 Issues
682007,9386,Title SIP,SIP,2023-10-23,2024-01-25,15.49,ENTERTAINMENT,MOVIE / TELEVISION,Quarterly - 04 Issues
652900,67304,Title SIP,SIP,2023-08-21,2023-11-23,15.49,ENTERTAINMENT,CELEBRITY PROFILE,Quarterly - 04 Issues
656393,34021,Title SIP,SIP,2023-08-14,2023-11-16,15.49,HUMAN CULTURE,MYSTERY/SCI-FI,Quarterly - 04 Issues
581078,67318,Title SIP,SIP,2023-06-05,2023-09-07,15.49,FAMILY,CHILDREN,Semi-Annual - 02 Issue
576046,64475,Title SIP,SIP,2023-05-15,2023-08-17,15.49,HUMAN CULTURE,HISTORY,Quarterly - 04 Issues
680097,9296,Title SIP,SIP,2023-12-11,2024-03-14,15.49,WOMENS,EVERYDAY LIVING,Quarterly - 04 Issues
580993,64449,Simply Woman,Weeklies,2023-05-29,2023-06-15,4.99,WOMENS,EVERYDAY LIVING,Weekly - 52 Issues
561692,41248,Title SIP,SIP,2023-02-13,2023-05-18,14.49,HOME,GARDEN,Quarterly - 04 Issues
643060,57601,Spotlight Lives,Weeklies,2023-06-05,2023-06-19,8.49,ENTERTAINMENT,CELEBRITY PROFILE,Bi-Weekly - 26 Issues
660762,57984,Fame & Faces,Weeklies,2023-06-19,2023-07-03,8.49,ENTERTAINMENT,CELEBRITY PROFILE,Weekly - 52 Issues
563761,33990,Title SIP,SIP,2023-03-13,2023-06-15,15.49,ENTERTAINMENT,MOVIE / TELEVISION,Quarterly - 04 Issues
644467,33607,Starline Stories,Weeklies,2023-08-21,2023-09-04,8.49,ENTERTAINMENT,CELEBRITY PROFILE,Bi-Weekly - 26 Issues
577234,33963,Title SIP,SIP,2023-04-24,2023-07-27,11.49,PUZZLES,LOGIC,Quarterly - 04 Issues
656073,64803,Simply Woman,Weeklies,2023-09-11,2023-09-28,4.99,WOMENS,EVERYDAY LIVING,Weekly - 52 Issues
672901,41092,Title SIP,SIP,2023-11-27,2024-02-29,15.49,SPORT,BASKETBALL,Quarterly - 04 Issues
574918,33601,Spotlight Lives,Weeklies,2023-04-17,2023-05-01,8.49,ENTERTAINMENT,CELEBRITY PROFILE,Bi-Weekly - 26 Issues
571544,41314,Title SIP,SIP,2023-04-03,2023-07-06,16.490000000000002,HUMAN CULTURE,MYSTERY/SCI-FI,Quarterly - 04 Issues
580790,57549,Echo of Fame,Weeklies,2023-04-24,2023-05-08,8.49,ENTERTAINMENT,TRIBUTE,Bi-Weekly - 26 Issues
680282,33985,Title SIP,SIP,2024-01-29,2024-05-02,15.49,HOME,GARDEN,Quarterly - 04 Issues
700308,33960,Title SIP,SIP,2024-02-19,2024-05-23,11.49,HOBBY,ACTIVITY / COLORING,Quarterly - 04 Issues
704579,57983,Fame & Faces,Weeklies,2024-02-26,2024-03-11,8.49,ENTERTAINMENT,CELEBRITY PROFILE,Bi-Weekly - 26 Issues
647291,33583,Fame & Faces,Weeklies,2023-06-12,2023-06-26,8.49,ENTERTAINMENT,CELEBRITY PROFILE,Bi-Weekly - 26 Issues
635604,64803,Simply Woman,Weeklies,2023-06-19,2023-07-06,4.99,WOMENS,EVERYDAY LIVING,Weekly - 52 Issues
679762,41091,Title SIP,SIP,2023-12-04,2024-03-07,15.49,HOBBY,COLLECTOR/MINIATURES,Quarterly - 04 Issues
556651,64803,Simply Woman,Weeklies,2023-01-02,2023-01-19,4.99,WOMENS,EVERYDAY LIVING,Weekly - 52 Issues
557534,9410,Title SIP,SIP,2023-01-23,2023-04-27,15.49,ENTERTAINMENT,MUSIC,Quarterly - 04 Issues
680297,57983,Fame & Faces,Weeklies,2024-03-11,2024-03-25,8.49,ENTERTAINMENT,CELEBRITY PROFILE,Bi-Weekly - 26 Issues
700788,9302,Title SIP,SIP,2024-02-12,2024-05-16,15.49,FOOD,EVERYDAY EATING,Quarterly - 04 Issues
699569,64832,Title SIP,SIP,2024-03-25,2024-06-27,11.49,HOME,DECORATING,Quarterly - 04 Issues
687445,41152,Title SIP,SIP,2023-12-25,2024-03-28,15.49,HOME,DECORATING,Quarterly - 04 Issues
703703,57983,Fame & Faces,Weeklies,2024-06-03,2024-06-17,8.49,ENTERTAINMENT,CELEBRITY PROFILE,Bi-Weekly - 26 Issues
712212,64455,Title SIP,SIP,2024-05-27,2024-08-29,9.49,PUZZLES,WORD SEEK,Quarterly - 04 Issues
721287,57984,Fame & Faces,Weeklies,2024-06-17,2024-07-01,9.49,ENTERTAINMENT,CELEBRITY PROFILE,Weekly - 52 Issues
683244,58005,Spotlight Lives,Weeklies,2024-01-15,2024-01-29,8.49,ENTERTAINMENT,CELEBRITY PROFILE,Weekly - 52 Issues
658585,64836,Simply Woman,Weeklies,2023-08-21,2023-09-07,5.99,WOMENS,EVERYDAY LIVING,Weekly - 52 Issues
654978,67302,Title SIP,SIP,2023-12-04,2024-03-07,15.49,ENTERTAINMENT,MOVIE / TELEVISION,Semi-Annual - 02 Issue
672575,57607,Starline Stories,Weeklies,2024-01-15,2024-01-29,8.49,ENTERTAINMENT,CELEBRITY PROFILE,Bi-Weekly - 26 Issues
703320,67319,Title SIP,SIP,2024-05-06,2024-08-08,15.49,ENTERTAINMENT,CELEBRITY PROFILE,Semi-Annual - 02 Issue
565177,67305,Title SIP,SIP,2023-03-13,2023-06-15,15.49,ENTERTAINMENT,MUSIC,Quarterly - 04 Issues
659025,9410,Title SIP,SIP,2023-07-17,2023-10-19,15.49,ENTERTAINMENT,MUSIC,Quarterly - 04 Issues
651182,33952,Title SIP,SIP,2023-09-04,2023-12-07,11.49,HOBBY,ACTIVITY / COLORING,Quarterly - 04 Issues
683902,33601,Spotlight Lives,Weeklies,2023-12-11,2023-12-25,8.49,ENTERTAINMENT,CELEBRITY PROFILE,Bi-Weekly - 26 Issues
581512,33549,Echo of Fame,Weeklies,2023-05-01,2023-05-15,8.49,ENTERTAINMENT,CELEBRITY PROFILE,Weekly - 52 Issues
570453,64464,Title SIP,SIP,2023-04-10,2023-07-13,15.49,FOOD,EVERYDAY EATING,Semi-Annual - 02 Issue
657660,9305,Title SIP,SIP,2023-09-18,2023-12-21,15.49,HOME,DECORATING,Quarterly - 04 Issues
679431,9296,Title SIP,SIP,2023-12-11,2024-03-14,15.49,WOMENS,EVERYDAY LIVING,Quarterly - 04 Issues
664574,67339,Title SIP,SIP,2023-11-27,2024-01-25,11.49,HOBBY,ACTIVITY / COLORING,Quarterly - 04 Issues
568687,64449,Simply Woman,Weeklies,2023-04-03,2023-04-20,4.99,WOMENS,EVERYDAY LIVING,Weekly - 52 Issues
664472,64461,Title SIP,SIP,2023-11-13,2024-02-15,8.49,PUZZLES,SUDOKU,Quarterly - 04 Issues
567152,9425,Title SIP,SIP,2023-03-20,2023-06-22,15.49,ENTERTAINMENT,TRIBUTE,Quarterly - 04 Issues
652466,34016,Title SIP,SIP,2023-08-07,2023-11-09,15.49,HOME,DECORATING,Quarterly - 04 Issues
680329,33982,Title SIP,SIP,2023-10-30,2024-02-01,15.49,LIFESTYLE,SOCIAL,Quarterly - 04 Issues
586019,33974,Title SIP,SIP,2023-05-22,2023-08-24,15.49,ENTERTAINMENT,CELEBRITY PROFILE,Quarterly - 04 Issues
648734,9294,Title SIP,SIP,2023-08-07,2023-11-09,15.49,FOOD,EVERYDAY EATING,Quarterly - 04 Issues
569862,64475,Title SIP,SIP,2023-02-06,2023-05-11,15.49,SPORT,FOOTBALL,Quarterly - 04 Issues
670071,9383,Title SIP,SIP,2023-11-06,2024-02-08,15.49,HUMAN CULTURE,HISTORY,Quarterly - 04 Issues
679227,41316,Title SIP,SIP,2023-12-04,2024-03-07,14.49,HOBBY,VIDEO GAMES,Quarterly - 04 Issues
656767,57549,Echo of Fame,Weeklies,2023-10-23,2023-11-06,8.49,ENTERTAINMENT,TRIBUTE,Bi-Weekly - 26 Issues
571036,64451,Everyday Bloom,Weeklies,2023-04-03,2023-04-27,5.99,WOMENS,EVERYDAY LIVING,Monthly - 12 Issues
655023,67310,Title SIP,SIP,2023-10-02,2024-01-04,8.49,PUZZLES,WORD SEEK,Semi-Annual - 02 Issue
567118,33583,Fame & Faces,Weeklies,2023-03-06,2023-03-20,8.49,ENTERTAINMENT,CELEBRITY PROFILE,Bi-Weekly - 26 Issues
570146,64803,Simply Woman,Weeklies,2023-03-13,2023-03-30,4.99,WOMENS,EVERYDAY LIVING,Weekly - 52 Issues
659714,64449,Simply Woman,Weeklies,2023-10-02,2023-10-19,4.99,WOMENS,EVERYDAY LIVING,Weekly - 52 Issues
570020,64803,Simply Woman,Weeklies,2023-03-27,2023-04-13,4.99,WOMENS,EVERYDAY LIVING,Weekly - 52 Issues
575243,34000,Title SIP,SIP,2023-05-01,2023-08-03,15.49,ENTERTAINMENT,MOVIE / TELEVISION,Semi-Annual - 02 Issue
726825,41095,Title SIP,SIP,2024-05-27,2024-08-29,15.49,ENTERTAINMENT,TRIBUTE,Quarterly - 04 Issues
701525,57601,Spotlight Lives,Weeklies,2024-03-25,2024-04-08,8.49,ENTERTAINMENT,CELEBRITY PROFILE,Bi-Weekly - 26 Issues
728509,33549,Echo of Fame,Weeklies,2024-04-01,2024-04-15,8.49,ENTERTAINMENT,CELEBRITY PROFILE,Weekly - 52 Issues
676322,41151,Title SIP,SIP,2023-12-25,2024-03-28,15.49,HOME,GARDEN,Quarterly - 04 Issues
646086,33962,Title SIP,SIP,2023-08-07,2023-11-09,11.49,HOBBY,ACTIVITY / COLORING,Quarterly - 04 Issues
688362,9410,Title SIP,SIP,2023-12-04,2024-03-07,15.49,FOOD,EVERYDAY EATING,Quarterly - 04 Issues
675589,33583,Fame & Faces,Weeklies,2023-09-18,2023-10-02,8.49,ENTERTAINMENT,CELEBRITY PROFILE,Bi-Weekly - 26 Issues
663938,57549,Echo of Fame,Weeklies,2023-11-06,2023-11-20,8.49,ENTERTAINMENT,TRIBUTE,Bi-Weekly - 26 Issues
674931,64449,Simply Woman,Weeklies,2023-11-27,2023-12-14,5.99,WOMENS,EVERYDAY LIVING,Weekly - 52 Issues
652000,33549,Echo of Fame,Weeklies,2023-07-24,2023-08-07,8.49,ENTERTAINMENT,CELEBRITY PROFILE,Weekly - 52 Issues
555287,67343,Title SIP,SIP,2023-01-23,2023-04-27,8.49,PUZZLES,WORD SEEK,Quarterly - 04 Issues
569279,41314,Title SIP,SIP,2023-04-03,2023-07-06,16.490000000000002,HUMAN CULTURE,MYSTERY/SCI-FI,Quarterly - 04 Issues
696226,57601,Spotlight Lives,Weeklies,2024-01-15,2024-01-29,8.49,ENTERTAINMENT,CELEBRITY PROFILE,Bi-Weekly - 26 Issues
753522,33601,Spotlight Lives,Weeklies,2024-06-24,2024-07-08,8.49,ENTERTAINMENT,CELEBRITY PROFILE,Bi-Weekly - 26 Issues
724002,57983,Fame & Faces,Weeklies,2024-03-11,2024-03-25,8.49,ENTERTAINMENT,CELEBRITY PROFILE,Bi-Weekly - 26 Issues
694930,33583,Fame & Faces,Weeklies,2024-02-19,2024-03-04,8.49,ENTERTAINMENT,CELEBRITY PROFILE,Bi-Weekly - 26 Issues
680243,33601,Spotlight Lives,Weeklies,2024-02-05,2024-02-19,8.49,ENTERTAINMENT,CELEBRITY PROFILE,Bi-Weekly - 26 Issues
711490,64451,Everyday Bloom,Weeklies,2024-05-27,2024-06-13,5.99,WOMENS,EVERYDAY LIVING,Monthly - 12 Issues
715773,57984,Fame & Faces,Weeklies,2024-06-10,2024-06-24,8.49,ENTERTAINMENT,CELEBRITY PROFILE,Weekly - 52 Issues
694829,58005,Spotlight Lives,Weeklies,2024-02-19,2024-03-04,8.49,ENTERTAINMENT,CELEBRITY PROFILE,Weekly - 52 Issues
569597,41318,Title SIP,SIP,2023-03-27,2023-06-29,14.49,OUTDOORS,SURVIVAL,Quarterly - 04 Issues
713969,58005,Spotlight Lives,Weeklies,2024-05-20,2024-06-03,8.49,ENTERTAINMENT,CELEBRITY PROFILE,Weekly - 52 Issues
657763,9424,Title SIP,SIP,2023-08-07,2023-11-09,15.49,HUMAN CULTURE,TRAVEL,Quarterly - 04 Issues
695819,33964,Title SIP,SIP,2024-01-22,2024-04-25,19.49,ENTERTAINMENT,MUSIC,Quarterly - 04 Issues
727484,64453,Everyday Bloom,Weeklies,2024-06-24,2024-07-11,6.99,WOMENS,EVERYDAY LIVING,Bi-Weekly - 26 Issues
565931,67325,Title SIP,SIP,2023-03-13,2023-06-15,15.49,HUMAN CULTURE,HISTORY,Semi-Annual - 02 Issue
651612,41246,Title SIP,SIP,2023-08-28,2023-11-30,14.49,FOOD,EVERYDAY EATING,Quarterly - 04 Issues
657790,34021,Title SIP,SIP,2023-08-14,2023-11-16,15.49,HUMAN CULTURE,MYSTERY/SCI-FI,Quarterly - 04 Issues
685379,64471,Title SIP,SIP,2023-11-06,2024-02-08,15.49,SPORT,BASKETBALL,Semi-Annual - 02 Issue
661611,9425,Title SIP,SIP,2023-09-04,2023-12-07,15.49,FOOD,SPIRITS,Quarterly - 04 Issues
652269,57983,Fame & Faces,Weeklies,2023-08-07,2023-08-21,8.49,ENTERTAINMENT,CELEBRITY PROFILE,Bi-Weekly - 26 Issues
563563,67311,Title SIP,SIP,2023-02-27,2023-06-01,8.49,PUZZLES,XWORD,Semi-Annual - 02 Issue
647900,64469,Title SIP,SIP,2023-09-25,2023-12-28,15.49,HEALTH & FITNESS,PHYSICAL FITNESS,Quarterly - 04 Issues
577632,41247,Title SIP,SIP,2023-05-29,2023-08-31,14.49,HOME,DECORATING,Quarterly - 04 Issues
306339,64453,Everyday Bloom,Weeklies,2023-01-09,2023-02-02,6.99,WOMENS,EVERYDAY LIVING,Bi-Weekly - 26 Issues
637929,33583,Fame & Faces,Weeklies,2023-06-12,2023-06-26,8.49,ENTERTAINMENT,CELEBRITY PROFILE,Bi-Weekly - 26 Issues
643600,57601,Spotlight Lives,Weeklies,2023-06-05,2023-06-19,8.49,ENTERTAINMENT,CELEBRITY PROFILE,Bi-Weekly - 26 Issues
717820,41299,Title SIP,SIP,2024-06-03,2024-09-05,14.49,HOBBY,VIDEO GAMES,Quarterly - 04 Issues
665468,41095,Title SIP,SIP,2023-12-18,2024-03-21,15.49,HUMAN CULTURE,HISTORY,Quarterly - 04 Issues
567249,57601,Spotlight Lives,Weeklies,2023-02-27,2023-03-13,8.49,ENTERTAINMENT,CELEBRITY PROFILE,Bi-Weekly - 26 Issues
655097,33999,Title SIP,SIP,2023-11-06,2024-02-08,15.49,ENTERTAINMENT,CELEBRITY PROFILE,Quarterly - 04 Issues
556546,9410,Title SIP,SIP,2023-01-23,2023-04-27,15.49,ENTERTAINMENT,MUSIC,Quarterly - 04 Issues
565812,33997,Title SIP,SIP,2023-03-06,2023-06-08,15.49,HOBBY,COMICS,Quarterly - 04 Issues
564769,33549,Echo of Fame,Weeklies,2023-02-20,2023-03-06,8.49,ENTERTAINMENT,CELEBRITY PROFILE,Weekly - 52 Issues
563156,57983,Fame & Faces,Weeklies,2023-02-13,2023-02-27,8.49,ENTERTAINMENT,CELEBRITY PROFILE,Bi-Weekly - 26 Issues
707270,9411,Title SIP,SIP,2024-03-18,2024-06-20,15.49,LIFESTYLE,SOCIAL,Quarterly - 04 Issues
711765,64460,Title SIP,SIP,2024-03-04,2024-06-06,9.49,PUZZLES,VARIETY,Quarterly - 04 Issues
691335,57601,Spotlight Lives,Weeklies,2024-02-26,2024-03-11,8.49,ENTERTAINMENT,CELEBRITY PROFILE,Bi-Weekly - 26 Issues
697331,34013,Title SIP,SIP,2024-03-18,2024-06-20,15.49,HOME,BUILDING,Quarterly - 04 Issues
704788,64453,Everyday Bloom,Weeklies,2024-05-20,2024-06-06,6.99,WOMENS,EVERYDAY LIVING,Bi-Weekly - 26 Issues
679922,9305,Title SIP,SIP,2024-01-08,2024-04-11,15.49,ENTERTAINMENT,TRIBUTE,Quarterly - 04 Issues
660346,33959,Title SIP,SIP,2023-07-10,2023-10-12,11.49,HOBBY,ACTIVITY / COLORING,Quarterly - 04 Issues
708464,67391,Title SIP,SIP,2024-04-15,2024-07-18,6.49,PUZZLES,WORD SEEK,Quarterly - 04 Issues
667104,57984,Fame & Faces,Weeklies,2023-10-30,2023-11-13,8.49,ENTERTAINMENT,CELEBRITY PROFILE,Weekly - 52 Issues
701354,41246,Title SIP,SIP,2024-05-13,2024-08-15,15.49,HEALTH & FITNESS,WELLNESS/EMOTIONAL HEALTH,Quarterly - 04 Issues
674950,64467,Title SIP,SIP,2023-11-13,2024-02-15,16.490000000000002,HUMAN CULTURE,RELIGION,Semi-Annual - 02 Issue
577489,67317,Title SIP,SIP,2023-05-08,2023-08-10,15.49,ENTERTAINMENT,TRIBUTE,Semi-Annual - 02 Issue
654148,9389,Title SIP,SIP,2023-07-10,2023-10-12,15.49,SPORT,FOOTBALL,Quarterly - 04 Issues
661725,34014,Title SIP,SIP,2023-07-31,2023-11-02,15.49,HOBBY,VIDEO GAMES,Quarterly - 04 Issues
657306,67327,Title SIP,SIP,2023-09-11,2023-12-14,15.49,CRAFTS,VARIETY,Semi-Annual - 02 Issue
679228,9296,Title SIP,SIP,2023-12-11,2024-03-14,15.49,WOMENS,EVERYDAY LIVING,Quarterly - 04 Issues
678400,67299,Title SIP,SIP,2024-01-01,2024-04-04,15.49,HOBBY,VIDEO GAMES,Semi-Annual - 02 Issue
556023,64449,Simply Woman,Weeklies,2023-01-09,2023-01-26,4.99,WOMENS,EVERYDAY LIVING,Weekly - 52 Issues
582919,64468,Title SIP,SIP,2023-06-12,2023-09-14,14.49,LIFESTYLE,SOCIAL,Quarterly - 04 Issues
653682,33984,Title SIP,SIP,2023-06-12,2023-09-14,15.49,FOOD,EVERYDAY EATING,Quarterly - 04 Issues
648610,41300,Title SIP,SIP,2023-07-03,2023-10-05,16.490000000000002,FAMILY,CHILDREN,Quarterly - 04 Issues
664032,33993,Title SIP,SIP,2023-10-30,2024-02-01,15.49,HOME,GARDEN,Quarterly - 04 Issues
663884,9295,Title SIP,SIP,2023-08-14,2023-11-16,15.49,ENTERTAINMENT,MOVIE / TELEVISION,Quarterly - 04 Issues
638958,34022,Title SIP,SIP,2023-08-21,2023-11-23,15.49,HUMAN CULTURE,HISTORY,Semi-Annual - 02 Issue
568385,9307,Title SIP,SIP,2023-04-10,2023-07-13,15.49,SPORT,COMMEMORATIVE,Quarterly - 04 Issues
646812,9423,Title SIP,SIP,2023-07-03,2023-10-05,15.49,ENTERTAINMENT,MOVIE / TELEVISION,Quarterly - 04 Issues
565879,33955,Title SIP,SIP,2023-02-27,2023-06-01,11.49,HOBBY,ACTIVITY / COLORING,Quarterly - 04 Issues
719323,33607,Starline Stories,Weeklies,2024-04-15,2024-04-29,8.49,ENTERTAINMENT,CELEBRITY PROFILE,Bi-Weekly - 26 Issues
652218,33607,Starline Stories,Weeklies,2023-10-16,2023-10-30,8.49,ENTERTAINMENT,CELEBRITY PROFILE,Bi-Weekly - 26 Issues
558058,67342,Title SIP,SIP,2023-01-16,2023-04-20,8.49,PUZZLES,WORD SEEK,Quarterly - 04 Issues
680202,64471,Title SIP,SIP,2023-11-06,2024-02-08,15.49,SPORT,BASKETBALL,Semi-Annual - 02 Issue
652611,67323,Title SIP,SIP,2023-07-17,2023-10-19,15.49,HUMAN CULTURE,HISTORY,Semi-Annual - 02 Issue
567862,64836,Simply Woman,Weeklies,2023-02-27,2023-03-16,5.99,WOMENS,EVERYDAY LIVING,Weekly - 52 Issues
579469,57983,Fame & Faces,Weeklies,2023-04-24,2023-05-08,8.49,ENTERTAINMENT,CELEBRITY PROFILE,Bi-Weekly - 26 Issues
566175,57601,Spotlight Lives,Weeklies,2023-02-13,2023-02-27,8.49,ENTERTAINMENT,CELEBRITY PROFILE,Bi-Weekly - 26 Issues
667321,33549,Echo of Fame,Weeklies,2023-10-16,2023-10-30,8.49,ENTERTAINMENT,CELEBRITY PROFILE,Weekly - 52 Issues
664511,57549,Echo of Fame,Weeklies,2023-10-09,2023-10-23,8.49,ENTERTAINMENT,TRIBUTE,Bi-Weekly - 26 Issues
676110,33601,Spotlight Lives,Weeklies,2023-11-27,2023-12-11,8.49,ENTERTAINMENT,CELEBRITY PROFILE,Bi-Weekly - 26 Issues
562155,64803,Simply Woman,Weeklies,2023-01-30,2023-02-16,4.99,WOMENS,EVERYDAY LIVING,Weekly - 52 Issues
555098,64363,Title SIP,SIP,2023-01-02,2023-04-06,14.49,HOBBY,ACTIVITY / COLORING,Monthly - 12 Issues
579284,41151,Title SIP,SIP,2023-05-15,2023-08-17,15.49,FOOD,HEALTHY EATING,Quarterly - 04 Issues
647038,33997,Title SIP,SIP,2023-07-17,2023-10-19,15.49,HUMAN CULTURE,MYSTERY/SCI-FI,Quarterly - 04 Issues
705997,67392,Everyday Bloom,Weeklies,2024-05-06,2024-05-23,5.99,WOMENS,EVERYDAY LIVING,Monthly - 12 Issues
705376,64449,Simply Woman,Weeklies,2024-05-13,2024-05-30,4.99,WOMENS,EVERYDAY LIVING,Weekly - 52 Issues
710144,33998,Title SIP,SIP,2024-04-15,2024-07-18,15.49,FOOD,HEALTHY EATING,Quarterly - 04 Issues
703007,64803,Simply Woman,Weeklies,2024-02-12,2024-02-29,4.99,WOMENS,EVERYDAY LIVING,Weekly - 52 Issues
697115,9413,Title SIP,SIP,2024-05-20,2024-08-22,15.49,ENTERTAINMENT,TRIBUTE,Quarterly - 04 Issues
685704,33583,Fame & Faces,Weeklies,2024-02-05,2024-02-19,8.49,ENTERTAINMENT,CELEBRITY PROFILE,Bi-Weekly - 26 Issues
712256,33972,Title SIP,SIP,2024-04-29,2024-08-01,15.49,OUTDOORS,OTHER SPORTS,Quarterly - 04 Issues
714100,57549,Echo of Fame,Weeklies,2024-04-08,2024-04-22,8.49,ENTERTAINMENT,TRIBUTE,Bi-Weekly - 26 Issues
710504,67310,Title SIP,SIP,2024-04-22,2024-07-25,9.49,PUZZLES,VARIETY,Semi-Annual - 02 Issue
687517,64462,Title SIP,SIP,2024-02-12,2024-05-16,16.490000000000002,HUMAN CULTURE,RELIGION,Semi-Annual - 02 Issue
568563,9305,Title SIP,SIP,2023-04-03,2023-07-06,15.49,ENTERTAINMENT,MOVIE / TELEVISION,Quarterly - 04 Issues
575778,67342,Title SIP,SIP,2023-05-08,2023-08-10,8.49,PUZZLES,WORD SEEK,Quarterly - 04 Issues
661035,64449,Simply Woman,Weeklies,2023-09-18,2023-10-05,4.99,WOMENS,EVERYDAY LIVING,Weekly - 52 Issues
709430,41156,Title SIP,SIP,2024-03-25,2024-06-27,15.49,FOOD,HEALTHY EATING,Quarterly - 04 Issues
683276,57549,Echo of Fame,Weeklies,2024-01-15,2024-01-29,8.49,ENTERTAINMENT,TRIBUTE,Bi-Weekly - 26 Issues
703754,64456,Title SIP,SIP,2024-05-20,2024-08-22,11.49,HOBBY,ACTIVITY / COLORING,Quarterly - 04 Issues
677426,64449,Simply Woman,Weeklies,2023-12-25,2024-01-11,4.99,WOMENS,EVERYDAY LIVING,Weekly - 52 Issues
652925,34024,Title SIP,SIP,2023-08-28,2023-11-30,15.49,ENTERTAINMENT,MOVIE / TELEVISION,Quarterly - 04 Issues
579565,41150,Title SIP,SIP,2023-05-15,2023-08-17,15.49,ENTERTAINMENT,MOVIE / TELEVISION,Quarterly - 04 Issues
667238,67322,Title SIP,SIP,2023-11-06,2024-02-08,16.490000000000002,SPORT,BASEBALL,Semi-Annual - 02 Issue
665283,9428,Title SIP,SIP,2023-11-13,2024-02-15,15.49,AUTOMOTIVE,HIGH PERFORMANCE,Quarterly - 04 Issues
671191,33999,Title SIP,SIP,2023-11-06,2024-02-08,15.49,ENTERTAINMENT,CELEBRITY PROFILE,Quarterly - 04 Issues
574470,57549,Echo of Fame,Weeklies,2023-03-13,2023-03-27,8.49,ENTERTAINMENT,TRIBUTE,Bi-Weekly - 26 Issues
571422,41309,Title SIP,SIP,2023-04-03,2023-07-06,16.490000000000002,HEALTH & FITNESS,PHYSICAL FITNESS,Quarterly - 04 Issues
582541,41248,Title SIP,SIP,2023-05-15,2023-08-17,14.49,FOOD,EVERYDAY EATING,Quarterly - 04 Issues
568642,33999,Title SIP,SIP,2023-03-13,2023-06-15,15.49,ENTERTAINMENT,MOVIE / TELEVISION,Quarterly - 04 Issues
657249,57607,Starline Stories,Weeklies,2023-09-11,2023-09-25,8.49,ENTERTAINMENT,CELEBRITY PROFILE,Bi-Weekly - 26 Issues
662216,67345,Title SIP,SIP,2023-09-25,2023-12-28,8.49,PUZZLES,WORD SEEK,Quarterly - 04 Issues
642302,67371,Title SIP,SIP,2023-07-31,2023-09-21,14.49,SPORT,FOOTBALL,Quarterly - 04 Issues
724485,9294,Title SIP,SIP,2024-04-29,2024-08-01,19.49,ENTERTAINMENT,MUSIC,Quarterly - 04 Issues
668894,67342,Title SIP,SIP,2023-12-18,2024-03-21,8.49,PUZZLES,WORD SEEK,Quarterly - 04 Issues
654169,64453,Everyday Bloom,Weeklies,2023-06-26,2023-07-20,6.99,WOMENS,EVERYDAY LIVING,Bi-Weekly - 26 Issues
673961,57774,Title SIP,SIP,2023-11-27,2024-02-29,14.49,OUTDOORS,SURVIVAL,Quarterly - 04 Issues
578913,41244,Title SIP,SIP,2023-05-22,2023-08-24,14.49,OUTDOORS,SURVIVAL,Quarterly - 04 Issues
568864,64449,Simply Woman,Weeklies,2023-03-20,2023-04-06,4.99,WOMENS,EVERYDAY LIVING,Weekly - 52 Issues
578725,41092,Title SIP,SIP,2023-05-08,2023-08-10,15.49,ENTERTAINMENT,CELEBRITY PROFILE,Quarterly - 04 Issues
688907,41091,Title SIP,SIP,2023-12-04,2024-03-07,15.49,HOBBY,COLLECTOR/MINIATURES,Quarterly - 04 Issues
663021,57601,Spotlight Lives,Weeklies,2023-09-25,2023-10-09,8.49,ENTERTAINMENT,CELEBRITY PROFILE,Bi-Weekly - 26 Issues
649704,67343,Title SIP,SIP,2023-09-04,2023-12-07,9.49,PUZZLES,SUDOKU,Quarterly - 04 Issues
677251,58005,Spotlight Lives,Weeklies,2023-11-20,2023-12-04,8.49,ENTERTAINMENT,CELEBRITY PROFILE,Weekly - 52 Issues
724547,33957,Title SIP,SIP,2024-05-06,2024-08-08,11.49,HOBBY,ACTIVITY / COLORING,Quarterly - 04 Issues
700680,64803,Simply Woman,Weeklies,2024-04-22,2024-05-09,4.99,WOMENS,EVERYDAY LIVING,Weekly - 52 Issues
725570,64449,Simply Woman,Weeklies,2024-06-10,2024-06-27,4.99,WOMENS,EVERYDAY LIVING,Weekly - 52 Issues
732325,64456,Title SIP,SIP,2024-05-20,2024-08-22,11.49,HOBBY,ACTIVITY / COLORING,Quarterly - 04 Issues
715910,57983,Fame & Faces,Weeklies,2024-04-08,2024-04-22,8.49,ENTERTAINMENT,CELEBRITY PROFILE,Bi-Weekly - 26 Issues
708898,9413,Title SIP,SIP,2024-05-20,2024-08-22,16.490000000000002,ENTERTAINMENT,TRIBUTE,Quarterly - 04 Issues
730842,67345,Title SIP,SIP,2024-04-15,2024-07-18,9.49,PUZZLES,XWORD,Quarterly - 04 Issues
684718,64449,Simply Woman,Weeklies,2024-02-05,2024-02-22,4.99,WOMENS,EVERYDAY LIVING,Weekly - 52 Issues
693841,33583,Fame & Faces,Weeklies,2024-03-04,2024-03-18,8.49,ENTERTAINMENT,CELEBRITY PROFILE,Bi-Weekly - 26 Issues
705855,57983,Fame & Faces,Weeklies,2024-06-03,2024-06-17,8.49,ENTERTAINMENT,CELEBRITY PROFILE,Bi-Weekly - 26 Issues
693032,33583,Fame & Faces,Weeklies,2024-02-19,2024-03-04,8.49,ENTERTAINMENT,CELEBRITY PROFILE,Bi-Weekly - 26 Issues
689051,64803,Simply Woman,Weeklies,2024-02-12,2024-02-29,4.99,WOMENS,EVERYDAY LIVING,Weekly - 52 Issues
692626,67311,Title SIP,SIP,2024-01-22,2024-04-25,8.49,PUZZLES,SUDOKU,Semi-Annual - 02 Issue
698581,9391,Title SIP,SIP,2024-04-01,2024-07-04,15.49,HUMAN CULTURE,HISTORY,Quarterly - 04 Issues
574833,33951,Title SIP,SIP,2023-05-01,2023-08-03,11.49,HOBBY,ACTIVITY / COLORING,Quarterly - 04 Issues
668063,58006,Starline Stories,Weeklies,2023-11-27,2023-12-11,9.49,ENTERTAINMENT,CELEBRITY PROFILE,Weekly - 52 Issues
708732,64453,Everyday Bloom,Weeklies,2024-05-06,2024-05-23,6.99,WOMENS,EVERYDAY LIVING,Bi-Weekly - 26 Issues
696360,57607,Starline Stories,Weeklies,2024-03-25,2024-04-08,8.49,ENTERTAINMENT,CELEBRITY PROFILE,Bi-Weekly - 26 Issues
691254,9293,Title SIP,SIP,2023-12-25,2024-03-28,15.49,HOME,DECORATING,Quarterly - 04 Issues
723826,58005,Spotlight Lives,Weeklies,2024-04-29,2024-05-13,8.49,ENTERTAINMENT,CELEBRITY PROFILE,Weekly - 52 Issues
718834,57984,Fame & Faces,Weeklies,2024-05-13,2024-05-27,8.49,ENTERTAINMENT,CELEBRITY PROFILE,Weekly - 52 Issues
558585,41300,Title SIP,SIP,2023-01-30,2023-05-04,16.490000000000002,HUMAN CULTURE,HISTORY,Quarterly - 04 Issues
661270,33601,Spotlight Lives,Weeklies,2023-08-07,2023-08-21,8.49,ENTERTAINMENT,CELEBRITY PROFILE,Bi-Weekly - 26 Issues
649202,34024,Title SIP,SIP,2023-08-28,2023-11-30,15.49,ENTERTAINMENT,MOVIE / TELEVISION,Quarterly - 04 Issues
571607,67306,Title SIP,SIP,2023-04-17,2023-07-20,15.49,ENTERTAINMENT,MOVIE / TELEVISION,Quarterly - 04 Issues
660531,41095,Title SIP,SIP,2023-09-04,2023-12-07,15.49,ENTERTAINMENT,CELEBRITY PROFILE,Quarterly - 04 Issues
669536,34004,Title SIP,SIP,2023-11-13,2024-02-15,15.49,HUMAN CULTURE,TRAVEL,Quarterly - 04 Issues
649616,9409,Title SIP,SIP,2023-07-03,2023-10-05,15.49,ENTERTAINMENT,CELEBRITY PROFILE,Quarterly - 04 Issues
668011,33981,Title SIP,SIP,2023-11-06,2024-02-08,15.49,FAMILY,PETS,Quarterly - 04 Issues
639573,67302,Title SIP,SIP,2023-07-10,2023-10-12,15.49,HUMAN CULTURE,TRAVEL,Semi-Annual - 02 Issue
660663,9299,Title SIP,SIP,2023-10-23,2024-01-25,15.49,HOME,DECORATING,Quarterly - 04 Issues
650150,64477,Title SIP,SIP,2023-07-10,2023-10-12,15.49,ENTERTAINMENT,TRIBUTE,Quarterly - 04 Issues
577357,64832,Title SIP,SIP,2023-05-22,2023-08-24,8.49,HOME,DECORATING,Quarterly - 04 Issues
643596,64832,Title SIP,SIP,2023-08-21,2023-11-23,11.49,HOME,DECORATING,Quarterly - 04 Issues
565332,9293,Title SIP,SIP,2023-02-13,2023-05-18,15.49,ENTERTAINMENT,MOVIE / TELEVISION,Quarterly - 04 Issues
674866,33972,Title SIP,SIP,2023-10-02,2024-01-04,15.49,HOME,BUILDING,Quarterly - 04 Issues
672281,34015,Title SIP,SIP,2023-11-20,2024-02-22,15.49,ENTERTAINMENT,CELEBRITY PROFILE,Quarterly - 04 Issues
657363,67307,Title SIP,SIP,2023-10-09,2024-01-11,15.49,ENTERTAINMENT,MOVIE / TELEVISION,Quarterly - 04 Issues
579937,9383,Title SIP,SIP,2023-05-29,2023-08-31,15.49,HEALTH & FITNESS,WELLNESS/EMOTIONAL HEALTH,Quarterly - 04 Issues
564682,64451,Everyday Bloom,Weeklies,2023-02-20,2023-03-16,5.99,WOMENS,EVERYDAY LIVING,Monthly - 12 Issues
562461,64451,Everyday Bloom,Weeklies,2023-02-20,2023-03-16,5.99,WOMENS,EVERYDAY LIVING,Monthly - 12 Issues
654400,33951,Title SIP,SIP,2023-08-28,2023-11-30,11.49,HOBBY,ACTIVITY / COLORING,Quarterly - 04 Issues
633967,67392,Everyday Bloom,Weeklies,2023-07-17,2023-08-10,5.99,WOMENS,EVERYDAY LIVING,Monthly - 12 Issues
666524,57601,Spotlight Lives,Weeklies,2023-08-14,2023-08-28,8.49,ENTERTAINMENT,CELEBRITY PROFILE,Bi-Weekly - 26 Issues
710249,64466,Title SIP,SIP,2024-05-27,2024-08-29,15.49,AUTOMOTIVE,HIGH PERFORMANCE,Semi-Annual - 02 Issue
677658,9380,Title SIP,SIP,2024-03-18,2024-06-20,15.49,ENTERTAINMENT,MUSIC,Quarterly - 04 Issues
667066,9296,Title SIP,SIP,2023-08-14,2023-11-16,15.49,HUMAN CULTURE,TRAVEL,Quarterly - 04 Issues
669628,41152,Title SIP,SIP,2023-09-18,2023-12-21,15.49,ENTERTAINMENT,MUSIC,Quarterly - 04 Issues
583586,41244,Title SIP,SIP,2023-05-22,2023-08-24,14.49,OUTDOORS,SURVIVAL,Quarterly - 04 Issues
566861,9299,Title SIP,SIP,2023-03-13,2023-06-15,15.49,ENTERTAINMENT,MOVIE / TELEVISION,Quarterly - 04 Issues
570397,9305,Title SIP,SIP,2023-04-03,2023-07-06,15.49,ENTERTAINMENT,MOVIE / TELEVISION,Quarterly - 04 Issues
575269,34017,Title SIP,SIP,2023-04-10,2023-07-13,15.49,FOOD,HEALTHY EATING,Quarterly - 04 Issues
577509,57607,Starline Stories,Weeklies,2023-04-24,2023-05-08,8.49,ENTERTAINMENT,CELEBRITY PROFILE,Bi-Weekly - 26 Issues
655842,33983,Title SIP,SIP,2023-06-26,2023-09-28,15.49,ENTERTAINMENT,MUSIC,Quarterly - 04 Issues
666682,33954,Title SIP,SIP,2023-10-02,2024-01-04,11.49,HOBBY,ACTIVITY / COLORING,Quarterly - 04 Issues
677873,58005,Spotlight Lives,Weeklies,2023-12-04,2023-12-18,8.49,ENTERTAINMENT,CELEBRITY PROFILE,Weekly - 52 Issues
655567,33601,Spotlight Lives,Weeklies,2023-10-16,2023-10-30,8.49,ENTERTAINMENT,CELEBRITY PROFILE,Bi-Weekly - 26 Issues
698595,67313,Title SIP,SIP,2024-05-13,2024-08-15,11.49,PUZZLES,XWORD,Semi-Annual - 02 Issue
688092,64455,Title SIP,SIP,2024-02-26,2024-05-30,9.49,PUZZLES,XWORD,Quarterly - 04 Issues
682895,57607,Starline Stories,Weeklies,2024-02-12,2024-02-26,8.49,ENTERTAINMENT,CELEBRITY PROFILE,Bi-Weekly - 26 Issues
688262,67316,Title SIP,SIP,2024-03-04,2024-06-06,15.49,ENTERTAINMENT,MOVIE / TELEVISION,Semi-Annual - 02 Issue
696946,67308,Title SIP,SIP,2024-02-05,2024-05-09,15.49,ENTERTAINMENT,TRIBUTE,Quarterly - 04 Issues
693309,64467,Title SIP,SIP,2024-05-13,2024-08-15,16.490000000000002,HUMAN CULTURE,RELIGION,Semi-Annual - 02 Issue
686724,34011,Title SIP,SIP,2024-02-19,2024-05-23,15.49,HOME,DECORATING,Quarterly - 04 Issues
716509,9409,Title SIP,SIP,2024-03-04,2024-06-06,15.49,HUMAN CULTURE,HISTORY,Quarterly - 04 Issues
686826,67342,Title SIP,SIP,2024-03-18,2024-06-20,8.49,PUZZLES,WORD SEEK,Quarterly - 04 Issues
685904,58005,Spotlight Lives,Weeklies,2024-01-08,2024-01-22,8.49,ENTERTAINMENT,CELEBRITY PROFILE,Weekly - 52 Issues
686772,58005,Spotlight Lives,Weeklies,2024-01-29,2024-02-12,8.49,ENTERTAINMENT,CELEBRITY PROFILE,Weekly - 52 Issues
665037,33993,Title SIP,SIP,2023-10-30,2024-02-01,15.49,HOME,GARDEN,Quarterly - 04 Issues
582211,67344,Title SIP,SIP,2023-05-29,2023-08-31,8.49,PUZZLES,SUDOKU,Quarterly - 04 Issues
558443,64459,Title SIP,SIP,2023-01-30,2023-05-04,8.49,PUZZLES,XWORD,Quarterly - 04 Issues
666488,9291,Title SIP,SIP,2023-12-18,2024-03-21,15.49,ENTERTAINMENT,MOVIE / TELEVISION,Quarterly - 04 Issues
677715,41154,Title SIP,SIP,2024-01-01,2024-04-04,15.49,HEALTH & FITNESS,WELLNESS/EMOTIONAL HEALTH,Quarterly - 04 Issues
678696,33979,Title SIP,SIP,2024-03-04,2024-06-06,15.49,PUZZLES,VARIETY,Quarterly - 04 Issues
695220,57549,Echo of Fame,Weeklies,2024-03-11,2024-03-25,8.49,ENTERTAINMENT,TRIBUTE,Bi-Weekly - 26 Issues
704008,33966,Title SIP,SIP,2024-05-27,2024-08-29,15.49,HOME,DECORATING,Quarterly - 04 Issues
561460,64453,Everyday Bloom,Weeklies,2023-02-20,2023-03-16,6.99,WOMENS,EVERYDAY LIVING,Bi-Weekly - 26 Issues
702092,67371,Title SIP,SIP,2024-04-29,2024-08-01,15.49,ENTERTAINMENT,TRIBUTE,Quarterly - 04 Issues
562330,33601,Spotlight Lives,Weeklies,2023-02-06,2023-02-20,8.49,ENTERTAINMENT,CELEBRITY PROFILE,Bi-Weekly - 26 Issues
560679,33601,Spotlight Lives,Weeklies,2023-02-06,2023-02-20,8.49,ENTERTAINMENT,CELEBRITY PROFILE,Bi-Weekly - 26 Issues
674186,57983,Fame & Faces,Weeklies,2023-12-04,2023-12-18,8.49,ENTERTAINMENT,CELEBRITY PROFILE,Bi-Weekly - 26 Issues
564688,57983,Fame & Faces,Weeklies,2023-01-30,2023-02-13,8.49,ENTERTAINMENT,CELEBRITY PROFILE,Bi-Weekly - 26 Issues
665356,64799,Title SIP,SIP,2023-11-06,2024-02-08,15.49,HUMAN CULTURE,MYSTERY/SCI-FI,Quarterly - 04 Issues
658228,9389,Title SIP,SIP,2023-08-14,2023-10-12,15.49,SPORT,FOOTBALL,Quarterly - 04 Issues
669534,67299,Title SIP,SIP,2023-09-11,2023-12-14,15.49,ENTERTAINMENT,CELEBRITY PROFILE,Semi-Annual - 02 Issue
639736,67314,Title SIP,SIP,2023-07-17,2023-10-19,15.49,FAMILY,PETS,Semi-Annual - 02 Issue
692028,41303,Title SIP,SIP,2023-11-06,2023-12-21,16.490000000000002,HOME,DECORATING,Quarterly - 04 Issues
661204,64466,Title SIP,SIP,2023-10-30,2024-02-01,15.49,PUZZLES,VARIETY,Semi-Annual - 02 Issue
668294,9289,Title SIP,SIP,2023-12-11,2024-03-14,15.49,SPORT,COMMEMORATIVE,Quarterly - 04 Issues
640653,9290,Title SIP,SIP,2023-07-24,2023-10-26,15.49,ENTERTAINMENT,MUSIC,Quarterly - 04 Issues
568003,33998,Title SIP,SIP,2023-03-13,2023-06-15,15.49,FOOD,HEALTHY EATING,Quarterly - 04 Issues
666414,64460,Title SIP,SIP,2023-08-07,2023-11-09,9.49,PUZZLES,VARIETY,Quarterly - 04 Issues
692454,64449,Simply Woman,Weeklies,2023-12-11,2023-12-28,4.99,WOMENS,EVERYDAY LIVING,Weekly - 52 Issues
557849,64192,Title SIP,SIP,2023-01-02,2023-04-06,11.45,HOBBY,ACTIVITY / COLORING,Monthly - 12 Issues
696065,57774,Title SIP,SIP,2024-03-25,2024-06-27,14.49,OUTDOORS,SURVIVAL,Quarterly - 04 Issues
577026,64453,Everyday Bloom,Weeklies,2023-05-15,2023-06-08,6.99,WOMENS,EVERYDAY LIVING,Bi-Weekly - 26 Issues
658985,33972,Title SIP,SIP,2023-10-02,2024-01-04,15.49,HOME,BUILDING,Quarterly - 04 Issues
569723,34015,Title SIP,SIP,2023-04-10,2023-07-13,15.49,HUMAN CULTURE,TRAVEL,Quarterly - 04 Issues
583581,33980,Title SIP,SIP,2023-06-19,2023-09-21,15.49,HOBBY,COMICS,Quarterly - 04 Issues
658707,64449,Simply Woman,Weeklies,2023-09-04,2023-09-21,4.99,WOMENS,EVERYDAY LIVING,Weekly - 52 Issues
639983,33998,Title SIP,SIP,2023-07-17,2023-10-19,15.49,ENTERTAINMENT,MUSIC,Quarterly - 04 Issues
650759,64803,Simply Woman,Weeklies,2023-06-19,2023-07-06,4.99,WOMENS,EVERYDAY LIVING,Weekly - 52 Issues
662437,67312,Title SIP,SIP,2023-10-23,2024-01-25,8.49,PUZZLES,XWORD,Semi-Annual - 02 Issue
681876,57607,Starline Stories,Weeklies,2024-03-11,2024-03-25,8.49,ENTERTAINMENT,CELEBRITY PROFILE,Bi-Weekly - 26 Issues
687071,33989,Title SIP,SIP,2024-02-12,2024-05-16,15.49,HOME,GARDEN,Quarterly - 04 Issues
682229,57601,Spotlight Lives,Weeklies,2023-12-18,2024-01-01,8.49,ENTERTAINMENT,CELEBRITY PROFILE,Bi-Weekly - 26 Issues
690113,33960,Title SIP,SIP,2024-02-19,2024-05-23,11.49,HOBBY,ACTIVITY / COLORING,Quarterly - 04 Issues
724666,57549,Echo of Fame,Weeklies,2024-05-06,2024-05-20,8.49,ENTERTAINMENT,TRIBUTE,Bi-Weekly - 26 Issues
724303,33969,Title SIP,SIP,2024-05-27,2024-08-29,15.49,FOOD,HEALTHY EATING,Quarterly - 04 Issues
671615,57984,Fame & Faces,Weeklies,2024-01-08,2024-01-22,8.49,ENTERTAINMENT,CELEBRITY PROFILE,Weekly - 52 Issues
705961,58005,Spotlight Lives,Weeklies,2024-05-06,2024-05-20,8.49,ENTERTAINMENT,CELEBRITY PROFILE,Weekly - 52 Issues
710699,33981,Title SIP,SIP,2024-04-01,2024-07-04,15.49,HOME,DECORATING,Quarterly - 04 Issues
712914,64453,Everyday Bloom,Weeklies,2024-04-15,2024-05-02,6.99,WOMENS,EVERYDAY LIVING,Bi-Weekly - 26 Issues
719664,33965,Title SIP,SIP,2024-05-27,2024-08-29,16.490000000000002,SPORT,FOOTBALL,Semi-Annual - 02 Issue
570917,57607,Starline Stories,Weeklies,2023-03-13,2023-03-27,8.49,ENTERTAINMENT,CELEBRITY PROFILE,Bi-Weekly - 26 Issues
722381,33549,Echo of Fame,Weeklies,2024-06-10,2024-06-24,8.49,ENTERTAINMENT,CELEBRITY PROFILE,Weekly - 52 Issues
691175,64453,Everyday Bloom,Weeklies,2024-04-22,2024-05-09,6.99,WOMENS,EVERYDAY LIVING,Bi-Weekly - 26 Issues
578010,33601,Spotlight Lives,Weeklies,2023-04-03,2023-04-17,8.49,ENTERTAINMENT,CELEBRITY PROFILE,Bi-Weekly - 26 Issues
670680,33549,Echo of Fame,Weeklies,2023-12-11,2023-12-25,8.49,ENTERTAINMENT,CELEBRITY PROFILE,Weekly - 52 Issues
560815,57607,Starline Stories,Weeklies,2023-01-30,2023-02-13,8.49,ENTERTAINMENT,CELEBRITY PROFILE,Bi-Weekly - 26 Issues
560212,64467,Title SIP,SIP,2023-02-20,2023-05-25,16.490000000000002,HUMAN CULTURE,RELIGION,Semi-Annual - 02 Issue
579860,33972,Title SIP,SIP,2023-06-05,2023-09-07,15.49,FOOD,EVERYDAY EATING,Quarterly - 04 Issues
664057,67315,Title SIP,SIP,2023-10-16,2024-01-18,15.49,FOOD,EVERYDAY EATING,Semi-Annual - 02 Issue
693222,64803,Simply Woman,Weeklies,2023-12-04,2023-12-21,4.99,WOMENS,EVERYDAY LIVING,Weekly - 52 Issues
671689,34000,Title SIP,SIP,2023-09-04,2023-12-07,15.49,FOOD,HEALTHY EATING,Semi-Annual - 02 Issue
569398,33583,Fame & Faces,Weeklies,2023-03-20,2023-04-03,8.49,ENTERTAINMENT,CELEBRITY PROFILE,Bi-Weekly - 26 Issues
667515,67313,Title SIP,SIP,2023-10-30,2024-02-01,9.49,PUZZLES,SUDOKU,Semi-Annual - 02 Issue
566415,57983,Fame & Faces,Weeklies,2023-02-13,2023-02-27,8.49,ENTERTAINMENT,CELEBRITY PROFILE,Bi-Weekly - 26 Issues
555883,64424,Title SIP,SIP,2023-01-02,2023-04-06,14.49,NEWS & FINANCE,FINANCE,Quarterly - 04 Issues
703992,33963,Title SIP,SIP,2024-04-22,2024-07-25,11.49,HOBBY,ACTIVITY / COLORING,Quarterly - 04 Issues
653636,34004,Title SIP,SIP,2023-07-24,2023-10-26,15.49,HEALTH & FITNESS,WELLNESS/EMOTIONAL HEALTH,Quarterly - 04 Issues
676501,9423,Title SIP,SIP,2023-11-27,2024-02-29,15.49,ENTERTAINMENT,MUSIC,Quarterly - 04 Issues
663692,9390,Title SIP,SIP,2023-11-06,2024-02-08,15.49,HOME,DECORATING,Quarterly - 04 Issues
662500,67307,Title SIP,SIP,2023-10-09,2024-01-11,15.49,ENTERTAINMENT,MOVIE / TELEVISION,Quarterly - 04 Issues
554926,64195,Title SIP,SIP,2023-01-09,2023-04-13,14.49,OUTDOORS,SURVIVAL,Monthly - 12 Issues
555201,64195,Title SIP,SIP,2023-01-09,2023-04-13,14.49,OUTDOORS,SURVIVAL,Monthly - 12 Issues
569698,9308,Title SIP,SIP,2023-04-10,2023-07-13,15.49,HOBBY,WOOD CRAFT,Quarterly - 04 Issues
574565,33951,Title SIP,SIP,2023-05-01,2023-08-03,11.49,HOBBY,ACTIVITY / COLORING,Quarterly - 04 Issues
644665,33607,Starline Stories,Weeklies,2023-06-12,2023-06-26,8.49,ENTERTAINMENT,CELEBRITY PROFILE,Bi-Weekly - 26 Issues
673133,33607,Starline Stories,Weeklies,2023-10-16,2023-10-30,8.49,ENTERTAINMENT,CELEBRITY PROFILE,Bi-Weekly - 26 Issues
658866,57549,Echo of Fame,Weeklies,2023-08-28,2023-09-11,8.49,ENTERTAINMENT,TRIBUTE,Bi-Weekly - 26 Issues
676712,33984,Title SIP,SIP,2024-01-22,2024-04-25,15.49,HOME,GARDEN,Quarterly - 04 Issues
716125,64803,Simply Woman,Weeklies,2024-03-11,2024-03-28,4.99,WOMENS,EVERYDAY LIVING,Weekly - 52 Issues
723462,64803,Simply Woman,Weeklies,2024-03-11,2024-03-28,4.99,WOMENS,EVERYDAY LIVING,Weekly - 52 Issues
685959,64449,Simply Woman,Weeklies,2024-01-22,2024-02-08,4.99,WOMENS,EVERYDAY LIVING,Weekly - 52 Issues
730405,64803,Simply Woman,Weeklies,2024-05-06,2024-05-23,4.99,WOMENS,EVERYDAY LIVING,Weekly - 52 Issues
706975,33549,Echo of Fame,Weeklies,2024-05-27,2024-06-10,8.49,ENTERTAINMENT,CELEBRITY PROFILE,Weekly - 52 Issues
686409,33970,Title SIP,SIP,2024-03-11,2024-06-13,15.49,HEALTH & FITNESS,WELLNESS/EMOTIONAL HEALTH,Quarterly - 04 Issues
715799,64453,Everyday Bloom,Weeklies,2024-04-29,2024-05-16,6.99,WOMENS,EVERYDAY LIVING,Bi-Weekly - 26 Issues
684684,58005,Spotlight Lives,Weeklies,2024-01-22,2024-02-05,8.49,ENTERTAINMENT,CELEBRITY PROFILE,Weekly - 52 Issues
723467,34022,Title SIP,SIP,2024-05-27,2024-08-29,16.490000000000002,SPORT,FOOTBALL,Semi-Annual - 02 Issue
578601,64836,Simply Woman,Weeklies,2023-05-08,2023-05-25,5.99,WOMENS,EVERYDAY LIVING,Weekly - 52 Issues
583885,64466,Title SIP,SIP,2023-05-29,2023-08-31,15.49,ENTERTAINMENT,CELEBRITY PROFILE,Semi-Annual - 02 Issue
665976,41151,Title SIP,SIP,2023-12-25,2024-03-28,15.49,HOME,GARDEN,Quarterly - 04 Issues
695874,57983,Fame & Faces,Weeklies,2023-12-25,2024-01-15,8.49,ENTERTAINMENT,CELEBRITY PROFILE,Bi-Weekly - 26 Issues
697977,64475,Title SIP,SIP,2024-04-08,2024-07-11,15.49,PUZZLES,FILL-IN,Quarterly - 04 Issues
674611,58006,Starline Stories,Weeklies,2023-11-13,2023-11-27,9.49,ENTERTAINMENT,CELEBRITY PROFILE,Weekly - 52 Issues
650344,64453,Everyday Bloom,Weeklies,2023-08-28,2023-09-21,6.99,WOMENS,EVERYDAY LIVING,Bi-Weekly - 26 Issues
574650,67372,Title SIP,SIP,2023-04-03,2023-07-06,15.49,HOBBY,COLLECTOR/MINIATURES,Quarterly - 04 Issues
564267,57983,Fame & Faces,Weeklies,2023-01-30,2023-02-13,8.49,ENTERTAINMENT,CELEBRITY PROFILE,Bi-Weekly - 26 Issues
645626,33989,Title SIP,SIP,2023-07-03,2023-10-05,15.49,HOME,DECORATING,Quarterly - 04 Issues
657172,64461,Title SIP,SIP,2023-07-24,2023-10-26,8.49,PUZZLES,SUDOKU,Quarterly - 04 Issues
680007,67392,Everyday Bloom,Weeklies,2023-12-11,2024-01-04,5.99,WOMENS,EVERYDAY LIVING,Monthly - 12 Issues
579933,41248,Title SIP,SIP,2023-05-15,2023-08-17,14.49,FOOD,EVERYDAY EATING,Quarterly - 04 Issues
564168,41301,Title SIP,SIP,2023-02-20,2023-05-25,16.490000000000002,OUTDOORS,SURVIVAL,Quarterly - 04 Issues
662020,33549,Echo of Fame,Weeklies,2023-09-18,2023-10-02,8.49,ENTERTAINMENT,CELEBRITY PROFILE,Weekly - 52 Issues
558701,67342,Title SIP,SIP,2023-01-16,2023-04-20,8.49,PUZZLES,WORD SEEK,Quarterly - 04 Issues
727789,67310,Title SIP,SIP,2024-04-22,2024-07-25,9.49,PUZZLES,VARIETY,Semi-Annual - 02 Issue
696774,9415,Title SIP,SIP,2024-01-15,2024-04-18,15.49,ENTERTAINMENT,MOVIE / TELEVISION,Quarterly - 04 Issues
581921,57607,Starline Stories,Weeklies,2023-05-08,2023-05-22,8.49,ENTERTAINMENT,CELEBRITY PROFILE,Bi-Weekly - 26 Issues
564068,64802,Title SIP,SIP,2023-03-06,2023-06-08,15.49,PUZZLES,FILL-IN,Quarterly - 04 Issues
582265,9419,Title SIP,SIP,2023-05-22,2023-08-24,15.49,FOOD,EVERYDAY EATING,Quarterly - 04 Issues
671743,9386,Title SIP,SIP,2023-10-23,2024-01-25,15.49,ENTERTAINMENT,MOVIE / TELEVISION,Quarterly - 04 Issues
556324,64458,Title SIP,SIP,2023-01-30,2023-05-04,15.49,FOOD,EVERYDAY EATING,Quarterly - 04 Issues
637760,67323,Title SIP,SIP,2023-07-17,2023-10-19,15.49,HUMAN CULTURE,HISTORY,Semi-Annual - 02 Issue
676090,34022,Title SIP,SIP,2023-12-04,2024-03-07,15.49,HUMAN CULTURE,TRAVEL,Semi-Annual - 02 Issue
678586,64464,Title SIP,SIP,2023-10-30,2024-02-01,15.49,FOOD,EVERYDAY EATING,Semi-Annual - 02 Issue
578363,57549,Echo of Fame,Weeklies,2023-05-08,2023-05-22,8.49,ENTERTAINMENT,TRIBUTE,Bi-Weekly - 26 Issues
654076,9414,Title SIP,SIP,2023-09-18,2023-12-21,15.49,HOME,DECORATING,Quarterly - 04 Issues
714149,57983,Fame & Faces,Weeklies,2024-05-20,2024-06-03,8.49,ENTERTAINMENT,CELEBRITY PROFILE,Bi-Weekly - 26 Issues
670400,67308,Title SIP,SIP,2024-02-05,2024-05-09,15.49,ENTERTAINMENT,TRIBUTE,Quarterly - 04 Issues
699306,33549,Echo of Fame,Weeklies,2024-04-29,2024-05-13,8.49,ENTERTAINMENT,CELEBRITY PROFILE,Weekly - 52 Issues
686510,33978,Title SIP,SIP,2024-01-15,2024-04-18,15.49,ENTERTAINMENT,MUSIC,Quarterly - 04 Issues
695236,9382,Title SIP,SIP,2024-03-04,2024-06-06,16.490000000000002,LIFESTYLE,SOCIAL,Quarterly - 04 Issues
565489,41317,Title SIP,SIP,2023-03-20,2023-06-22,14.49,HOME,DECORATING,Quarterly - 04 Issues
656325,57983,Fame & Faces,Weeklies,2023-06-19,2023-07-03,8.49,ENTERTAINMENT,CELEBRITY PROFILE,Bi-Weekly - 26 Issues
680127,67392,Everyday Bloom,Weeklies,2023-12-11,2024-01-04,5.99,WOMENS,EVERYDAY LIVING,Monthly - 12 Issues
654816,33982,Title SIP,SIP,2023-10-30,2024-02-01,15.49,LIFESTYLE,SOCIAL,Quarterly - 04 Issues
581681,57549,Echo of Fame,Weeklies,2023-05-08,2023-05-22,8.49,ENTERTAINMENT,TRIBUTE,Bi-Weekly - 26 Issues
578715,67310,Title SIP,SIP,2023-06-12,2023-09-14,9.49,PUZZLES,VARIETY,Semi-Annual - 02 Issue
655562,58006,Starline Stories,Weeklies,2023-08-28,2023-09-11,9.49,ENTERTAINMENT,CELEBRITY PROFILE,Weekly - 52 Issues
562833,33983,Title SIP,SIP,2023-02-20,2023-05-25,15.49,AUTOMOTIVE,CONTEMPORARY CARS,Quarterly - 04 Issues
651510,33607,Starline Stories,Weeklies,2023-06-26,2023-07-10,8.49,ENTERTAINMENT,CELEBRITY PROFILE,Bi-Weekly - 26 Issues
646769,41303,Title SIP,SIP,2023-07-31,2023-11-02,16.490000000000002,OUTDOORS,HUNT/FISH,Quarterly - 04 Issues
688711,34011,Title SIP,SIP,2024-02-19,2024-05-23,15.49,HOME,DECORATING,Quarterly - 04 Issues
685372,9416,Title SIP,SIP,2024-01-15,2024-04-18,15.49,NEWS & FINANCE,FINANCE,Quarterly - 04 Issues
700962,64451,Everyday Bloom,Weeklies,2024-01-01,2024-01-22,5.99,WOMENS,EVERYDAY LIVING,Monthly - 12 Issues
666885,64459,Title SIP,SIP,2023-09-11,2023-12-14,8.49,PUZZLES,WORD SEEK,Quarterly - 04 Issues
705360,41304,Title SIP,SIP,2024-05-20,2024-08-22,15.49,HUMAN CULTURE,TRAVEL,Quarterly - 04 Issues
692643,64802,Title SIP,SIP,2024-05-06,2024-08-08,15.49,HUMAN CULTURE,RELIGION,Quarterly - 04 Issues
685175,67318,Title SIP,SIP,2024-03-18,2024-06-20,15.49,PUZZLES,FILL-IN,Semi-Annual - 02 Issue
720946,41149,Title SIP,SIP,2024-04-29,2024-08-01,15.49,ENTERTAINMENT,CELEBRITY PROFILE,Quarterly - 04 Issues
717465,33607,Starline Stories,Weeklies,2024-03-18,2024-04-01,8.49,ENTERTAINMENT,CELEBRITY PROFILE,Bi-Weekly - 26 Issues
683521,64470,Title SIP,SIP,2024-02-12,2024-05-16,15.49,ENTERTAINMENT,TRIBUTE,Semi-Annual - 02 Issue
653451,58005,Spotlight Lives,Weeklies,2023-07-24,2023-08-07,8.49,ENTERTAINMENT,CELEBRITY PROFILE,Weekly - 52 Issues
655409,67372,Title SIP,SIP,2023-09-18,2023-12-21,15.49,ENTERTAINMENT,TRIBUTE,Quarterly - 04 Issues
692045,64449,Simply Woman,Weeklies,2024-02-19,2024-03-07,4.99,WOMENS,EVERYDAY LIVING,Weekly - 52 Issues
703375,9294,Title SIP,SIP,2024-04-29,2024-08-01,19.49,ENTERTAINMENT,MUSIC,Quarterly - 04 Issues
689676,33991,Title SIP,SIP,2024-05-13,2024-08-15,15.49,HOME,DECORATING,Quarterly - 04 Issues
716579,9291,Title SIP,SIP,2024-05-06,2024-08-08,15.49,ENTERTAINMENT,TRIBUTE,Quarterly - 04 Issues
705149,33988,Title SIP,SIP,2024-04-29,2024-08-01,15.49,HOME,DECORATING,Quarterly - 04 Issues
650713,64801,Title SIP,SIP,2023-08-14,2023-11-16,15.49,ENTERTAINMENT,TRIBUTE,Quarterly - 04 Issues
675049,57607,Starline Stories,Weeklies,2023-09-11,2023-09-25,8.49,ENTERTAINMENT,CELEBRITY PROFILE,Bi-Weekly - 26 Issues
560163,33601,Spotlight Lives,Weeklies,2023-01-09,2023-01-23,8.49,ENTERTAINMENT,CELEBRITY PROFILE,Bi-Weekly - 26 Issues
663458,64803,Simply Woman,Weeklies,2023-11-06,2023-11-23,4.99,WOMENS,EVERYDAY LIVING,Weekly - 52 Issues
675086,33607,Starline Stories,Weeklies,2023-12-11,2023-12-25,8.49,ENTERTAINMENT,CELEBRITY PROFILE,Bi-Weekly - 26 Issues
662984,33960,Title SIP,SIP,2023-08-07,2023-11-09,11.49,PUZZLES,LOGIC,Quarterly - 04 Issues
679390,33607,Starline Stories,Weeklies,2023-12-11,2023-12-25,8.49,ENTERTAINMENT,CELEBRITY PROFILE,Bi-Weekly - 26 Issues
556902,64449,Simply Woman,Weeklies,2023-01-09,2023-01-26,4.99,WOMENS,EVERYDAY LIVING,Weekly - 52 Issues
559140,67369,Title SIP,SIP,2023-02-13,2023-05-18,15.49,ENTERTAINMENT,TRIBUTE,Quarterly - 04 Issues
650896,41093,Title SIP,SIP,2023-08-28,2023-11-30,15.49,HOME,DECORATING,Quarterly - 04 Issues
661834,67372,Title SIP,SIP,2023-09-18,2023-12-21,15.49,ENTERTAINMENT,TRIBUTE,Quarterly - 04 Issues
657205,67305,Title SIP,SIP,2023-08-28,2023-11-30,15.49,ENTERTAINMENT,TRIBUTE,Quarterly - 04 Issues
658918,33583,Fame & Faces,Weeklies,2023-09-04,2023-09-18,8.49,ENTERTAINMENT,CELEBRITY PROFILE,Bi-Weekly - 26 Issues
582174,33975,Title SIP,SIP,2023-06-05,2023-09-07,15.49,HOME,DECORATING,Quarterly - 04 Issues
641119,34015,Title SIP,SIP,2023-08-07,2023-11-09,15.49,FAMILY,PETS,Quarterly - 04 Issues
555007,67314,Title SIP,SIP,2023-01-23,2023-04-27,15.49,PUZZLES,FILL-IN,Semi-Annual - 02 Issue
655171,34016,Title SIP,SIP,2023-08-07,2023-11-09,15.49,HOME,DECORATING,Quarterly - 04 Issues
649105,67369,Title SIP,SIP,2023-07-31,2023-11-02,15.49,HOME,GARDEN,Quarterly - 04 Issues
651413,57983,Fame & Faces,Weeklies,2023-06-26,2023-07-10,8.49,ENTERTAINMENT,CELEBRITY PROFILE,Bi-Weekly - 26 Issues
674077,9385,Title SIP,SIP,2023-11-27,2024-02-29,15.49,HUMAN CULTURE,CALENDAR,Quarterly - 04 Issues
673301,9384,Title SIP,SIP,2023-11-20,2024-02-22,15.49,ENTERTAINMENT,MUSIC,Quarterly - 04 Issues
570034,33982,Title SIP,SIP,2023-03-13,2023-06-15,15.49,ENTERTAINMENT,MOVIE / TELEVISION,Quarterly - 04 Issues
578531,34024,Title SIP,SIP,2023-05-22,2023-08-24,15.49,ENTERTAINMENT,MUSIC,Quarterly - 04 Issues
560279,33974,Title SIP,SIP,2023-02-06,2023-05-11,15.49,FAMILY,EDUCATIONAL,Quarterly - 04 Issues
571627,41090,Title SIP,SIP,2023-05-01,2023-08-03,15.49,ENTERTAINMENT,CELEBRITY PROFILE,Quarterly - 04 Issues
716865,33607,Starline Stories,Weeklies,2024-03-18,2024-04-01,8.49,ENTERTAINMENT,CELEBRITY PROFILE,Bi-Weekly - 26 Issues
700842,64451,Everyday Bloom,Weeklies,2024-01-01,2024-01-22,5.99,WOMENS,EVERYDAY LIVING,Monthly - 12 Issues
687800,58005,Spotlight Lives,Weeklies,2024-03-04,2024-03-18,8.49,ENTERTAINMENT,CELEBRITY PROFILE,Weekly - 52 Issues
645386,33958,Title SIP,SIP,2023-07-03,2023-10-05,11.49,HOBBY,ACTIVITY / COLORING,Quarterly - 04 Issues
667073,33957,Title SIP,SIP,2023-10-02,2024-01-04,11.49,PUZZLES,LOGIC,Quarterly - 04 Issues
560707,33983,Title SIP,SIP,2023-02-20,2023-05-25,15.49,AUTOMOTIVE,CONTEMPORARY CARS,Quarterly - 04 Issues
588447,33583,Fame & Faces,Weeklies,2023-05-15,2023-05-29,8.49,ENTERTAINMENT,CELEBRITY PROFILE,Bi-Weekly - 26 Issues
644072,33601,Spotlight Lives,Weeklies,2023-06-26,2023-07-10,8.49,ENTERTAINMENT,CELEBRITY PROFILE,Bi-Weekly - 26 Issues
583917,64449,Simply Woman,Weeklies,2023-05-29,2023-06-15,4.99,WOMENS,EVERYDAY LIVING,Weekly - 52 Issues
578564,57601,Spotlight Lives,Weeklies,2023-04-10,2023-04-24,8.49,ENTERTAINMENT,CELEBRITY PROFILE,Bi-Weekly - 26 Issues
585451,67310,Title SIP,SIP,2023-06-12,2023-09-14,9.49,PUZZLES,VARIETY,Semi-Annual - 02 Issue
659116,33985,Title SIP,SIP,2023-10-16,2024-01-18,15.49,FOOD,EVERYDAY EATING,Quarterly - 04 Issues
579589,41150,Title SIP,SIP,2023-05-15,2023-08-17,15.49,ENTERTAINMENT,MOVIE / TELEVISION,Quarterly - 04 Issues
676046,67299,Title SIP,SIP,2024-01-01,2024-04-04,15.49,HOBBY,VIDEO GAMES,Semi-Annual - 02 Issue
701452,9417,Title SIP,SIP,2024-03-11,2024-06-13,15.49,HUMAN CULTURE,TRAVEL,Quarterly - 04 Issues
698938,67391,Title SIP,SIP,2024-04-15,2024-07-18,6.49,PUZZLES,WORD SEEK,Quarterly - 04 Issues
722388,33957,Title SIP,SIP,2024-05-06,2024-08-08,11.49,HOBBY,ACTIVITY / COLORING,Quarterly - 04 Issues
702535,9418,Title SIP,SIP,2024-05-20,2024-08-22,15.49,HUMAN CULTURE,HISTORY,Quarterly - 04 Issues
707185,67340,Title SIP,SIP,2024-03-04,2024-06-06,8.49,PUZZLES,SUDOKU,Quarterly - 04 Issues
691444,41241,Title SIP,SIP,2024-05-20,2024-08-22,16.490000000000002,HEALTH & FITNESS,WELLNESS/EMOTIONAL HEALTH,Quarterly - 04 Issues
676817,57549,Echo of Fame,Weeklies,2024-02-12,2024-02-26,8.49,ENTERTAINMENT,TRIBUTE,Bi-Weekly - 26 Issues
703594,9381,Title SIP,SIP,2024-03-25,2024-06-27,15.49,ENTERTAINMENT,MUSIC,Quarterly - 04 Issues
566306,64836,Simply Woman,Weeklies,2023-02-20,2023-03-09,5.99,WOMENS,EVERYDAY LIVING,Weekly - 52 Issues
687215,67324,Title SIP,SIP,2024-03-18,2024-06-20,15.49,ENTERTAINMENT,MOVIE / TELEVISION,Semi-Annual - 02 Issue
705117,67311,Title SIP,SIP,2024-04-22,2024-07-25,9.49,PUZZLES,WORD SEEK,Semi-Annual - 02 Issue
698050,57601,Spotlight Lives,Weeklies,2024-03-11,2024-03-25,8.49,ENTERTAINMENT,CELEBRITY PROFILE,Bi-Weekly - 26 Issues
686859,9303,Title SIP,SIP,2024-02-05,2024-05-09,15.49,ENTERTAINMENT,MUSIC,Quarterly - 04 Issues
691264,57984,Fame & Faces,Weeklies,2024-04-29,2024-05-13,8.49,ENTERTAINMENT,CELEBRITY PROFILE,Weekly - 52 Issues
581905,33601,Spotlight Lives,Weeklies,2023-05-01,2023-05-15,8.49,ENTERTAINMENT,CELEBRITY PROFILE,Bi-Weekly - 26 Issues
565333,67305,Title SIP,SIP,2023-03-13,2023-06-15,15.49,ENTERTAINMENT,MUSIC,Quarterly - 04 Issues
560949,33601,Spotlight Lives,Weeklies,2023-01-09,2023-01-23,8.49,ENTERTAINMENT,CELEBRITY PROFILE,Bi-Weekly - 26 Issues
564622,64467,Title SIP,SIP,2023-02-20,2023-05-25,16.490000000000002,HUMAN CULTURE,RELIGION,Semi-Annual - 02 Issue
555648,33514,Title SIP,SIP,2023-01-09,2023-04-13,16.490000000000002,FOOD,EVERYDAY EATING,Bi-Monthly - 06 Issues
563378,67325,Title SIP,SIP,2023-03-13,2023-06-15,15.49,HUMAN CULTURE,HISTORY,Semi-Annual - 02 Issue
649114,64449,Simply Woman,Weeklies,2023-07-10,2023-07-27,4.99,WOMENS,EVERYDAY LIVING,Weekly - 52 Issues
646217,33986,Title SIP,SIP,2023-09-04,2023-12-07,15.49,HOME,DECORATING,Semi-Annual - 02 Issue
284328,67371,Title SIP,SIP,2023-01-02,2023-04-06,15.49,HOBBY,VIDEO GAMES,Quarterly - 04 Issues
580289,64475,Title SIP,SIP,2023-05-15,2023-08-17,15.49,HUMAN CULTURE,HISTORY,Quarterly - 04 Issues
570329,9293,Title SIP,SIP,2023-02-13,2023-05-18,15.49,ENTERTAINMENT,MOVIE / TELEVISION,Quarterly - 04 Issues
643860,33976,Title SIP,SIP,2023-06-26,2023-09-28,15.49,HUMAN CULTURE,TRAVEL,Quarterly - 04 Issues
668056,64453,Everyday Bloom,Weeklies,2023-11-20,2023-12-14,7.99,WOMENS,EVERYDAY LIVING,Bi-Weekly - 26 Issues
639620,9289,Title SIP,SIP,2023-07-24,2023-10-26,15.49,ENTERTAINMENT,MUSIC,Quarterly - 04 Issues
666947,9301,Title SIP,SIP,2023-09-04,2023-12-07,15.49,ENTERTAINMENT,MOVIE / TELEVISION,Quarterly - 04 Issues
653824,33607,Starline Stories,Weeklies,2023-08-21,2023-09-04,8.49,ENTERTAINMENT,CELEBRITY PROFILE,Bi-Weekly - 26 Issues
679842,33583,Fame & Faces,Weeklies,2023-10-16,2023-10-30,8.49,ENTERTAINMENT,CELEBRITY PROFILE,Bi-Weekly - 26 Issues
342400,64451,Everyday Bloom,Weeklies,2023-01-09,2023-02-02,5.99,WOMENS,EVERYDAY LIVING,Monthly - 12 Issues
663823,9302,Title SIP,SIP,2023-09-11,2023-12-14,15.49,ENTERTAINMENT,MOVIE / TELEVISION,Quarterly - 04 Issues
653092,9390,Title SIP,SIP,2023-06-26,2023-09-28,15.49,HOME,BUILDING,Quarterly - 04 Issues
648170,41156,Title SIP,SIP,2023-07-03,2023-10-05,14.49,HOME,BUILDING,Quarterly - 04 Issues
674087,33967,Title SIP,SIP,2023-09-25,2023-12-28,15.49,FOOD,EVERYDAY EATING,Quarterly - 04 Issues
559502,33607,Starline Stories,Weeklies,2023-01-23,2023-02-06,8.49,ENTERTAINMENT,CELEBRITY PROFILE,Bi-Weekly - 26 Issues
572863,64460,Title SIP,SIP,2023-04-17,2023-07-20,8.49,PUZZLES,WORD SEEK,Quarterly - 04 Issues
687347,33549,Echo of Fame,Weeklies,2023-11-13,2023-11-27,8.49,ENTERTAINMENT,CELEBRITY PROFILE,Weekly - 52 Issues
576340,64453,Everyday Bloom,Weeklies,2023-05-15,2023-06-08,6.99,WOMENS,EVERYDAY LIVING,Bi-Weekly - 26 Issues
571794,64449,Simply Woman,Weeklies,2023-04-03,2023-04-20,4.99,WOMENS,EVERYDAY LIVING,Weekly - 52 Issues
568684,34014,Title SIP,SIP,2023-04-03,2023-07-06,15.49,ENTERTAINMENT,MUSIC,Quarterly - 04 Issues
574250,57549,Echo of Fame,Weeklies,2023-03-27,2023-04-10,8.49,ENTERTAINMENT,TRIBUTE,Bi-Weekly - 26 Issues
714278,33607,Starline Stories,Weeklies,2024-06-24,2024-07-08,8.49,ENTERTAINMENT,CELEBRITY PROFILE,Bi-Weekly - 26 Issues
703693,33607,Starline Stories,Weeklies,2024-04-15,2024-04-29,8.49,ENTERTAINMENT,CELEBRITY PROFILE,Bi-Weekly - 26 Issues
678201,64469,Title SIP,SIP,2024-01-15,2024-04-18,15.49,SPORT,FOOTBALL,Quarterly - 04 Issues
708774,33583,Fame & Faces,Weeklies,2024-03-18,2024-04-01,8.49,ENTERTAINMENT,CELEBRITY PROFILE,Bi-Weekly - 26 Issues
695588,9296,Title SIP,SIP,2024-03-11,2024-06-13,19.49,ENTERTAINMENT,MUSIC,Quarterly - 04 Issues
680837,57984,Fame & Faces,Weeklies,2024-03-11,2024-03-25,8.49,ENTERTAINMENT,CELEBRITY PROFILE,Weekly - 52 Issues
709426,67341,Title SIP,SIP,2024-03-11,2024-06-13,9.49,PUZZLES,SUDOKU,Quarterly - 04 Issues
691293,64453,Everyday Bloom,Weeklies,2024-03-18,2024-04-04,6.99,WOMENS,EVERYDAY LIVING,Bi-Weekly - 26 Issues
716969,34002,Title SIP,SIP,2024-05-27,2024-08-29,16.490000000000002,SPORT,FOOTBALL,Semi-Annual - 02 Issue
562115,64836,Simply Woman,Weeklies,2023-02-06,2023-02-23,5.99,WOMENS,EVERYDAY LIVING,Weekly - 52 Issues
673537,57601,Spotlight Lives,Weeklies,2023-11-06,2023-11-20,8.49,ENTERTAINMENT,CELEBRITY PROFILE,Bi-Weekly - 26 Issues
664580,9425,Title SIP,SIP,2024-01-01,2024-04-04,15.49,HOBBY,ANIMAL,Quarterly - 04 Issues
688492,33971,Title SIP,SIP,2024-02-05,2024-05-09,15.49,HEALTH & FITNESS,WELLNESS/EMOTIONAL HEALTH,Quarterly - 04 Issues
575580,33601,Spotlight Lives,Weeklies,2023-04-03,2023-04-17,8.49,ENTERTAINMENT,CELEBRITY PROFILE,Bi-Weekly - 26 Issues
578011,57549,Echo of Fame,Weeklies,2023-04-10,2023-04-24,8.49,ENTERTAINMENT,TRIBUTE,Bi-Weekly - 26 Issues
673837,9409,Title SIP,SIP,2023-11-27,2024-02-29,15.49,ENTERTAINMENT,CELEBRITY PROFILE,Quarterly - 04 Issues
566426,33990,Title SIP,SIP,2023-03-13,2023-06-15,15.49,ENTERTAINMENT,MOVIE / TELEVISION,Quarterly - 04 Issues
560848,33970,Title SIP,SIP,2023-01-30,2023-05-04,15.49,FOOD,HEALTHY EATING,Quarterly - 04 Issues
573792,67306,Title SIP,SIP,2023-04-17,2023-07-20,15.49,ENTERTAINMENT,MOVIE / TELEVISION,Quarterly - 04 Issues
669770,41250,Title SIP,SIP,2023-09-25,2023-12-28,14.49,OUTDOORS,SURVIVAL,Quarterly - 04 Issues
673371,41150,Title SIP,SIP,2023-10-30,2024-02-01,15.49,ENTERTAINMENT,MUSIC,Quarterly - 04 Issues
654017,64464,Title SIP,SIP,2023-10-30,2024-02-01,15.49,FOOD,EVERYDAY EATING,Semi-Annual - 02 Issue
587731,9420,Title SIP,SIP,2023-06-05,2023-09-07,15.49,HUMAN CULTURE,MYSTERY/SCI-FI,Quarterly - 04 Issues
578345,64459,Title SIP,SIP,2023-05-22,2023-08-24,8.49,PUZZLES,XWORD,Quarterly - 04 Issues
662593,33583,Fame & Faces,Weeklies,2023-10-16,2023-10-30,8.49,ENTERTAINMENT,CELEBRITY PROFILE,Bi-Weekly - 26 Issues
577714,34017,Title SIP,SIP,2023-04-10,2023-07-13,15.49,FOOD,HEALTHY EATING,Quarterly - 04 Issues
567431,9299,Title SIP,SIP,2023-03-13,2023-06-15,15.49,ENTERTAINMENT,MOVIE / TELEVISION,Quarterly - 04 Issues
661157,33549,Echo of Fame,Weeklies,2023-11-27,2023-12-11,8.49,ENTERTAINMENT,CELEBRITY PROFILE,Weekly - 52 Issues
722323,9418,Title SIP,SIP,2024-05-20,2024-08-22,15.49,HUMAN CULTURE,HISTORY,Quarterly - 04 Issues
688222,64451,Everyday Bloom,Weeklies,2024-02-12,2024-03-04,5.99,WOMENS,EVERYDAY LIVING,Monthly - 12 Issues
577689,33953,Title SIP,SIP,2023-05-15,2023-08-17,11.49,HOBBY,ACTIVITY / COLORING,Quarterly - 04 Issues
571456,9301,Title SIP,SIP,2023-03-27,2023-06-29,15.49,HOBBY,COMICS,Quarterly - 04 Issues
647901,64449,Simply Woman,Weeklies,2023-07-24,2023-08-10,4.99,WOMENS,EVERYDAY LIVING,Weekly - 52 Issues
590967,33549,Echo of Fame,Weeklies,2023-05-29,2023-06-12,8.49,ENTERTAINMENT,CELEBRITY PROFILE,Weekly - 52 Issues
638976,57983,Fame & Faces,Weeklies,2023-06-19,2023-07-03,8.49,ENTERTAINMENT,CELEBRITY PROFILE,Bi-Weekly - 26 Issues
557481,67341,Title SIP,SIP,2023-01-09,2023-04-13,8.49,PUZZLES,SUDOKU,Quarterly - 04 Issues
685019,34002,Title SIP,SIP,2023-11-06,2024-02-08,15.49,ENTERTAINMENT,MOVIE / TELEVISION,Semi-Annual - 02 Issue
707206,67341,Title SIP,SIP,2024-03-11,2024-06-13,8.49,PUZZLES,SUDOKU,Quarterly - 04 Issues
700741,9389,Title SIP,SIP,2024-04-22,2024-07-25,15.49,NEWS & FINANCE,NEWS & CURRENT EVENTS,Quarterly - 04 Issues
687891,67312,Title SIP,SIP,2024-02-05,2024-05-09,9.49,PUZZLES,XWORD,Semi-Annual - 02 Issue
682717,67311,Title SIP,SIP,2024-01-22,2024-04-25,9.49,PUZZLES,SUDOKU,Semi-Annual - 02 Issue
726525,64802,Title SIP,SIP,2024-05-06,2024-08-08,15.49,HUMAN CULTURE,RELIGION,Quarterly - 04 Issues
560748,41248,Title SIP,SIP,2023-02-13,2023-05-18,14.49,HOME,GARDEN,Quarterly - 04 Issues
682069,33989,Title SIP,SIP,2023-10-30,2024-02-01,15.49,HOME,DECORATING,Quarterly - 04 Issues
569741,57607,Starline Stories,Weeklies,2023-03-13,2023-03-27,8.49,ENTERTAINMENT,CELEBRITY PROFILE,Bi-Weekly - 26 Issues
711040,64803,Simply Woman,Weeklies,2024-04-08,2024-04-25,4.99,WOMENS,EVERYDAY LIVING,Weekly - 52 Issues
653595,58006,Starline Stories,Weeklies,2023-08-21,2023-09-04,9.49,ENTERTAINMENT,CELEBRITY PROFILE,Weekly - 52 Issues
680477,57601,Spotlight Lives,Weeklies,2024-03-11,2024-03-25,8.49,ENTERTAINMENT,CELEBRITY PROFILE,Bi-Weekly - 26 Issues
573213,33607,Starline Stories,Weeklies,2023-04-03,2023-04-17,8.49,ENTERTAINMENT,CELEBRITY PROFILE,Bi-Weekly - 26 Issues
650993,67302,Title SIP,SIP,2023-07-10,2023-10-12,15.49,HUMAN CULTURE,TRAVEL,Semi-Annual - 02 Issue
662868,33986,Title SIP,SIP,2023-09-04,2023-12-07,15.49,HOME,DECORATING,Semi-Annual - 02 Issue
669747,9380,Title SIP,SIP,2023-10-23,2024-01-25,15.49,HEALTH & FITNESS,PHYSICAL FITNESS,Quarterly - 04 Issues
572620,64803,Simply Woman,Weeklies,2023-04-10,2023-04-27,4.99,WOMENS,EVERYDAY LIVING,Weekly - 52 Issues
662522,64465,Title SIP,SIP,2023-10-16,2024-01-18,15.49,ENTERTAINMENT,MOVIE / TELEVISION,Quarterly - 04 Issues
662265,34015,Title SIP,SIP,2023-08-07,2023-11-09,15.49,FAMILY,PETS,Quarterly - 04 Issues
657815,33970,Title SIP,SIP,2023-10-30,2024-02-01,15.49,FOOD,HEALTHY EATING,Quarterly - 04 Issues
667504,9388,Title SIP,SIP,2023-11-27,2024-02-29,15.49,REGIONAL,EAST,Quarterly - 04 Issues
675628,57601,Spotlight Lives,Weeklies,2023-10-23,2023-11-06,8.49,ENTERTAINMENT,CELEBRITY PROFILE,Bi-Weekly - 26 Issues
580005,64466,Title SIP,SIP,2023-05-29,2023-08-31,15.49,ENTERTAINMENT,CELEBRITY PROFILE,Semi-Annual - 02 Issue
574239,41312,Title SIP,SIP,2023-05-01,2023-08-03,16.490000000000002,OUTDOORS,SURVIVAL,Quarterly - 04 Issues
639619,67340,Title SIP,SIP,2023-08-14,2023-11-16,8.49,PUZZLES,XWORD,Quarterly - 04 Issues
571548,33601,Spotlight Lives,Weeklies,2023-03-20,2023-04-03,8.49,ENTERTAINMENT,CELEBRITY PROFILE,Bi-Weekly - 26 Issues
567806,33607,Starline Stories,Weeklies,2023-02-20,2023-03-06,8.49,ENTERTAINMENT,CELEBRITY PROFILE,Bi-Weekly - 26 Issues
678702,64462,Title SIP,SIP,2023-10-23,2024-01-25,16.490000000000002,HUMAN CULTURE,RELIGION,Semi-Annual - 02 Issue
696119,57984,Fame & Faces,Weeklies,2024-01-29,2024-02-12,8.49,ENTERTAINMENT,CELEBRITY PROFILE,Weekly - 52 Issues
669206,64453,Everyday Bloom,Weeklies,2023-11-20,2023-12-14,7.99,WOMENS,EVERYDAY LIVING,Bi-Weekly - 26 Issues
682342,34024,Title SIP,SIP,2023-12-11,2024-03-14,15.49,ENTERTAINMENT,MOVIE / TELEVISION,Quarterly - 04 Issues
667890,33583,Fame & Faces,Weeklies,2023-10-16,2023-10-30,8.49,ENTERTAINMENT,CELEBRITY PROFILE,Bi-Weekly - 26 Issues
554870,9389,Title SIP,SIP,2023-01-16,2023-04-20,15.49,WOMENS,EVERYDAY LIVING,Quarterly - 04 Issues
672589,41301,Title SIP,SIP,2023-09-18,2023-12-21,16.490000000000002,HUMAN CULTURE,MYSTERY/SCI-FI,Quarterly - 04 Issues
575325,64803,Simply Woman,Weeklies,2023-04-10,2023-04-27,4.99,WOMENS,EVERYDAY LIVING,Weekly - 52 Issues
652463,57607,Starline Stories,Weeklies,2023-08-28,2023-09-11,8.49,ENTERTAINMENT,CELEBRITY PROFILE,Bi-Weekly - 26 Issues
704242,67312,Title SIP,SIP,2024-05-06,2024-08-08,11.49,PUZZLES,WORD SEEK,Semi-Annual - 02 Issue
704115,64449,Simply Woman,Weeklies,2024-05-27,2024-06-13,4.99,WOMENS,EVERYDAY LIVING,Weekly - 52 Issues
687556,57983,Fame & Faces,Weeklies,2024-01-29,2024-02-12,8.49,ENTERTAINMENT,CELEBRITY PROFILE,Bi-Weekly - 26 Issues
722687,33583,Fame & Faces,Weeklies,2024-04-01,2024-04-15,8.49,ENTERTAINMENT,CELEBRITY PROFILE,Bi-Weekly - 26 Issues
684564,33982,Title SIP,SIP,2024-02-05,2024-05-09,15.49,HOME,DECORATING,Quarterly - 04 Issues
572967,9304,Title SIP,SIP,2023-03-27,2023-06-29,15.49,HOME,DECORATING,Quarterly - 04 Issues
691269,64457,Title SIP,SIP,2024-04-29,2024-08-01,11.49,PUZZLES,SUDOKU,Bi-Monthly - 06 Issues
668420,33983,Title SIP,SIP,2024-01-29,2024-05-02,15.49,HOME,GARDEN,Quarterly - 04 Issues
705968,57549,Echo of Fame,Weeklies,2024-05-20,2024-06-03,8.49,ENTERTAINMENT,TRIBUTE,Bi-Weekly - 26 Issues
689571,64803,Simply Woman,Weeklies,2024-01-15,2024-02-01,4.99,WOMENS,EVERYDAY LIVING,Weekly - 52 Issues
645291,64449,Simply Woman,Weeklies,2023-06-12,2023-06-29,4.99,WOMENS,EVERYDAY LIVING,Weekly - 52 Issues
708131,57601,Spotlight Lives,Weeklies,2024-05-06,2024-05-20,8.49,ENTERTAINMENT,CELEBRITY PROFILE,Bi-Weekly - 26 Issues
693106,9416,Title SIP,SIP,2024-01-15,2024-04-18,15.49,NEWS & FINANCE,FINANCE,Quarterly - 04 Issues
690275,67306,Title SIP,SIP,2024-03-25,2024-06-27,15.49,ENTERTAINMENT,MOVIE / TELEVISION,Quarterly - 04 Issues
650038,64453,Everyday Bloom,Weeklies,2023-08-07,2023-08-31,6.99,WOMENS,EVERYDAY LIVING,Bi-Weekly - 26 Issues
656186,33952,Title SIP,SIP,2023-09-04,2023-12-07,11.49,HOBBY,ACTIVITY / COLORING,Quarterly - 04 Issues
667209,33549,Echo of Fame,Weeklies,2023-12-11,2023-12-25,8.49,ENTERTAINMENT,CELEBRITY PROFILE,Weekly - 52 Issues
570879,67373,Title SIP,SIP,2023-04-17,2023-07-20,15.49,FOOD,EVERYDAY EATING,Quarterly - 04 Issues
584391,33972,Title SIP,SIP,2023-06-05,2023-09-07,15.49,FOOD,EVERYDAY EATING,Quarterly - 04 Issues
579721,9418,Title SIP,SIP,2023-05-15,2023-08-17,15.49,ENTERTAINMENT,CELEBRITY PROFILE,Quarterly - 04 Issues
664575,9416,Title SIP,SIP,2023-10-09,2024-01-11,15.49,FOOD,EVERYDAY EATING,Quarterly - 04 Issues
647946,33601,Spotlight Lives,Weeklies,2023-07-24,2023-08-07,8.49,ENTERTAINMENT,CELEBRITY PROFILE,Bi-Weekly - 26 Issues
655540,9302,Title SIP,SIP,2023-09-11,2023-12-14,15.49,ENTERTAINMENT,MOVIE / TELEVISION,Quarterly - 04 Issues
659124,41156,Title SIP,SIP,2023-10-16,2024-01-18,14.49,ENTERTAINMENT,MUSIC,Quarterly - 04 Issues
642939,67327,Title SIP,SIP,2023-05-08,2023-08-10,15.49,ENTERTAINMENT,CELEBRITY PROFILE,Semi-Annual - 02 Issue
558902,64462,Title SIP,SIP,2023-02-13,2023-05-18,16.490000000000002,HUMAN CULTURE,RELIGION,Semi-Annual - 02 Issue
557922,61531,Title SIP,SIP,2023-01-16,2023-04-20,15.49,NEWS & FINANCE,BUSINESS,Quarterly - 04 Issues
561133,33972,Title SIP,SIP,2023-02-06,2023-05-11,15.49,ENTERTAINMENT,MOVIE / TELEVISION,Quarterly - 04 Issues
645188,9300,Title SIP,SIP,2023-09-04,2023-12-07,15.49,ENTERTAINMENT,MOVIE / TELEVISION,Quarterly - 04 Issues
564557,64803,Simply Woman,Weeklies,2023-02-13,2023-03-02,4.99,WOMENS,EVERYDAY LIVING,Weekly - 52 Issues
573588,57607,Starline Stories,Weeklies,2023-03-27,2023-04-10,8.49,ENTERTAINMENT,CELEBRITY PROFILE,Bi-Weekly - 26 Issues
664470,41245,Title SIP,SIP,2023-09-25,2023-12-28,14.49,FOOD,EVERYDAY EATING,Quarterly - 04 Issues
662186,41245,Title SIP,SIP,2023-09-25,2023-12-28,14.49,FOOD,EVERYDAY EATING,Quarterly - 04 Issues
658772,33607,Starline Stories,Weeklies,2023-09-18,2023-10-02,8.49,ENTERTAINMENT,CELEBRITY PROFILE,Bi-Weekly - 26 Issues
643402,67313,Title SIP,SIP,2023-07-10,2023-10-12,8.49,PUZZLES,XWORD,Semi-Annual - 02 Issue
647662,41303,Title SIP,SIP,2023-07-31,2023-11-02,16.490000000000002,OUTDOORS,HUNT/FISH,Quarterly - 04 Issues
556804,33951,Title SIP,SIP,2023-01-23,2023-04-27,11.49,PUZZLES,LOGIC,Quarterly - 04 Issues
669264,67341,Title SIP,SIP,2023-12-11,2024-03-14,8.49,PUZZLES,SUDOKU,Quarterly - 04 Issues
563111,67311,Title SIP,SIP,2023-02-27,2023-06-01,8.49,PUZZLES,XWORD,Semi-Annual - 02 Issue
584732,57601,Spotlight Lives,Weeklies,2023-05-22,2023-06-05,8.49,ENTERTAINMENT,CELEBRITY PROFILE,Bi-Weekly - 26 Issues
659852,57983,Fame & Faces,Weeklies,2023-09-25,2023-10-09,8.49,ENTERTAINMENT,CELEBRITY PROFILE,Bi-Weekly - 26 Issues
584344,33979,Title SIP,SIP,2023-06-12,2023-09-14,15.49,FOOD,HEALTHY EATING,Quarterly - 04 Issues
579553,67345,Title SIP,SIP,2023-06-05,2023-09-07,8.49,PUZZLES,WORD SEEK,Quarterly - 04 Issues
665585,64468,Title SIP,SIP,2023-11-20,2024-02-22,15.49,ENTERTAINMENT,MOVIE / TELEVISION,Quarterly - 04 Issues
567164,33601,Spotlight Lives,Weeklies,2023-02-20,2023-03-06,8.49,ENTERTAINMENT,CELEBRITY PROFILE,Bi-Weekly - 26 Issues
574377,33953,Title SIP,SIP,2023-05-15,2023-08-17,11.49,HOBBY,ACTIVITY / COLORING,Quarterly - 04 Issues
554461,33966,Title SIP,SIP,2023-01-23,2023-04-27,15.49,FAMILY,CHILDREN,Quarterly - 04 Issues
675870,33969,Title SIP,SIP,2023-12-18,2024-03-21,15.49,AUTOMOTIVE,CONTEMPORARY CARS,Quarterly - 04 Issues
717100,33549,Echo of Fame,Weeklies,2024-04-29,2024-05-13,8.49,ENTERTAINMENT,CELEBRITY PROFILE,Weekly - 52 Issues
710681,33991,Title SIP,SIP,2024-05-13,2024-08-15,15.49,HOME,DECORATING,Quarterly - 04 Issues
686914,33607,Starline Stories,Weeklies,2024-01-08,2024-01-22,8.49,ENTERTAINMENT,CELEBRITY PROFILE,Bi-Weekly - 26 Issues
683040,67340,Title SIP,SIP,2024-03-04,2024-06-06,8.49,PUZZLES,SUDOKU,Quarterly - 04 Issues
672104,58006,Starline Stories,Weeklies,2023-10-02,2023-10-16,9.49,ENTERTAINMENT,CELEBRITY PROFILE,Weekly - 52 Issues
582806,64459,Title SIP,SIP,2023-05-22,2023-08-24,8.49,PUZZLES,XWORD,Quarterly - 04 Issues
569973,33601,Spotlight Lives,Weeklies,2023-03-20,2023-04-03,8.49,ENTERTAINMENT,CELEBRITY PROFILE,Bi-Weekly - 26 Issues
699277,64449,Simply Woman,Weeklies,2024-03-18,2024-04-04,4.99,WOMENS,EVERYDAY LIVING,Weekly - 52 Issues
579229,64453,Everyday Bloom,Weeklies,2023-05-15,2023-06-08,6.99,WOMENS,EVERYDAY LIVING,Bi-Weekly - 26 Issues
674425,67308,Title SIP,SIP,2023-10-16,2024-01-18,15.49,ENTERTAINMENT,CELEBRITY PROFILE,Quarterly - 04 Issues
561433,67369,Title SIP,SIP,2023-02-13,2023-05-18,15.49,ENTERTAINMENT,TRIBUTE,Quarterly - 04 Issues
653134,33961,Title SIP,SIP,2023-07-31,2023-11-02,11.49,HOBBY,ACTIVITY / COLORING,Quarterly - 04 Issues
575283,64462,Title SIP,SIP,2023-05-15,2023-08-17,16.490000000000002,HUMAN CULTURE,RELIGION,Semi-Annual - 02 Issue
673741,9409,Title SIP,SIP,2023-11-27,2024-02-29,15.49,ENTERTAINMENT,CELEBRITY PROFILE,Quarterly - 04 Issues
636799,67392,Everyday Bloom,Weeklies,2023-07-17,2023-08-10,5.99,WOMENS,EVERYDAY LIVING,Monthly - 12 Issues
571750,57549,Echo of Fame,Weeklies,2023-03-13,2023-03-27,8.49,ENTERTAINMENT,TRIBUTE,Bi-Weekly - 26 Issues
652232,33951,Title SIP,SIP,2023-08-28,2023-11-30,11.49,HOBBY,ACTIVITY / COLORING,Quarterly - 04 Issues
663110,9301,Title SIP,SIP,2023-09-04,2023-12-07,15.49,ENTERTAINMENT,MOVIE / TELEVISION,Quarterly - 04 Issues
579093,41244,Title SIP,SIP,2023-05-22,2023-08-24,14.49,OUTDOORS,SURVIVAL,Quarterly - 04 Issues
583160,33977,Title SIP,SIP,2023-06-12,2023-09-14,15.49,ENTERTAINMENT,CELEBRITY PROFILE,Quarterly - 04 Issues
565526,41301,Title SIP,SIP,2023-02-20,2023-05-25,16.490000000000002,OUTDOORS,SURVIVAL,Quarterly - 04 Issues
568898,9305,Title SIP,SIP,2023-04-03,2023-07-06,15.49,ENTERTAINMENT,MOVIE / TELEVISION,Quarterly - 04 Issues
650854,34010,Title SIP,SIP,2023-07-24,2023-10-26,15.49,FAMILY,EDUCATIONAL,Quarterly - 04 Issues
577745,57607,Starline Stories,Weeklies,2023-04-24,2023-05-08,8.49,ENTERTAINMENT,CELEBRITY PROFILE,Bi-Weekly - 26 Issues
661584,33956,Title SIP,SIP,2023-10-30,2024-02-01,11.49,PUZZLES,LOGIC,Quarterly - 04 Issues
704767,64803,Simply Woman,Weeklies,2024-04-22,2024-05-09,4.99,WOMENS,EVERYDAY LIVING,Weekly - 52 Issues
719528,57983,Fame & Faces,Weeklies,2024-06-17,2024-07-01,8.49,ENTERTAINMENT,CELEBRITY PROFILE,Bi-Weekly - 26 Issues
719028,67311,Title SIP,SIP,2024-04-22,2024-07-25,9.49,PUZZLES,WORD SEEK,Semi-Annual - 02 Issue
681205,34018,Title SIP,SIP,2023-11-27,2024-02-29,15.49,ENTERTAINMENT,CELEBRITY PROFILE,Quarterly - 04 Issues
662439,33583,Fame & Faces,Weeklies,2023-10-02,2023-10-16,8.49,ENTERTAINMENT,CELEBRITY PROFILE,Bi-Weekly - 26 Issues
554338,9389,Title SIP,SIP,2023-01-16,2023-04-20,15.49,WOMENS,EVERYDAY LIVING,Quarterly - 04 Issues
676390,64803,Simply Woman,Weeklies,2023-11-20,2023-12-07,4.99,WOMENS,EVERYDAY LIVING,Weekly - 52 Issues
560106,33607,Starline Stories,Weeklies,2023-01-23,2023-02-06,8.49,ENTERTAINMENT,CELEBRITY PROFILE,Bi-Weekly - 26 Issues
558118,67342,Title SIP,SIP,2023-01-16,2023-04-20,8.49,PUZZLES,WORD SEEK,Quarterly - 04 Issues
658176,64449,Simply Woman,Weeklies,2023-11-27,2023-12-14,5.99,WOMENS,EVERYDAY LIVING,Weekly - 52 Issues
696346,64458,Title SIP,SIP,2024-01-29,2024-05-02,15.49,FOOD,EVERYDAY EATING,Quarterly - 04 Issues
692313,34017,Title SIP,SIP,2024-03-04,2024-06-06,15.49,FOOD,EVERYDAY EATING,Quarterly - 04 Issues
712274,57601,Spotlight Lives,Weeklies,2024-06-03,2024-06-17,8.49,ENTERTAINMENT,CELEBRITY PROFILE,Bi-Weekly - 26 Issues
673583,67310,Title SIP,SIP,2024-01-15,2024-04-18,9.49,PUZZLES,WORD SEEK,Semi-Annual - 02 Issue
715736,9297,Title SIP,SIP,2024-04-22,2024-07-25,15.49,PUZZLES,FILL-IN,Quarterly - 04 Issues
570605,57983,Fame & Faces,Weeklies,2023-04-03,2023-04-17,8.49,ENTERTAINMENT,CELEBRITY PROFILE,Bi-Weekly - 26 Issues
695009,57983,Fame & Faces,Weeklies,2024-02-26,2024-03-11,8.49,ENTERTAINMENT,CELEBRITY PROFILE,Bi-Weekly - 26 Issues
677948,57601,Spotlight Lives,Weeklies,2024-01-29,2024-02-12,8.49,ENTERTAINMENT,CELEBRITY PROFILE,Bi-Weekly - 26 Issues
699054,57984,Fame & Faces,Weeklies,2024-01-08,2024-01-22,8.49,ENTERTAINMENT,CELEBRITY PROFILE,Weekly - 52 Issues
575460,64470,Title SIP,SIP,2023-04-24,2023-07-27,15.49,ENTERTAINMENT,MUSIC,Semi-Annual - 02 Issue
643268,64458,Title SIP,SIP,2023-08-21,2023-11-23,15.49,FOOD,EVERYDAY EATING,Quarterly - 04 Issues
648492,41315,Title SIP,SIP,2023-07-10,2023-10-12,14.49,OUTDOORS,SURVIVAL,Quarterly - 04 Issues
660875,34013,Title SIP,SIP,2023-11-20,2024-02-22,15.49,HEALTH & FITNESS,WELLNESS/EMOTIONAL HEALTH,Quarterly - 04 Issues
668632,33981,Title SIP,SIP,2023-11-06,2024-02-08,15.49,FAMILY,PETS,Quarterly - 04 Issues
557570,64449,Simply Woman,Weeklies,2023-01-23,2023-02-09,4.99,WOMENS,EVERYDAY LIVING,Weekly - 52 Issues
701574,67317,Title SIP,SIP,2024-02-26,2024-05-30,15.49,ENTERTAINMENT,MOVIE / TELEVISION,Semi-Annual - 02 Issue
646479,64449,Simply Woman,Weeklies,2023-07-10,2023-07-27,4.99,WOMENS,EVERYDAY LIVING,Weekly - 52 Issues
684594,64477,Title SIP,SIP,2023-11-27,2024-02-29,15.49,ENTERTAINMENT,CELEBRITY PROFILE,Quarterly - 04 Issues
586222,33607,Starline Stories,Weeklies,2023-05-29,2023-06-12,8.49,ENTERTAINMENT,CELEBRITY PROFILE,Bi-Weekly - 26 Issues
560788,41244,Title SIP,SIP,2023-01-30,2023-05-04,14.49,OUTDOORS,SURVIVAL,Quarterly - 04 Issues
570625,9299,Title SIP,SIP,2023-03-13,2023-06-15,15.49,ENTERTAINMENT,MOVIE / TELEVISION,Quarterly - 04 Issues
682425,33607,Starline Stories,Weeklies,2023-11-13,2023-11-27,8.49,ENTERTAINMENT,CELEBRITY PROFILE,Bi-Weekly - 26 Issues
567042,33997,Title SIP,SIP,2023-03-06,2023-06-08,15.49,HOBBY,COMICS,Quarterly - 04 Issues
703981,33583,Fame & Faces,Weeklies,2024-04-15,2024-04-29,8.49,ENTERTAINMENT,CELEBRITY PROFILE,Bi-Weekly - 26 Issues
675996,34011,Title SIP,SIP,2024-02-19,2024-05-23,15.49,HOME,DECORATING,Quarterly - 04 Issues
699840,57984,Fame & Faces,Weeklies,2024-04-15,2024-04-29,8.49,ENTERTAINMENT,CELEBRITY PROFILE,Weekly - 52 Issues
683808,57983,Fame & Faces,Weeklies,2023-10-23,2023-11-06,8.49,ENTERTAINMENT,CELEBRITY PROFILE,Bi-Weekly - 26 Issues
556020,41155,Title SIP,SIP,2023-01-16,2023-04-20,14.49,FOOD,EVERYDAY EATING,Quarterly - 04 Issues
554715,33965,Title SIP,SIP,2023-01-23,2023-04-27,15.49,HOBBY,COLLECTOR/MINIATURES,Semi-Annual - 02 Issue
713369,33959,Title SIP,SIP,2024-06-03,2024-09-05,11.49,HOBBY,ACTIVITY / COLORING,Quarterly - 04 Issues
689390,67392,Everyday Bloom,Weeklies,2024-01-22,2024-02-12,5.99,WOMENS,EVERYDAY LIVING,Monthly - 12 Issues
698881,67339,Title SIP,SIP,2024-04-01,2024-07-04,11.49,HOBBY,ACTIVITY / COLORING,Quarterly - 04 Issues
713007,9428,Title SIP,SIP,2024-05-06,2024-08-08,15.49,HOBBY,COMPUTER & MUSIC TECH,Quarterly - 04 Issues
566239,41250,Title SIP,SIP,2023-02-27,2023-06-01,14.49,HOME,GARDEN,Quarterly - 04 Issues
708965,33960,Title SIP,SIP,2024-05-27,2024-08-29,11.49,HOBBY,ACTIVITY / COLORING,Quarterly - 04 Issues
688961,33607,Starline Stories,Weeklies,2024-01-08,2024-01-22,8.49,ENTERTAINMENT,CELEBRITY PROFILE,Bi-Weekly - 26 Issues
693304,57984,Fame & Faces,Weeklies,2024-05-20,2024-06-03,8.49,ENTERTAINMENT,CELEBRITY PROFILE,Weekly - 52 Issues
660567,41151,Title SIP,SIP,2023-09-18,2023-12-21,15.49,HUMAN CULTURE,MYSTERY/SCI-FI,Quarterly - 04 Issues
666184,34010,Title SIP,SIP,2023-11-13,2024-02-15,15.49,ENTERTAINMENT,MOVIE / TELEVISION,Quarterly - 04 Issues
692523,67392,Everyday Bloom,Weeklies,2024-05-20,2024-06-06,5.99,WOMENS,EVERYDAY LIVING,Monthly - 12 Issues
697694,34023,Title SIP,SIP,2024-04-29,2024-08-01,15.49,FOOD,SPIRITS,Quarterly - 04 Issues
663198,67312,Title SIP,SIP,2024-02-05,2024-05-09,8.49,PUZZLES,XWORD,Semi-Annual - 02 Issue
554649,33965,Title SIP,SIP,2023-01-23,2023-04-27,15.49,HOBBY,COLLECTOR/MINIATURES,Semi-Annual - 02 Issue
637116,57984,Fame & Faces,Weeklies,2023-06-05,2023-06-19,8.49,ENTERTAINMENT,CELEBRITY PROFILE,Weekly - 52 Issues
656687,33989,Title SIP,SIP,2023-07-03,2023-10-05,15.49,HOME,DECORATING,Quarterly - 04 Issues
553615,67301,Title SIP,SIP,2023-01-09,2023-04-13,15.49,WOMENS,EVERYDAY LIVING,Quarterly - 04 Issues
663924,67320,Title SIP,SIP,2023-11-13,2024-02-15,15.49,ENTERTAINMENT,MOVIE / TELEVISION,Semi-Annual - 02 Issue
671776,41241,Title SIP,SIP,2023-11-20,2024-02-22,14.49,HOBBY,VIDEO GAMES,Quarterly - 04 Issues
665681,9415,Title SIP,SIP,2023-10-09,2024-01-11,15.49,HUMAN CULTURE,HISTORY,Quarterly - 04 Issues
576613,64475,Title SIP,SIP,2023-05-15,2023-08-17,15.49,HUMAN CULTURE,HISTORY,Quarterly - 04 Issues
663188,9423,Title SIP,SIP,2023-11-27,2024-02-29,15.49,ENTERTAINMENT,MUSIC,Quarterly - 04 Issues
643205,34002,Title SIP,SIP,2023-07-17,2023-10-19,15.49,HUMAN CULTURE,TRAVEL,Semi-Annual - 02 Issue
655600,67299,Title SIP,SIP,2023-09-11,2023-12-14,15.49,ENTERTAINMENT,CELEBRITY PROFILE,Semi-Annual - 02 Issue
662229,64455,Title SIP,SIP,2023-11-20,2024-02-22,8.49,PUZZLES,WORD SEEK,Quarterly - 04 Issues
662968,64802,Title SIP,SIP,2023-08-14,2023-11-16,15.49,HUMAN CULTURE,MYSTERY/SCI-FI,Quarterly - 04 Issues
559066,41245,Title SIP,SIP,2023-02-06,2023-05-11,14.49,ENTERTAINMENT,MUSIC,Quarterly - 04 Issues
664172,9420,Title SIP,SIP,2023-11-06,2024-02-08,15.49,ENTERTAINMENT,MUSIC,Quarterly - 04 Issues
673419,41316,Title SIP,SIP,2023-12-04,2024-03-07,14.49,HOBBY,VIDEO GAMES,Quarterly - 04 Issues
576044,33950,Title SIP,SIP,2023-04-24,2023-07-27,11.49,HOBBY,ACTIVITY / COLORING,Quarterly - 04 Issues
555446,61534,Title SIP,SIP,2023-01-09,2023-04-13,15.49,FOOD,HEALTHY EATING,Quarterly - 04 Issues
556525,9391,Title SIP,SIP,2023-01-23,2023-04-27,15.49,ENTERTAINMENT,MOVIE / TELEVISION,Quarterly - 04 Issues
592647,67311,Title SIP,SIP,2023-06-19,2023-09-21,8.49,PUZZLES,XWORD,Semi-Annual - 02 Issue
677810,9411,Title SIP,SIP,2023-12-11,2024-03-14,15.49,HUMAN CULTURE,TRAVEL,Quarterly - 04 Issues
659398,33549,Echo of Fame,Weeklies,2023-09-04,2023-09-18,8.49,ENTERTAINMENT,CELEBRITY PROFILE,Weekly - 52 Issues
672994,57549,Echo of Fame,Weeklies,2023-11-06,2023-11-20,8.49,ENTERTAINMENT,TRIBUTE,Bi-Weekly - 26 Issues
641342,57601,Spotlight Lives,Weeklies,2023-06-19,2023-07-03,8.49,ENTERTAINMENT,CELEBRITY PROFILE,Bi-Weekly - 26 Issues
574967,67343,Title SIP,SIP,2023-05-15,2023-08-17,9.49,PUZZLES,VARIETY,Quarterly - 04 Issues
688130,9415,Title SIP,SIP,2024-01-15,2024-04-18,15.49,ENTERTAINMENT,MOVIE / TELEVISION,Quarterly - 04 Issues
695789,41091,Title SIP,SIP,2024-02-26,2024-05-30,15.49,FOOD,EVERYDAY EATING,Quarterly - 04 Issues
711653,64460,Title SIP,SIP,2024-06-03,2024-09-05,9.49,PUZZLES,XWORD,Quarterly - 04 Issues
694895,57983,Fame & Faces,Weeklies,2024-04-22,2024-05-06,8.49,ENTERTAINMENT,CELEBRITY PROFILE,Bi-Weekly - 26 Issues
701993,64803,Simply Woman,Weeklies,2024-03-11,2024-03-28,4.99,WOMENS,EVERYDAY LIVING,Weekly - 52 Issues
669668,64802,Title SIP,SIP,2024-01-01,2024-04-04,15.49,ENTERTAINMENT,MOVIE / TELEVISION,Quarterly - 04 Issues
668174,33974,Title SIP,SIP,2023-12-18,2024-03-14,15.49,ENTERTAINMENT,MUSIC,Quarterly - 04 Issues
712543,57601,Spotlight Lives,Weeklies,2024-03-25,2024-04-08,8.49,ENTERTAINMENT,CELEBRITY PROFILE,Bi-Weekly - 26 Issues
719665,67322,Title SIP,SIP,2024-04-08,2024-07-11,15.49,ENTERTAINMENT,MOVIE / TELEVISION,Semi-Annual - 02 Issue
707545,64476,Title SIP,SIP,2024-02-26,2024-05-30,14.49,ENTERTAINMENT,TRIBUTE,Quarterly - 04 Issues
702655,64453,Everyday Bloom,Weeklies,2024-05-13,2024-05-30,7.99,WOMENS,EVERYDAY LIVING,Bi-Weekly - 26 Issues
668592,33999,Title SIP,SIP,2023-11-06,2024-02-08,15.49,ENTERTAINMENT,CELEBRITY PROFILE,Quarterly - 04 Issues
677144,41090,Title SIP,SIP,2023-12-04,2024-03-07,15.49,FOOD,EVERYDAY EATING,Quarterly - 04 Issues
661480,33549,Echo of Fame,Weeklies,2023-09-18,2023-10-02,8.49,ENTERTAINMENT,CELEBRITY PROFILE,Weekly - 52 Issues
673711,57983,Fame & Faces,Weeklies,2023-11-06,2023-11-20,8.49,ENTERTAINMENT,CELEBRITY PROFILE,Bi-Weekly - 26 Issues
680296,41155,Title SIP,SIP,2024-01-01,2024-04-04,15.49,FOOD,HEALTHY EATING,Quarterly - 04 Issues
722743,64461,Title SIP,SIP,2024-05-27,2024-08-29,11.49,PUZZLES,SUDOKU,Quarterly - 04 Issues
554347,33966,Title SIP,SIP,2023-01-23,2023-04-27,15.49,FAMILY,CHILDREN,Quarterly - 04 Issues
581588,33981,Title SIP,SIP,2023-06-19,2023-09-21,15.49,HEALTH & FITNESS,WELLNESS/EMOTIONAL HEALTH,Quarterly - 04 Issues
559527,67323,Title SIP,SIP,2023-01-09,2023-04-13,16.490000000000002,SPORT,COMMEMORATIVE,Semi-Annual - 02 Issue
663236,9414,Title SIP,SIP,2023-09-18,2023-12-21,15.49,HOME,DECORATING,Quarterly - 04 Issues
651862,9412,Title SIP,SIP,2023-08-07,2023-11-09,15.49,ENTERTAINMENT,MOVIE / TELEVISION,Quarterly - 04 Issues
643045,9386,Title SIP,SIP,2023-06-26,2023-09-28,15.49,HUMAN CULTURE,HISTORY,Quarterly - 04 Issues
660403,64458,Title SIP,SIP,2023-08-21,2023-11-23,15.49,FOOD,EVERYDAY EATING,Quarterly - 04 Issues
650966,57601,Spotlight Lives,Weeklies,2023-07-17,2023-07-31,8.49,ENTERTAINMENT,CELEBRITY PROFILE,Bi-Weekly - 26 Issues
569158,34015,Title SIP,SIP,2023-04-10,2023-07-13,15.49,HUMAN CULTURE,TRAVEL,Quarterly - 04 Issues
674181,57549,Echo of Fame,Weeklies,2023-11-06,2023-11-20,8.49,ENTERTAINMENT,TRIBUTE,Bi-Weekly - 26 Issues
636216,67371,Title SIP,SIP,2023-06-19,2023-09-21,14.49,SPORT,FOOTBALL,Quarterly - 04 Issues
675397,41316,Title SIP,SIP,2023-12-04,2024-03-07,14.49,HOBBY,VIDEO GAMES,Quarterly - 04 Issues
563959,64832,Title SIP,SIP,2023-02-20,2023-05-25,8.49,ENTERTAINMENT,TRIBUTE,Quarterly - 04 Issues
558237,9411,Title SIP,SIP,2023-01-30,2023-05-04,15.49,HOBBY,VIDEO GAMES,Quarterly - 04 Issues
647005,41154,Title SIP,SIP,2023-07-24,2023-10-26,14.49,ENTERTAINMENT,MUSIC,Quarterly - 04 Issues
641714,33601,Spotlight Lives,Weeklies,2023-06-12,2023-06-26,8.49,ENTERTAINMENT,CELEBRITY PROFILE,Bi-Weekly - 26 Issues
649997,58005,Spotlight Lives,Weeklies,2023-09-18,2023-10-02,8.49,ENTERTAINMENT,CELEBRITY PROFILE,Weekly - 52 Issues
649523,33583,Fame & Faces,Weeklies,2023-08-21,2023-09-04,8.49,ENTERTAINMENT,CELEBRITY PROFILE,Bi-Weekly - 26 Issues
686156,64465,Title SIP,SIP,2024-02-19,2024-05-23,15.49,SPORT,COMMEMORATIVE,Quarterly - 04 Issues
688234,64453,Everyday Bloom,Weeklies,2024-01-01,2024-01-22,6.99,WOMENS,EVERYDAY LIVING,Bi-Weekly - 26 Issues
654548,33998,Title SIP,SIP,2023-11-06,2024-02-08,15.49,HUMAN CULTURE,RELIGION,Quarterly - 04 Issues
641552,67301,Title SIP,SIP,2023-07-03,2023-10-05,15.49,WOMENS,EVERYDAY LIVING,Quarterly - 04 Issues
579888,41152,Title SIP,SIP,2023-05-22,2023-08-24,15.49,ENTERTAINMENT,CELEBRITY PROFILE,Quarterly - 04 Issues
572071,64803,Simply Woman,Weeklies,2023-03-27,2023-04-13,4.99,WOMENS,EVERYDAY LIVING,Weekly - 52 Issues
656994,57601,Spotlight Lives,Weeklies,2023-06-19,2023-07-03,8.49,ENTERTAINMENT,CELEBRITY PROFILE,Bi-Weekly - 26 Issues
580631,33549,Echo of Fame,Weeklies,2023-05-15,2023-05-29,8.49,ENTERTAINMENT,CELEBRITY PROFILE,Weekly - 52 Issues
715903,9421,Title SIP,SIP,2024-04-22,2024-07-25,15.49,HOBBY,COMICS,Quarterly - 04 Issues
718604,33960,Title SIP,SIP,2024-05-27,2024-08-29,11.49,HOBBY,ACTIVITY / COLORING,Quarterly - 04 Issues
692715,9308,Title SIP,SIP,2024-04-01,2024-07-04,15.49,ENTERTAINMENT,MUSIC,Quarterly - 04 Issues
706044,64451,Everyday Bloom,Weeklies,2024-04-01,2024-04-18,5.99,WOMENS,EVERYDAY LIVING,Monthly - 12 Issues
685543,9302,Title SIP,SIP,2024-02-12,2024-05-16,15.49,FOOD,EVERYDAY EATING,Quarterly - 04 Issues
710056,64453,Everyday Bloom,Weeklies,2024-06-03,2024-06-20,6.99,WOMENS,EVERYDAY LIVING,Bi-Weekly - 26 Issues
682657,57983,Fame & Faces,Weeklies,2023-12-25,2024-01-15,8.49,ENTERTAINMENT,CELEBRITY PROFILE,Bi-Weekly - 26 Issues
720823,57549,Echo of Fame,Weeklies,2024-04-22,2024-05-06,8.49,ENTERTAINMENT,TRIBUTE,Bi-Weekly - 26 Issues
695013,34013,Title SIP,SIP,2024-03-18,2024-06-20,15.49,HOME,BUILDING,Quarterly - 04 Issues
725264,67392,Everyday Bloom,Weeklies,2024-06-17,2024-07-04,5.99,WOMENS,EVERYDAY LIVING,Monthly - 12 Issues
688203,57983,Fame & Faces,Weeklies,2024-03-25,2024-04-08,8.49,ENTERTAINMENT,CELEBRITY PROFILE,Bi-Weekly - 26 Issues
673314,57984,Fame & Faces,Weeklies,2023-09-11,2023-09-25,8.49,ENTERTAINMENT,CELEBRITY PROFILE,Weekly - 52 Issues
643752,64471,Title SIP,SIP,2023-06-26,2023-09-28,15.49,ENTERTAINMENT,MOVIE / TELEVISION,Semi-Annual - 02 Issue
562685,67326,Title SIP,SIP,2023-01-16,2023-04-20,16.490000000000002,ENTERTAINMENT,CELEBRITY PROFILE,Semi-Annual - 02 Issue
662558,33959,Title SIP,SIP,2023-11-13,2024-02-15,11.49,HOBBY,ACTIVITY / COLORING,Quarterly - 04 Issues
569645,9426,Title SIP,SIP,2023-04-17,2023-07-20,15.49,HUMAN CULTURE,TRAVEL,Quarterly - 04 Issues
645074,67303,Title SIP,SIP,2023-05-29,2023-08-31,15.49,ENTERTAINMENT,CELEBRITY PROFILE,Quarterly - 04 Issues
658193,64467,Title SIP,SIP,2023-08-21,2023-11-23,16.490000000000002,HUMAN CULTURE,RELIGION,Semi-Annual - 02 Issue
675352,9387,Title SIP,SIP,2023-11-20,2024-02-22,15.49,ENTERTAINMENT,MUSIC,Quarterly - 04 Issues
553802,67302,Title SIP,SIP,2023-01-16,2023-04-20,15.49,SPORT,COMMEMORATIVE,Semi-Annual - 02 Issue
682194,41150,Title SIP,SIP,2023-10-30,2024-02-01,15.49,ENTERTAINMENT,MUSIC,Quarterly - 04 Issues
647528,33965,Title SIP,SIP,2023-09-18,2023-12-21,15.49,ENTERTAINMENT,CELEBRITY PROFILE,Semi-Annual - 02 Issue
676657,67323,Title SIP,SIP,2023-12-11,2024-03-14,15.49,HUMAN CULTURE,TRAVEL,Semi-Annual - 02 Issue
663919,34016,Title SIP,SIP,2023-11-20,2024-02-22,15.49,ENTERTAINMENT,TRIBUTE,Quarterly - 04 Issues
570932,34018,Title SIP,SIP,2023-04-10,2023-07-13,15.49,ENTERTAINMENT,MOVIE / TELEVISION,Quarterly - 04 Issues
554763,67343,Title SIP,SIP,2023-01-23,2023-04-27,8.49,PUZZLES,WORD SEEK,Quarterly - 04 Issues
674330,33607,Starline Stories,Weeklies,2023-10-16,2023-10-30,8.49,ENTERTAINMENT,CELEBRITY PROFILE,Bi-Weekly - 26 Issues
659463,64465,Title SIP,SIP,2023-10-16,2024-01-18,15.49,ENTERTAINMENT,MOVIE / TELEVISION,Quarterly - 04 Issues
565969,33999,Title SIP,SIP,2023-03-13,2023-06-15,15.49,ENTERTAINMENT,MOVIE / TELEVISION,Quarterly - 04 Issues
703547,9379,Title SIP,SIP,2024-02-26,2024-05-30,15.49,ENTERTAINMENT,MUSIC,Quarterly - 04 Issues
702560,41095,Title SIP,SIP,2024-05-27,2024-08-29,15.49,ENTERTAINMENT,TRIBUTE,Quarterly - 04 Issues
688919,64477,Title SIP,SIP,2023-11-27,2024-02-29,15.49,ENTERTAINMENT,CELEBRITY PROFILE,Quarterly - 04 Issues
649653,57983,Fame & Faces,Weeklies,2023-07-31,2023-08-14,8.49,ENTERTAINMENT,CELEBRITY PROFILE,Bi-Weekly - 26 Issues
658635,33601,Spotlight Lives,Weeklies,2023-09-04,2023-09-18,8.49,ENTERTAINMENT,CELEBRITY PROFILE,Bi-Weekly - 26 Issues
576581,57984,Fame & Faces,Weeklies,2023-04-17,2023-05-01,8.49,ENTERTAINMENT,CELEBRITY PROFILE,Weekly - 52 Issues
655854,67312,Title SIP,SIP,2023-07-03,2023-10-05,8.49,PUZZLES,WORD SEEK,Semi-Annual - 02 Issue
701428,67313,Title SIP,SIP,2024-05-13,2024-08-15,9.49,PUZZLES,XWORD,Semi-Annual - 02 Issue
682618,33957,Title SIP,SIP,2024-02-05,2024-05-09,11.49,HOBBY,ACTIVITY / COLORING,Quarterly - 04 Issues
716381,64803,Simply Woman,Weeklies,2024-05-20,2024-06-06,4.99,WOMENS,EVERYDAY LIVING,Weekly - 52 Issues
681583,9295,Title SIP,SIP,2023-12-18,2024-03-21,15.49,HEALTH & FITNESS,WELLNESS/EMOTIONAL HEALTH,Quarterly - 04 Issues
697952,41156,Title SIP,SIP,2024-03-25,2024-06-27,15.49,FOOD,HEALTHY EATING,Quarterly - 04 Issues
708020,57549,Echo of Fame,Weeklies,2024-06-03,2024-06-17,8.49,ENTERTAINMENT,TRIBUTE,Bi-Weekly - 26 Issues
700533,33607,Starline Stories,Weeklies,2024-03-18,2024-04-01,8.49,ENTERTAINMENT,CELEBRITY PROFILE,Bi-Weekly - 26 Issues
692435,67371,Title SIP,SIP,2024-04-29,2024-08-01,15.49,ENTERTAINMENT,TRIBUTE,Quarterly - 04 Issues
718945,33999,Title SIP,SIP,2024-04-01,2024-07-04,15.49,FOOD,HEALTHY EATING,Quarterly - 04 Issues
655784,64836,Simply Woman,Weeklies,2023-07-03,2023-07-20,5.99,WOMENS,EVERYDAY LIVING,Weekly - 52 Issues
652862,64453,Everyday Bloom,Weeklies,2023-09-18,2023-10-12,6.99,WOMENS,EVERYDAY LIVING,Bi-Weekly - 26 Issues
706532,64455,Title SIP,SIP,2024-05-27,2024-08-29,11.49,PUZZLES,WORD SEEK,Quarterly - 04 Issues
709655,64453,Everyday Bloom,Weeklies,2024-06-17,2024-07-04,6.99,WOMENS,EVERYDAY LIVING,Bi-Weekly - 26 Issues
311436,67309,Title SIP,SIP,2023-01-02,2023-04-06,15.49,ENTERTAINMENT,CELEBRITY PROFILE,Quarterly - 04 Issues
663746,41156,Title SIP,SIP,2023-10-16,2024-01-18,14.49,ENTERTAINMENT,MUSIC,Quarterly - 04 Issues
677608,67323,Title SIP,SIP,2023-12-11,2024-03-14,15.49,HUMAN CULTURE,TRAVEL,Semi-Annual - 02 Issue
581215,9420,Title SIP,SIP,2023-06-05,2023-09-07,15.49,HUMAN CULTURE,MYSTERY/SCI-FI,Quarterly - 04 Issues
646000,9390,Title SIP,SIP,2023-06-26,2023-09-28,15.49,HOME,BUILDING,Quarterly - 04 Issues
663249,64451,Everyday Bloom,Weeklies,2023-11-20,2023-12-14,6.99,WOMENS,EVERYDAY LIVING,Monthly - 12 Issues
568114,33996,Title SIP,SIP,2023-03-06,2023-06-08,15.49,FOOD,HEALTHY EATING,Quarterly - 04 Issues
563069,33974,Title SIP,SIP,2023-02-06,2023-05-11,15.49,FAMILY,EDUCATIONAL,Quarterly - 04 Issues
578472,33966,Title SIP,SIP,2023-05-22,2023-08-24,15.49,HOBBY,COMPUTER & MUSIC TECH,Quarterly - 04 Issues
561928,9290,Title SIP,SIP,2023-02-06,2023-05-11,15.49,HUMAN CULTURE,TRAVEL,Quarterly - 04 Issues
575439,67343,Title SIP,SIP,2023-05-15,2023-08-17,9.49,PUZZLES,VARIETY,Quarterly - 04 Issues
565837,33607,Starline Stories,Weeklies,2023-02-20,2023-03-06,8.49,ENTERTAINMENT,CELEBRITY PROFILE,Bi-Weekly - 26 Issues
568693,64454,Title SIP,SIP,2023-03-27,2023-06-29,8.49,PUZZLES,XWORD,Quarterly - 04 Issues
659985,9291,Title SIP,SIP,2023-07-31,2023-11-02,15.49,ENTERTAINMENT,MUSIC,Quarterly - 04 Issues
713553,33583,Fame & Faces,Weeklies,2024-05-27,2024-06-10,8.49,ENTERTAINMENT,CELEBRITY PROFILE,Bi-Weekly - 26 Issues
701668,9297,Title SIP,SIP,2024-04-22,2024-07-25,15.49,PUZZLES,FILL-IN,Quarterly - 04 Issues
681953,67344,Title SIP,SIP,2024-01-08,2024-04-11,9.49,PUZZLES,WORD SEEK,Quarterly - 04 Issues
657524,57549,Echo of Fame,Weeklies,2023-07-03,2023-07-17,8.49,ENTERTAINMENT,TRIBUTE,Bi-Weekly - 26 Issues
636738,34015,Title SIP,SIP,2023-08-07,2023-11-09,15.49,FAMILY,PETS,Quarterly - 04 Issues
666779,41093,Title SIP,SIP,2023-08-28,2023-11-30,15.49,HOME,DECORATING,Quarterly - 04 Issues
559540,9289,Title SIP,SIP,2023-01-30,2023-05-04,15.49,HOME,GARDEN,Quarterly - 04 Issues
667270,64803,Simply Woman,Weeklies,2023-09-25,2023-10-12,4.99,WOMENS,EVERYDAY LIVING,Weekly - 52 Issues
582857,33601,Spotlight Lives,Weeklies,2023-05-15,2023-05-29,8.49,ENTERTAINMENT,CELEBRITY PROFILE,Bi-Weekly - 26 Issues
664692,33995,Title SIP,SIP,2023-10-30,2024-02-01,15.49,FOOD,EVERYDAY EATING,Semi-Annual - 02 Issue
576944,64803,Simply Woman,Weeklies,2023-04-10,2023-04-27,4.99,WOMENS,EVERYDAY LIVING,Weekly - 52 Issues
641403,33601,Spotlight Lives,Weeklies,2023-06-26,2023-07-10,8.49,ENTERTAINMENT,CELEBRITY PROFILE,Bi-Weekly - 26 Issues
712154,57549,Echo of Fame,Weeklies,2024-06-03,2024-06-17,8.49,ENTERTAINMENT,TRIBUTE,Bi-Weekly - 26 Issues
711400,64451,Everyday Bloom,Weeklies,2024-04-15,2024-05-02,5.99,WOMENS,EVERYDAY LIVING,Monthly - 12 Issues
687412,57607,Starline Stories,Weeklies,2024-01-15,2024-01-29,8.49,ENTERTAINMENT,CELEBRITY PROFILE,Bi-Weekly - 26 Issues
679020,64467,Title SIP,SIP,2024-02-12,2024-05-16,16.490000000000002,HUMAN CULTURE,RELIGION,Semi-Annual - 02 Issue
717644,64455,Title SIP,SIP,2024-05-27,2024-08-29,11.49,PUZZLES,WORD SEEK,Quarterly - 04 Issues
699587,9424,Title SIP,SIP,2024-02-05,2024-05-09,15.49,HEALTH & FITNESS,WELLNESS/EMOTIONAL HEALTH,Quarterly - 04 Issues
703222,67392,Everyday Bloom,Weeklies,2024-04-08,2024-04-25,5.99,WOMENS,EVERYDAY LIVING,Monthly - 12 Issues
707456,9426,Title SIP,SIP,2024-04-01,2024-07-04,15.49,HOBBY,ANIMAL,Quarterly - 04 Issues
709889,64466,Title SIP,SIP,2024-05-27,2024-08-29,15.49,AUTOMOTIVE,HIGH PERFORMANCE,Semi-Annual - 02 Issue
683486,33982,Title SIP,SIP,2024-02-05,2024-05-09,15.49,HOME,DECORATING,Quarterly - 04 Issues
697487,33549,Echo of Fame,Weeklies,2023-12-25,2024-01-08,8.49,ENTERTAINMENT,CELEBRITY PROFILE,Weekly - 52 Issues
644702,34017,Title SIP,SIP,2023-08-07,2023-11-09,15.49,ENTERTAINMENT,MUSIC,Quarterly - 04 Issues
649133,33990,Title SIP,SIP,2023-07-03,2023-10-05,15.49,ENTERTAINMENT,CELEBRITY PROFILE,Quarterly - 04 Issues
555649,64440,Title SIP,SIP,2023-01-02,2023-04-06,15.49,ENTERTAINMENT,TRIBUTE,Quarterly - 04 Issues
572526,33607,Starline Stories,Weeklies,2023-04-03,2023-04-17,8.49,ENTERTAINMENT,CELEBRITY PROFILE,Bi-Weekly - 26 Issues
659024,57601,Spotlight Lives,Weeklies,2023-07-03,2023-07-17,8.49,ENTERTAINMENT,CELEBRITY PROFILE,Bi-Weekly - 26 Issues
360425,67322,Title SIP,SIP,2023-01-02,2023-04-06,15.49,FOOD,EVERYDAY EATING,Semi-Annual - 02 Issue
654249,33953,Title SIP,SIP,2023-09-11,2023-12-14,11.49,HOBBY,ACTIVITY / COLORING,Quarterly - 04 Issues
572273,67340,Title SIP,SIP,2023-04-24,2023-07-27,8.49,PUZZLES,XWORD,Quarterly - 04 Issues
663573,57983,Fame & Faces,Weeklies,2023-10-23,2023-11-06,8.49,ENTERTAINMENT,CELEBRITY PROFILE,Bi-Weekly - 26 Issues
633623,64836,Simply Woman,Weeklies,2023-06-12,2023-06-29,5.99,WOMENS,EVERYDAY LIVING,Weekly - 52 Issues
686988,57549,Echo of Fame,Weeklies,2023-11-06,2023-11-20,8.49,ENTERTAINMENT,TRIBUTE,Bi-Weekly - 26 Issues
559127,67345,Title SIP,SIP,2023-02-13,2023-05-18,8.49,PUZZLES,WORD SEEK,Quarterly - 04 Issues
565632,67326,Title SIP,SIP,2023-01-16,2023-04-20,16.490000000000002,ENTERTAINMENT,CELEBRITY PROFILE,Semi-Annual - 02 Issue
676104,33963,Title SIP,SIP,2024-01-01,2024-04-04,11.49,HOBBY,ACTIVITY / COLORING,Quarterly - 04 Issues
694939,57601,Spotlight Lives,Weeklies,2024-04-08,2024-04-22,8.49,ENTERTAINMENT,CELEBRITY PROFILE,Bi-Weekly - 26 Issues
670688,64802,Title SIP,SIP,2024-01-01,2024-04-04,15.49,ENTERTAINMENT,MOVIE / TELEVISION,Quarterly - 04 Issues
691637,64467,Title SIP,SIP,2024-05-13,2024-08-15,16.490000000000002,HUMAN CULTURE,RELIGION,Semi-Annual - 02 Issue
693185,64803,Simply Woman,Weeklies,2024-02-26,2024-03-14,4.99,WOMENS,EVERYDAY LIVING,Weekly - 52 Issues
669647,33964,Title SIP,SIP,2023-09-18,2023-12-21,15.49,ENTERTAINMENT,MUSIC,Quarterly - 04 Issues
584871,33549,Echo of Fame,Weeklies,2023-05-15,2023-05-29,8.49,ENTERTAINMENT,CELEBRITY PROFILE,Weekly - 52 Issues
570230,57601,Spotlight Lives,Weeklies,2023-03-13,2023-03-27,8.49,ENTERTAINMENT,CELEBRITY PROFILE,Bi-Weekly - 26 Issues
584470,41249,Title SIP,SIP,2023-06-05,2023-09-07,14.49,HOBBY,VIDEO GAMES,Quarterly - 04 Issues
657442,9303,Title SIP,SIP,2023-09-11,2023-12-14,15.49,NEWS & FINANCE,BUSINESS,Quarterly - 04 Issues
666478,64449,Simply Woman,Weeklies,2023-10-30,2023-11-16,5.99,WOMENS,EVERYDAY LIVING,Weekly - 52 Issues
674200,64803,Simply Woman,Weeklies,2023-11-06,2023-11-23,4.99,WOMENS,EVERYDAY LIVING,Weekly - 52 Issues
664227,64470,Title SIP,SIP,2023-10-02,2024-01-04,15.49,ENTERTAINMENT,MOVIE / TELEVISION,Semi-Annual - 02 Issue
580762,41152,Title SIP,SIP,2023-05-22,2023-08-24,15.49,ENTERTAINMENT,CELEBRITY PROFILE,Quarterly - 04 Issues
555932,33967,Title SIP,SIP,2023-01-23,2023-04-27,15.49,HEALTH & FITNESS,WELLNESS/EMOTIONAL HEALTH,Quarterly - 04 Issues
660424,57601,Spotlight Lives,Weeklies,2023-10-09,2023-10-23,8.49,ENTERTAINMENT,CELEBRITY PROFILE,Bi-Weekly - 26 Issues
688577,41307,Title SIP,SIP,2024-03-18,2024-06-20,15.49,SPORT,BASKETBALL,Quarterly - 04 Issues
723165,33607,Starline Stories,Weeklies,2024-04-29,2024-05-13,8.49,ENTERTAINMENT,CELEBRITY PROFILE,Bi-Weekly - 26 Issues
689734,33549,Echo of Fame,Weeklies,2024-01-22,2024-02-05,8.49,ENTERTAINMENT,CELEBRITY PROFILE,Weekly - 52 Issues
672014,57549,Echo of Fame,Weeklies,2023-12-18,2024-01-01,8.49,ENTERTAINMENT,TRIBUTE,Bi-Weekly - 26 Issues
693270,33583,Fame & Faces,Weeklies,2024-03-04,2024-03-18,8.49,ENTERTAINMENT,CELEBRITY PROFILE,Bi-Weekly - 26 Issues
669704,33971,Title SIP,SIP,2023-10-02,2024-01-04,15.49,HOBBY,VIDEO GAMES,Quarterly - 04 Issues
675682,33989,Title SIP,SIP,2023-10-30,2024-02-01,15.49,HOME,DECORATING,Quarterly - 04 Issues
648926,9292,Title SIP,SIP,2023-07-31,2023-11-02,15.49,FOOD,EVERYDAY EATING,Quarterly - 04 Issues
690906,9384,Title SIP,SIP,2024-04-15,2024-07-18,14.49,FOOD,EVERYDAY EATING,Quarterly - 04 Issues
653711,57607,Starline Stories,Weeklies,2023-07-31,2023-08-14,8.49,ENTERTAINMENT,CELEBRITY PROFILE,Bi-Weekly - 26 Issues
683393,41242,Title SIP,SIP,2024-01-08,2024-04-11,15.49,HEALTH & FITNESS,WELLNESS/EMOTIONAL HEALTH,Quarterly - 04 Issues
698518,57607,Starline Stories,Weeklies,2024-03-25,2024-04-08,8.49,ENTERTAINMENT,CELEBRITY PROFILE,Bi-Weekly - 26 Issues
730165,67302,Title SIP,SIP,2024-05-20,2024-08-22,15.49,ENTERTAINMENT,MOVIE / TELEVISION,Semi-Annual - 02 Issue
645244,33601,Spotlight Lives,Weeklies,2023-07-10,2023-07-24,8.49,ENTERTAINMENT,CELEBRITY PROFILE,Bi-Weekly - 26 Issues
656124,33975,Title SIP,SIP,2023-10-02,2024-01-04,15.49,ENTERTAINMENT,MUSIC,Quarterly - 04 Issues
640329,33998,Title SIP,SIP,2023-07-17,2023-10-19,15.49,ENTERTAINMENT,MUSIC,Quarterly - 04 Issues
650878,67369,Title SIP,SIP,2023-07-31,2023-11-02,15.49,HOME,GARDEN,Quarterly - 04 Issues
666505,41151,Title SIP,SIP,2023-09-18,2023-12-21,15.49,HUMAN CULTURE,MYSTERY/SCI-FI,Quarterly - 04 Issues
567733,9425,Title SIP,SIP,2023-03-20,2023-06-22,15.49,ENTERTAINMENT,TRIBUTE,Quarterly - 04 Issues
561249,64832,Title SIP,SIP,2023-02-20,2023-05-25,8.49,ENTERTAINMENT,TRIBUTE,Quarterly - 04 Issues
560634,57601,Spotlight Lives,Weeklies,2023-01-30,2023-02-13,8.49,ENTERTAINMENT,CELEBRITY PROFILE,Bi-Weekly - 26 Issues
576342,9379,Title SIP,SIP,2023-04-24,2023-07-27,15.49,FOOD,EVERYDAY EATING,Quarterly - 04 Issues
657650,9295,Title SIP,SIP,2023-08-14,2023-11-16,15.49,ENTERTAINMENT,MOVIE / TELEVISION,Quarterly - 04 Issues
559832,33970,Title SIP,SIP,2023-01-30,2023-05-04,15.49,FOOD,HEALTHY EATING,Quarterly - 04 Issues
564311,64457,Title SIP,SIP,2023-03-06,2023-06-08,8.49,PUZZLES,SUDOKU,Bi-Monthly - 06 Issues
645420,33985,Title SIP,SIP,2023-06-26,2023-09-28,15.49,ENTERTAINMENT,CELEBRITY PROFILE,Quarterly - 04 Issues
573669,34017,Title SIP,SIP,2023-04-10,2023-07-13,15.49,FOOD,HEALTHY EATING,Quarterly - 04 Issues
717691,67392,Everyday Bloom,Weeklies,2024-06-17,2024-07-04,5.99,WOMENS,EVERYDAY LIVING,Monthly - 12 Issues
707881,57601,Spotlight Lives,Weeklies,2024-05-20,2024-06-03,8.49,ENTERTAINMENT,CELEBRITY PROFILE,Bi-Weekly - 26 Issues
723886,33607,Starline Stories,Weeklies,2024-04-29,2024-05-13,8.49,ENTERTAINMENT,CELEBRITY PROFILE,Bi-Weekly - 26 Issues
689764,41246,Title SIP,SIP,2024-05-13,2024-08-15,15.49,HEALTH & FITNESS,WELLNESS/EMOTIONAL HEALTH,Quarterly - 04 Issues
666993,9385,Title SIP,SIP,2023-11-27,2024-02-29,15.49,HUMAN CULTURE,CALENDAR,Quarterly - 04 Issues
679139,9419,Title SIP,SIP,2023-10-30,2024-02-01,15.49,LIFESTYLE,SOCIAL,Quarterly - 04 Issues
660877,33975,Title SIP,SIP,2023-10-02,2024-01-04,15.49,ENTERTAINMENT,MUSIC,Quarterly - 04 Issues
563138,57549,Echo of Fame,Weeklies,2023-02-13,2023-02-27,8.49,ENTERTAINMENT,TRIBUTE,Bi-Weekly - 26 Issues
676899,9411,Title SIP,SIP,2023-12-11,2024-03-14,15.49,HUMAN CULTURE,TRAVEL,Quarterly - 04 Issues
561340,33549,Echo of Fame,Weeklies,2023-02-06,2023-02-20,8.49,ENTERTAINMENT,CELEBRITY PROFILE,Weekly - 52 Issues
659390,64449,Simply Woman,Weeklies,2023-08-07,2023-08-24,4.99,WOMENS,EVERYDAY LIVING,Weekly - 52 Issues
698653,33953,Title SIP,SIP,2024-04-15,2024-07-18,11.49,PUZZLES,LOGIC,Quarterly - 04 Issues
665957,67305,Title SIP,SIP,2024-01-08,2024-04-11,15.49,ENTERTAINMENT,CELEBRITY PROFILE,Quarterly - 04 Issues
667397,64803,Simply Woman,Weeklies,2024-01-15,2024-02-01,4.99,WOMENS,EVERYDAY LIVING,Weekly - 52 Issues
676033,57601,Spotlight Lives,Weeklies,2024-01-01,2024-01-15,8.49,ENTERTAINMENT,CELEBRITY PROFILE,Bi-Weekly - 26 Issues
663494,34004,Title SIP,SIP,2023-11-13,2024-02-15,15.49,HUMAN CULTURE,TRAVEL,Quarterly - 04 Issues
700657,9388,Title SIP,SIP,2024-04-08,2024-07-11,15.49,HOME,BUILDING,Quarterly - 04 Issues
676098,9382,Title SIP,SIP,2024-03-04,2024-06-06,16.490000000000002,LIFESTYLE,SOCIAL,Quarterly - 04 Issues
687386,9379,Title SIP,SIP,2024-02-26,2024-05-30,15.49,ENTERTAINMENT,MUSIC,Quarterly - 04 Issues
669878,9297,Title SIP,SIP,2024-01-01,2024-04-04,15.49,ENTERTAINMENT,MUSIC,Quarterly - 04 Issues
673802,67369,Title SIP,SIP,2023-12-18,2024-03-21,15.49,HUMAN CULTURE,MYSTERY/SCI-FI,Quarterly - 04 Issues
683724,57983,Fame & Faces,Weeklies,2024-01-15,2024-01-29,8.49,ENTERTAINMENT,CELEBRITY PROFILE,Bi-Weekly - 26 Issues
692114,67392,Everyday Bloom,Weeklies,2024-03-25,2024-04-11,5.99,WOMENS,EVERYDAY LIVING,Monthly - 12 Issues
673268,33601,Spotlight Lives,Weeklies,2023-12-25,2024-01-08,8.49,ENTERTAINMENT,CELEBRITY PROFILE,Bi-Weekly - 26 Issues
723226,58006,Starline Stories,Weeklies,2024-04-29,2024-05-13,9.49,ENTERTAINMENT,CELEBRITY PROFILE,Weekly - 52 Issues
718165,41309,Title SIP,SIP,2024-02-12,2024-05-16,16.490000000000002,ENTERTAINMENT,CELEBRITY PROFILE,Quarterly - 04 Issues
664631,58005,Spotlight Lives,Weeklies,2023-10-09,2023-10-23,8.49,ENTERTAINMENT,CELEBRITY PROFILE,Weekly - 52 Issues
576897,64453,Everyday Bloom,Weeklies,2023-06-05,2023-06-29,6.99,WOMENS,EVERYDAY LIVING,Bi-Weekly - 26 Issues
560263,41245,Title SIP,SIP,2023-02-06,2023-05-11,14.49,ENTERTAINMENT,MUSIC,Quarterly - 04 Issues
585747,33964,Title SIP,SIP,2023-05-22,2023-08-24,15.49,ENTERTAINMENT,MUSIC,Quarterly - 04 Issues
714973,57607,Starline Stories,Weeklies,2024-06-17,2024-07-01,8.49,ENTERTAINMENT,CELEBRITY PROFILE,Bi-Weekly - 26 Issues
711163,64449,Simply Woman,Weeklies,2024-03-18,2024-04-04,4.99,WOMENS,EVERYDAY LIVING,Weekly - 52 Issues
659790,64836,Simply Woman,Weeklies,2023-09-11,2023-09-28,5.99,WOMENS,EVERYDAY LIVING,Weekly - 52 Issues
586830,67318,Title SIP,SIP,2023-06-05,2023-09-07,15.49,FAMILY,CHILDREN,Semi-Annual - 02 Issue
570179,64469,Title SIP,SIP,2023-04-10,2023-07-13,15.49,ENTERTAINMENT,MUSIC,Quarterly - 04 Issues
554736,67328,Title SIP,SIP,2023-01-09,2023-04-13,15.49,ENTERTAINMENT,MUSIC,Semi-Annual - 02 Issue
574950,33583,Fame & Faces,Weeklies,2023-03-20,2023-04-03,8.49,ENTERTAINMENT,CELEBRITY PROFILE,Bi-Weekly - 26 Issues
296903,67371,Title SIP,SIP,2023-01-02,2023-04-06,15.49,HOBBY,VIDEO GAMES,Quarterly - 04 Issues
671158,34018,Title SIP,SIP,2023-11-27,2024-02-29,15.49,ENTERTAINMENT,CELEBRITY PROFILE,Quarterly - 04 Issues
675027,34011,Title SIP,SIP,2023-11-13,2024-02-15,15.49,ENTERTAINMENT,MOVIE / TELEVISION,Quarterly - 04 Issues
573860,41090,Title SIP,SIP,2023-05-01,2023-08-03,15.49,ENTERTAINMENT,CELEBRITY PROFILE,Quarterly - 04 Issues
651196,57601,Spotlight Lives,Weeklies,2023-08-14,2023-08-28,8.49,ENTERTAINMENT,CELEBRITY PROFILE,Bi-Weekly - 26 Issues
566987,33583,Fame & Faces,Weeklies,2023-02-20,2023-03-06,8.49,ENTERTAINMENT,CELEBRITY PROFILE,Bi-Weekly - 26 Issues
673550,33601,Spotlight Lives,Weeklies,2023-10-02,2023-10-16,8.49,ENTERTAINMENT,CELEBRITY PROFILE,Bi-Weekly - 26 Issues
574208,67343,Title SIP,SIP,2023-05-15,2023-08-17,9.49,PUZZLES,VARIETY,Quarterly - 04 Issues
649894,67324,Title SIP,SIP,2023-07-24,2023-10-26,15.49,SPORT,FOOTBALL,Semi-Annual - 02 Issue
713996,64464,Title SIP,SIP,2024-05-13,2024-08-15,15.49,FOOD,EVERYDAY EATING,Semi-Annual - 02 Issue
701855,64449,Simply Woman,Weeklies,2024-05-13,2024-05-30,4.99,WOMENS,EVERYDAY LIVING,Weekly - 52 Issues
668171,67339,Title SIP,SIP,2023-11-27,2024-01-25,11.49,HOBBY,ACTIVITY / COLORING,Quarterly - 04 Issues
568387,9308,Title SIP,SIP,2023-04-10,2023-07-13,15.49,HOBBY,WOOD CRAFT,Quarterly - 04 Issues
579164,33952,Title SIP,SIP,2023-05-15,2023-08-17,11.49,HOBBY,ACTIVITY / COLORING,Quarterly - 04 Issues
673290,33549,Echo of Fame,Weeklies,2023-11-13,2023-11-27,8.49,ENTERTAINMENT,CELEBRITY PROFILE,Weekly - 52 Issues
558530,9289,Title SIP,SIP,2023-01-30,2023-05-04,15.49,HOME,GARDEN,Quarterly - 04 Issues
713813,64453,Everyday Bloom,Weeklies,2024-06-10,2024-06-27,6.99,WOMENS,EVERYDAY LIVING,Bi-Weekly - 26 Issues
718054,64802,Title SIP,SIP,2024-05-06,2024-08-08,15.49,HUMAN CULTURE,RELIGION,Quarterly - 04 Issues
710585,33959,Title SIP,SIP,2024-06-03,2024-09-05,11.49,HOBBY,ACTIVITY / COLORING,Quarterly - 04 Issues
686185,33965,Title SIP,SIP,2023-12-18,2024-03-21,15.49,FOOD,SPIRITS,Semi-Annual - 02 Issue
702978,33549,Echo of Fame,Weeklies,2024-06-24,2024-07-08,8.49,ENTERTAINMENT,CELEBRITY PROFILE,Weekly - 52 Issues
708820,33601,Spotlight Lives,Weeklies,2024-03-18,2024-04-01,8.49,ENTERTAINMENT,CELEBRITY PROFILE,Bi-Weekly - 26 Issues
716385,33607,Starline Stories,Weeklies,2024-03-04,2024-03-18,8.49,ENTERTAINMENT,CELEBRITY PROFILE,Bi-Weekly - 26 Issues
694151,57984,Fame & Faces,Weeklies,2024-02-12,2024-02-26,8.49,ENTERTAINMENT,CELEBRITY PROFILE,Weekly - 52 Issues
661382,33954,Title SIP,SIP,2023-10-02,2024-01-04,11.49,HOBBY,ACTIVITY / COLORING,Quarterly - 04 Issues
663808,64453,Everyday Bloom,Weeklies,2023-08-28,2023-09-21,6.99,WOMENS,EVERYDAY LIVING,Bi-Weekly - 26 Issues
694019,33971,Title SIP,SIP,2024-02-05,2024-05-09,15.49,HEALTH & FITNESS,WELLNESS/EMOTIONAL HEALTH,Quarterly - 04 Issues
716574,33980,Title SIP,SIP,2024-05-06,2024-08-08,15.49,HOME,DECORATING,Quarterly - 04 Issues
712682,57607,Starline Stories,Weeklies,2024-06-17,2024-07-01,8.49,ENTERTAINMENT,CELEBRITY PROFILE,Bi-Weekly - 26 Issues
698806,33964,Title SIP,SIP,2024-01-22,2024-04-25,19.49,ENTERTAINMENT,MUSIC,Quarterly - 04 Issues
703386,9302,Title SIP,SIP,2024-06-03,2024-09-05,15.49,FOOD,EVERYDAY EATING,Quarterly - 04 Issues
697681,41311,Title SIP,SIP,2024-02-12,2024-05-16,16.490000000000002,SPORT,FOOTBALL,Quarterly - 04 Issues
658849,57601,Spotlight Lives,Weeklies,2023-07-03,2023-07-17,8.49,ENTERTAINMENT,CELEBRITY PROFILE,Bi-Weekly - 26 Issues
642500,33963,Title SIP,SIP,2023-08-21,2023-11-23,11.49,PUZZLES,LOGIC,Quarterly - 04 Issues
657615,33583,Fame & Faces,Weeklies,2023-09-04,2023-09-18,8.49,ENTERTAINMENT,CELEBRITY PROFILE,Bi-Weekly - 26 Issues
562521,33583,Fame & Faces,Weeklies,2023-02-06,2023-02-20,8.49,ENTERTAINMENT,CELEBRITY PROFILE,Bi-Weekly - 26 Issues
653488,33993,Title SIP,SIP,2023-07-10,2023-10-12,15.49,FOOD,HEALTHY EATING,Quarterly - 04 Issues
582868,41151,Title SIP,SIP,2023-05-15,2023-08-17,15.49,FOOD,HEALTHY EATING,Quarterly - 04 Issues
671112,64468,Title SIP,SIP,2023-11-20,2024-02-22,15.49,ENTERTAINMENT,MOVIE / TELEVISION,Quarterly - 04 Issues
653582,41150,Title SIP,SIP,2023-09-11,2023-12-14,15.49,FOOD,HEALTHY EATING,Quarterly - 04 Issues
555347,67301,Title SIP,SIP,2023-01-09,2023-04-13,15.49,WOMENS,EVERYDAY LIVING,Quarterly - 04 Issues
679669,33955,Title SIP,SIP,2023-10-09,2024-01-11,11.49,HOBBY,ACTIVITY / COLORING,Quarterly - 04 Issues
580389,41311,Title SIP,SIP,2023-05-29,2023-08-31,16.490000000000002,FAMILY,PETS,Quarterly - 04 Issues
669775,64454,Title SIP,SIP,2023-11-06,2024-02-08,8.49,PUZZLES,XWORD,Quarterly - 04 Issues
664425,64803,Simply Woman,Weeklies,2023-07-31,2023-08-17,4.99,WOMENS,EVERYDAY LIVING,Weekly - 52 Issues
649531,33549,Echo of Fame,Weeklies,2023-06-26,2023-07-10,8.49,ENTERTAINMENT,CELEBRITY PROFILE,Weekly - 52 Issues
688756,41247,Title SIP,SIP,2024-02-19,2024-05-23,14.49,HOBBY,VIDEO GAMES,Quarterly - 04 Issues
706783,9382,Title SIP,SIP,2024-03-04,2024-06-06,16.490000000000002,LIFESTYLE,SOCIAL,Quarterly - 04 Issues
701362,57601,Spotlight Lives,Weeklies,2024-03-25,2024-04-08,8.49,ENTERTAINMENT,CELEBRITY PROFILE,Bi-Weekly - 26 Issues
702928,33969,Title SIP,SIP,2024-05-27,2024-08-29,15.49,FOOD,HEALTHY EATING,Quarterly - 04 Issues
677559,41093,Title SIP,SIP,2023-12-11,2024-03-14,15.49,ENTERTAINMENT,MUSIC,Quarterly - 04 Issues
669535,67316,Title SIP,SIP,2023-10-30,2024-02-01,15.49,HUMAN CULTURE,HISTORY,Semi-Annual - 02 Issue
672001,57983,Fame & Faces,Weeklies,2023-11-06,2023-11-20,8.49,ENTERTAINMENT,CELEBRITY PROFILE,Bi-Weekly - 26 Issues
674807,57549,Echo of Fame,Weeklies,2023-09-11,2023-09-25,8.49,ENTERTAINMENT,TRIBUTE,Bi-Weekly - 26 Issues
560856,33583,Fame & Faces,Weeklies,2023-01-09,2023-01-23,8.49,ENTERTAINMENT,CELEBRITY PROFILE,Bi-Weekly - 26 Issues
675779,64449,Simply Woman,Weeklies,2023-10-02,2023-10-19,4.99,WOMENS,EVERYDAY LIVING,Weekly - 52 Issues
656111,33607,Starline Stories,Weeklies,2023-08-21,2023-09-04,8.49,ENTERTAINMENT,CELEBRITY PROFILE,Bi-Weekly - 26 Issues
649240,64451,Everyday Bloom,Weeklies,2023-08-07,2023-08-31,5.99,WOMENS,EVERYDAY LIVING,Monthly - 12 Issues
651619,33601,Spotlight Lives,Weeklies,2023-09-04,2023-09-18,8.49,ENTERTAINMENT,CELEBRITY PROFILE,Bi-Weekly - 26 Issues
662977,9417,Title SIP,SIP,2023-10-16,2024-01-18,15.49,HOBBY,ANIMAL,Quarterly - 04 Issues
676623,9424,Title SIP,SIP,2024-02-05,2024-05-09,15.49,HEALTH & FITNESS,WELLNESS/EMOTIONAL HEALTH,Quarterly - 04 Issues
682951,33607,Starline Stories,Weeklies,2023-12-25,2024-01-08,8.49,ENTERTAINMENT,CELEBRITY PROFILE,Bi-Weekly - 26 Issues
687004,9412,Title SIP,SIP,2024-04-29,2024-08-01,15.49,HUMAN CULTURE,MILITARY,Quarterly - 04 Issues
682502,33607,Starline Stories,Weeklies,2024-01-22,2024-02-05,8.49,ENTERTAINMENT,CELEBRITY PROFILE,Bi-Weekly - 26 Issues
718964,33549,Echo of Fame,Weeklies,2024-05-13,2024-05-27,8.49,ENTERTAINMENT,CELEBRITY PROFILE,Weekly - 52 Issues
710481,57607,Starline Stories,Weeklies,2024-05-20,2024-06-03,8.49,ENTERTAINMENT,CELEBRITY PROFILE,Bi-Weekly - 26 Issues
729219,64453,Everyday Bloom,Weeklies,2024-06-17,2024-07-04,6.99,WOMENS,EVERYDAY LIVING,Bi-Weekly - 26 Issues
704246,33967,Title SIP,SIP,2024-04-29,2024-08-01,15.49,HEALTH & FITNESS,PHYSICAL FITNESS,Quarterly - 04 Issues
684658,67390,Title SIP,SIP,2024-02-19,2024-05-23,6.49,PUZZLES,SUDOKU,Quarterly - 04 Issues
672584,64453,Everyday Bloom,Weeklies,2023-10-30,2023-11-23,6.99,WOMENS,EVERYDAY LIVING,Bi-Weekly - 26 Issues
684634,67392,Everyday Bloom,Weeklies,2024-01-22,2024-02-12,5.99,WOMENS,EVERYDAY LIVING,Monthly - 12 Issues
560529,64836,Simply Woman,Weeklies,2023-01-30,2023-02-16,5.99,WOMENS,EVERYDAY LIVING,Weekly - 52 Issues
634277,33583,Fame & Faces,Weeklies,2023-07-10,2023-07-24,8.49,ENTERTAINMENT,CELEBRITY PROFILE,Bi-Weekly - 26 Issues
573668,41241,Title SIP,SIP,2023-05-01,2023-08-03,14.49,ENTERTAINMENT,CELEBRITY PROFILE,Quarterly - 04 Issues
573136,67373,Title SIP,SIP,2023-04-17,2023-07-20,15.49,FOOD,EVERYDAY EATING,Quarterly - 04 Issues
657402,9390,Title SIP,SIP,2023-06-26,2023-09-28,15.49,HOME,BUILDING,Quarterly - 04 Issues
672759,9385,Title SIP,SIP,2023-11-27,2024-02-29,15.49,HUMAN CULTURE,CALENDAR,Quarterly - 04 Issues
559606,57607,Starline Stories,Weeklies,2023-01-02,2023-01-16,8.49,ENTERTAINMENT,CELEBRITY PROFILE,Bi-Weekly - 26 Issues
565809,57607,Starline Stories,Weeklies,2023-02-13,2023-02-27,8.49,ENTERTAINMENT,CELEBRITY PROFILE,Bi-Weekly - 26 Issues
582584,67310,Title SIP,SIP,2023-06-12,2023-09-14,9.49,PUZZLES,VARIETY,Semi-Annual - 02 Issue
577188,41092,Title SIP,SIP,2023-05-08,2023-08-10,15.49,ENTERTAINMENT,CELEBRITY PROFILE,Quarterly - 04 Issues
701899,64449,Simply Woman,Weeklies,2024-05-27,2024-06-13,4.99,WOMENS,EVERYDAY LIVING,Weekly - 52 Issues
664369,41246,Title SIP,SIP,2023-08-28,2023-11-30,14.49,FOOD,EVERYDAY EATING,Quarterly - 04 Issues
648000,67328,Title SIP,SIP,2023-07-17,2023-10-19,15.49,SPORT,OTHER SPORTS,Semi-Annual - 02 Issue
638545,33957,Title SIP,SIP,2023-06-05,2023-09-07,11.49,FAMILY,CHILDREN,Quarterly - 04 Issues
649703,33583,Fame & Faces,Weeklies,2023-08-21,2023-09-04,8.49,ENTERTAINMENT,CELEBRITY PROFILE,Bi-Weekly - 26 Issues
674729,57601,Spotlight Lives,Weeklies,2023-11-20,2023-12-04,8.49,ENTERTAINMENT,CELEBRITY PROFILE,Bi-Weekly - 26 Issues
654913,57601,Spotlight Lives,Weeklies,2023-08-28,2023-09-11,8.49,ENTERTAINMENT,CELEBRITY PROFILE,Bi-Weekly - 26 Issues
644605,33549,Echo of Fame,Weeklies,2023-06-12,2023-06-26,8.49,ENTERTAINMENT,CELEBRITY PROFILE,Weekly - 52 Issues
575826,33583,Fame & Faces,Weeklies,2023-04-17,2023-05-01,8.49,ENTERTAINMENT,CELEBRITY PROFILE,Bi-Weekly - 26 Issues
656165,57983,Fame & Faces,Weeklies,2023-08-28,2023-09-11,8.49,ENTERTAINMENT,CELEBRITY PROFILE,Bi-Weekly - 26 Issues
664071,57601,Spotlight Lives,Weeklies,2023-09-11,2023-09-25,8.49,ENTERTAINMENT,CELEBRITY PROFILE,Bi-Weekly - 26 Issues
663957,33977,Title SIP,SIP,2023-10-09,2024-01-11,15.49,ENTERTAINMENT,CELEBRITY PROFILE,Quarterly - 04 Issues
676358,41244,Title SIP,SIP,2024-02-05,2024-05-09,15.49,HEALTH & FITNESS,MINDFULNESS,Quarterly - 04 Issues
687821,64451,Everyday Bloom,Weeklies,2024-01-01,2024-01-22,5.99,WOMENS,EVERYDAY LIVING,Monthly - 12 Issues
716110,64803,Simply Woman,Weeklies,2024-06-03,2024-06-20,4.99,WOMENS,EVERYDAY LIVING,Weekly - 52 Issues
706436,64453,Everyday Bloom,Weeklies,2024-03-25,2024-04-11,6.99,WOMENS,EVERYDAY LIVING,Bi-Weekly - 26 Issues
567828,41299,Title SIP,SIP,2023-03-20,2023-06-22,14.49,ENTERTAINMENT,MUSIC,Quarterly - 04 Issues
672251,34024,Title SIP,SIP,2023-12-11,2024-03-14,15.49,ENTERTAINMENT,MOVIE / TELEVISION,Quarterly - 04 Issues
657016,57984,Fame & Faces,Weeklies,2023-09-18,2023-10-02,8.49,ENTERTAINMENT,CELEBRITY PROFILE,Weekly - 52 Issues
645111,33985,Title SIP,SIP,2023-06-26,2023-09-28,15.49,ENTERTAINMENT,CELEBRITY PROFILE,Quarterly - 04 Issues
649277,41245,Title SIP,SIP,2023-09-25,2023-12-28,14.49,FOOD,EVERYDAY EATING,Quarterly - 04 Issues
658318,64803,Simply Woman,Weeklies,2023-09-11,2023-09-28,4.99,WOMENS,EVERYDAY LIVING,Weekly - 52 Issues
662619,33549,Echo of Fame,Weeklies,2023-10-02,2023-10-16,8.49,ENTERTAINMENT,CELEBRITY PROFILE,Weekly - 52 Issues
641857,57549,Echo of Fame,Weeklies,2023-06-05,2023-06-19,8.49,ENTERTAINMENT,TRIBUTE,Bi-Weekly - 26 Issues
555659,9410,Title SIP,SIP,2023-01-23,2023-04-27,15.49,ENTERTAINMENT,MUSIC,Quarterly - 04 Issues
576482,34000,Title SIP,SIP,2023-05-01,2023-08-03,15.49,ENTERTAINMENT,MOVIE / TELEVISION,Semi-Annual - 02 Issue
693033,9386,Title SIP,SIP,2024-02-19,2024-05-23,15.49,ENTERTAINMENT,MUSIC,Quarterly - 04 Issues
678614,41247,Title SIP,SIP,2024-02-19,2024-05-23,14.49,HOBBY,VIDEO GAMES,Quarterly - 04 Issues
695643,41299,Title SIP,SIP,2024-06-03,2024-09-05,14.49,HOBBY,VIDEO GAMES,Quarterly - 04 Issues
716074,64464,Title SIP,SIP,2024-05-13,2024-08-15,15.49,FOOD,EVERYDAY EATING,Semi-Annual - 02 Issue
730549,41149,Title SIP,SIP,2024-04-29,2024-08-01,15.49,ENTERTAINMENT,CELEBRITY PROFILE,Quarterly - 04 Issues
694213,57774,Title SIP,SIP,2024-03-25,2024-06-27,14.49,OUTDOORS,SURVIVAL,Quarterly - 04 Issues
704561,9391,Title SIP,SIP,2024-04-01,2024-07-04,15.49,HUMAN CULTURE,HISTORY,Quarterly - 04 Issues
726167,33992,Title SIP,SIP,2024-05-13,2024-08-15,15.49,FOOD,SPIRITS,Quarterly - 04 Issues
693996,34000,Title SIP,SIP,2024-05-27,2024-08-29,16.490000000000002,SPORT,FOOTBALL,Semi-Annual - 02 Issue
711179,57984,Fame & Faces,Weeklies,2024-03-25,2024-04-08,8.49,ENTERTAINMENT,CELEBRITY PROFILE,Weekly - 52 Issues
667221,58005,Spotlight Lives,Weeklies,2023-10-09,2023-10-23,8.49,ENTERTAINMENT,CELEBRITY PROFILE,Weekly - 52 Issues
693102,58005,Spotlight Lives,Weeklies,2023-11-27,2023-12-11,8.49,ENTERTAINMENT,CELEBRITY PROFILE,Weekly - 52 Issues
653847,58005,Spotlight Lives,Weeklies,2023-07-31,2023-08-14,8.49,ENTERTAINMENT,CELEBRITY PROFILE,Weekly - 52 Issues
694571,33979,Title SIP,SIP,2024-03-04,2024-06-06,15.49,PUZZLES,VARIETY,Quarterly - 04 Issues
721674,58005,Spotlight Lives,Weeklies,2024-06-10,2024-06-24,8.49,ENTERTAINMENT,CELEBRITY PROFILE,Weekly - 52 Issues
562090,57983,Fame & Faces,Weeklies,2023-01-30,2023-02-13,8.49,ENTERTAINMENT,CELEBRITY PROFILE,Bi-Weekly - 26 Issues
577021,57549,Echo of Fame,Weeklies,2023-04-10,2023-04-24,8.49,ENTERTAINMENT,TRIBUTE,Bi-Weekly - 26 Issues
561840,33607,Starline Stories,Weeklies,2023-02-06,2023-02-20,8.49,ENTERTAINMENT,CELEBRITY PROFILE,Bi-Weekly - 26 Issues
656481,33966,Title SIP,SIP,2023-09-25,2023-12-28,15.49,HUMAN CULTURE,MYSTERY/SCI-FI,Quarterly - 04 Issues
655386,41097,Title SIP,SIP,2023-09-11,2023-12-14,15.49,FOOD,HEALTHY EATING,Bi-Monthly - 06 Issues
575374,67306,Title SIP,SIP,2023-04-17,2023-07-20,15.49,ENTERTAINMENT,MOVIE / TELEVISION,Quarterly - 04 Issues
644021,33957,Title SIP,SIP,2023-06-05,2023-09-07,11.49,FAMILY,CHILDREN,Quarterly - 04 Issues
674691,64449,Simply Woman,Weeklies,2023-11-27,2023-12-14,5.99,WOMENS,EVERYDAY LIVING,Weekly - 52 Issues
564507,57549,Echo of Fame,Weeklies,2023-01-30,2023-02-13,8.49,ENTERTAINMENT,TRIBUTE,Bi-Weekly - 26 Issues
572713,67299,Title SIP,SIP,2023-03-20,2023-05-04,14.49,CRAFTS,VARIETY,Semi-Annual - 02 Issue
655291,9293,Title SIP,SIP,2023-08-07,2023-11-09,15.49,SPORT,GOLF,Quarterly - 04 Issues
638468,41155,Title SIP,SIP,2023-08-21,2023-10-26,14.49,SPORT,FOOTBALL,Quarterly - 04 Issues
569517,34015,Title SIP,SIP,2023-04-10,2023-07-13,15.49,HUMAN CULTURE,TRAVEL,Quarterly - 04 Issues
565251,9295,Title SIP,SIP,2023-02-27,2023-06-01,15.49,FOOD,SPIRITS,Quarterly - 04 Issues
673724,64803,Simply Woman,Weeklies,2023-10-23,2023-11-09,4.99,WOMENS,EVERYDAY LIVING,Weekly - 52 Issues
679493,9412,Title SIP,SIP,2023-12-25,2024-03-28,15.49,HEALTH & FITNESS,PHYSICAL FITNESS,Quarterly - 04 Issues
677711,9412,Title SIP,SIP,2023-12-25,2024-03-28,15.49,HEALTH & FITNESS,PHYSICAL FITNESS,Quarterly - 04 Issues
677246,67305,Title SIP,SIP,2024-01-08,2024-04-11,15.49,ENTERTAINMENT,CELEBRITY PROFILE,Quarterly - 04 Issues
650009,9293,Title SIP,SIP,2023-08-07,2023-11-09,15.49,SPORT,GOLF,Quarterly - 04 Issues
558452,67392,Everyday Bloom,Weeklies,2023-01-30,2023-02-23,5.99,WOMENS,EVERYDAY LIVING,Monthly - 12 Issues
563199,33993,Title SIP,SIP,2023-03-06,2023-06-08,15.49,HOME,GARDEN,Quarterly - 04 Issues
643438,41156,Title SIP,SIP,2023-07-03,2023-10-05,14.49,HOME,BUILDING,Quarterly - 04 Issues
572101,33601,Spotlight Lives,Weeklies,2023-03-20,2023-04-03,8.49,ENTERTAINMENT,CELEBRITY PROFILE,Bi-Weekly - 26 Issues
646594,64454,Title SIP,SIP,2023-07-17,2023-10-19,8.49,PUZZLES,XWORD,Quarterly - 04 Issues
565463,57984,Fame & Faces,Weeklies,2023-02-13,2023-02-27,8.49,ENTERTAINMENT,CELEBRITY PROFILE,Weekly - 52 Issues
642805,64453,Everyday Bloom,Weeklies,2023-06-26,2023-07-20,6.99,WOMENS,EVERYDAY LIVING,Bi-Weekly - 26 Issues
418157,9380,Title SIP,SIP,2023-01-02,2023-04-06,15.49,PUZZLES,VARIETY,Quarterly - 04 Issues
687236,64455,Title SIP,SIP,2024-02-26,2024-05-30,8.49,PUZZLES,XWORD,Quarterly - 04 Issues
708773,57983,Fame & Faces,Weeklies,2024-05-06,2024-05-20,8.49,ENTERTAINMENT,CELEBRITY PROFILE,Bi-Weekly - 26 Issues
708956,67306,Title SIP,SIP,2024-03-25,2024-06-27,15.49,ENTERTAINMENT,MOVIE / TELEVISION,Quarterly - 04 Issues
703411,33601,Spotlight Lives,Weeklies,2024-04-01,2024-04-15,8.49,ENTERTAINMENT,CELEBRITY PROFILE,Bi-Weekly - 26 Issues
714043,41318,Title SIP,SIP,2024-04-15,2024-07-18,15.49,AUTOMOTIVE,CONTEMPORARY CARS,Quarterly - 04 Issues
719444,57549,Echo of Fame,Weeklies,2024-05-20,2024-06-03,8.49,ENTERTAINMENT,TRIBUTE,Bi-Weekly - 26 Issues
711837,64456,Title SIP,SIP,2024-05-20,2024-08-22,11.49,HOBBY,ACTIVITY / COLORING,Quarterly - 04 Issues
701296,9391,Title SIP,SIP,2024-04-01,2024-07-04,15.49,HUMAN CULTURE,HISTORY,Quarterly - 04 Issues
676578,57984,Fame & Faces,Weeklies,2024-02-26,2024-03-11,8.49,ENTERTAINMENT,CELEBRITY PROFILE,Weekly - 52 Issues
698549,64451,Everyday Bloom,Weeklies,2024-03-18,2024-04-04,5.99,WOMENS,EVERYDAY LIVING,Monthly - 12 Issues
673943,67311,Title SIP,SIP,2024-01-22,2024-04-25,8.49,PUZZLES,SUDOKU,Semi-Annual - 02 Issue
725447,64453,Everyday Bloom,Weeklies,2024-04-29,2024-05-16,6.99,WOMENS,EVERYDAY LIVING,Bi-Weekly - 26 Issues
686289,9299,Title SIP,SIP,2024-03-11,2024-06-13,15.49,ENTERTAINMENT,MUSIC,Quarterly - 04 Issues
721405,58005,Spotlight Lives,Weeklies,2024-03-25,2024-04-08,8.49,ENTERTAINMENT,CELEBRITY PROFILE,Weekly - 52 Issues
574050,64461,Title SIP,SIP,2023-04-03,2023-07-06,8.49,PUZZLES,SUDOKU,Quarterly - 04 Issues
712150,64453,Everyday Bloom,Weeklies,2024-05-27,2024-06-13,6.99,WOMENS,EVERYDAY LIVING,Bi-Weekly - 26 Issues
649739,64453,Everyday Bloom,Weeklies,2023-06-26,2023-07-20,6.99,WOMENS,EVERYDAY LIVING,Bi-Weekly - 26 Issues
717289,33607,Starline Stories,Weeklies,2024-02-19,2024-03-04,8.49,ENTERTAINMENT,CELEBRITY PROFILE,Bi-Weekly - 26 Issues
693894,9297,Title SIP,SIP,2024-01-01,2024-04-04,15.49,ENTERTAINMENT,MUSIC,Quarterly - 04 Issues
635948,33960,Title SIP,SIP,2023-08-07,2023-11-09,11.49,PUZZLES,LOGIC,Quarterly - 04 Issues
656339,34004,Title SIP,SIP,2023-07-24,2023-10-26,15.49,HEALTH & FITNESS,WELLNESS/EMOTIONAL HEALTH,Quarterly - 04 Issues
652109,41099,Title SIP,SIP,2023-09-11,2023-12-14,15.49,SPORT,OTHER SPORTS,Quarterly - 04 Issues
661212,41315,Title SIP,SIP,2023-10-16,2024-01-18,14.49,OUTDOORS,SURVIVAL,Quarterly - 04 Issues
648961,57774,Title SIP,SIP,2023-07-24,2023-10-26,14.49,OUTDOORS,SURVIVAL,Quarterly - 04 Issues
657033,33969,Title SIP,SIP,2023-09-25,2023-12-28,15.49,ENTERTAINMENT,TRIBUTE,Quarterly - 04 Issues
637936,64453,Everyday Bloom,Weeklies,2023-07-17,2023-08-10,6.99,WOMENS,EVERYDAY LIVING,Bi-Weekly - 26 Issues
579393,67316,Title SIP,SIP,2023-05-22,2023-08-24,15.49,ENTERTAINMENT,MUSIC,Semi-Annual - 02 Issue
559662,67324,Title SIP,SIP,2023-02-06,2023-05-11,15.49,ENTERTAINMENT,TRIBUTE,Semi-Annual - 02 Issue
670902,33953,Title SIP,SIP,2023-09-11,2023-12-14,11.49,HOBBY,ACTIVITY / COLORING,Quarterly - 04 Issues
651797,33955,Title SIP,SIP,2023-10-09,2024-01-11,11.49,HOBBY,ACTIVITY / COLORING,Quarterly - 04 Issues
662075,9410,Title SIP,SIP,2023-12-04,2024-03-07,15.49,FOOD,EVERYDAY EATING,Quarterly - 04 Issues
659556,9410,Title SIP,SIP,2023-12-04,2024-03-07,15.49,FOOD,EVERYDAY EATING,Quarterly - 04 Issues
669692,57607,Starline Stories,Weeklies,2023-11-20,2023-12-04,8.49,ENTERTAINMENT,CELEBRITY PROFILE,Bi-Weekly - 26 Issues
564416,67392,Everyday Bloom,Weeklies,2023-03-13,2023-04-06,5.99,WOMENS,EVERYDAY LIVING,Monthly - 12 Issues
580283,33973,Title SIP,SIP,2023-06-05,2023-09-07,15.49,ENTERTAINMENT,MOVIE / TELEVISION,Quarterly - 04 Issues
696494,33963,Title SIP,SIP,2024-04-22,2024-07-25,11.49,HOBBY,ACTIVITY / COLORING,Quarterly - 04 Issues
691541,64455,Title SIP,SIP,2024-02-26,2024-05-30,9.49,PUZZLES,XWORD,Quarterly - 04 Issues
720411,67326,Title SIP,SIP,2024-05-13,2024-08-15,17.490000000000002,SPORT,OTHER SPORTS,Semi-Annual - 02 Issue
702997,33976,Title SIP,SIP,2024-04-29,2024-06-20,15.49,HEALTH & FITNESS,PHYSICAL FITNESS,Quarterly - 04 Issues
702395,64460,Title SIP,SIP,2024-06-03,2024-09-05,9.49,PUZZLES,XWORD,Quarterly - 04 Issues
560598,64478,Title SIP,SIP,2023-02-06,2023-05-11,15.49,ENTERTAINMENT,CELEBRITY PROFILE,Quarterly - 04 Issues
669365,57983,Fame & Faces,Weeklies,2023-11-20,2023-12-04,8.49,ENTERTAINMENT,CELEBRITY PROFILE,Bi-Weekly - 26 Issues
651819,64449,Simply Woman,Weeklies,2023-08-21,2023-09-07,4.99,WOMENS,EVERYDAY LIVING,Weekly - 52 Issues
663593,57607,Starline Stories,Weeklies,2023-08-28,2023-09-11,8.49,ENTERTAINMENT,CELEBRITY PROFILE,Bi-Weekly - 26 Issues
560237,64449,Simply Woman,Weeklies,2023-01-23,2023-02-09,4.99,WOMENS,EVERYDAY LIVING,Weekly - 52 Issues
556519,33966,Title SIP,SIP,2023-01-23,2023-04-27,15.49,FAMILY,CHILDREN,Quarterly - 04 Issues
672638,41240,Title SIP,SIP,2024-01-08,2024-04-11,15.49,HEALTH & FITNESS,WELLNESS/EMOTIONAL HEALTH,Quarterly - 04 Issues
727007,57983,Fame & Faces,Weeklies,2024-05-06,2024-05-20,8.49,ENTERTAINMENT,CELEBRITY PROFILE,Bi-Weekly - 26 Issues
700058,57601,Spotlight Lives,Weeklies,2024-04-08,2024-04-22,8.49,ENTERTAINMENT,CELEBRITY PROFILE,Bi-Weekly - 26 Issues
721967,41090,Title SIP,SIP,2024-04-01,2024-07-04,15.49,SPORT,COMMEMORATIVE,Quarterly - 04 Issues
682057,33601,Spotlight Lives,Weeklies,2023-12-25,2024-01-08,8.49,ENTERTAINMENT,CELEBRITY PROFILE,Bi-Weekly - 26 Issues
706049,64449,Simply Woman,Weeklies,2024-04-15,2024-05-02,4.99,WOMENS,EVERYDAY LIVING,Weekly - 52 Issues
672060,67345,Title SIP,SIP,2024-01-15,2024-04-18,8.49,PUZZLES,VARIETY,Quarterly - 04 Issues
701772,41311,Title SIP,SIP,2024-02-12,2024-05-16,16.490000000000002,SPORT,FOOTBALL,Quarterly - 04 Issues
719604,64453,Everyday Bloom,Weeklies,2024-06-10,2024-06-27,6.99,WOMENS,EVERYDAY LIVING,Bi-Weekly - 26 Issues
691174,58005,Spotlight Lives,Weeklies,2024-02-05,2024-02-19,8.49,ENTERTAINMENT,CELEBRITY PROFILE,Weekly - 52 Issues
710743,64453,Everyday Bloom,Weeklies,2024-03-04,2024-03-21,6.99,WOMENS,EVERYDAY LIVING,Bi-Weekly - 26 Issues
563114,57984,Fame & Faces,Weeklies,2023-01-09,2023-01-23,8.49,ENTERTAINMENT,CELEBRITY PROFILE,Weekly - 52 Issues
574796,67317,Title SIP,SIP,2023-05-08,2023-08-10,15.49,ENTERTAINMENT,TRIBUTE,Semi-Annual - 02 Issue
661209,33958,Title SIP,SIP,2023-10-16,2024-01-18,11.49,HOBBY,ACTIVITY / COLORING,Quarterly - 04 Issues
647061,9410,Title SIP,SIP,2023-07-17,2023-10-19,15.49,ENTERTAINMENT,MUSIC,Quarterly - 04 Issues
660983,33958,Title SIP,SIP,2023-10-16,2024-01-18,11.49,HOBBY,ACTIVITY / COLORING,Quarterly - 04 Issues
637747,33999,Title SIP,SIP,2023-07-17,2023-10-19,15.49,HUMAN CULTURE,MYSTERY/SCI-FI,Quarterly - 04 Issues
573375,67299,Title SIP,SIP,2023-03-20,2023-05-04,14.49,CRAFTS,VARIETY,Semi-Annual - 02 Issue
580022,9419,Title SIP,SIP,2023-05-22,2023-08-24,15.49,FOOD,EVERYDAY EATING,Quarterly - 04 Issues
650528,33978,Title SIP,SIP,2023-10-09,2024-01-11,15.49,SPORT,COMMEMORATIVE,Quarterly - 04 Issues
649201,9411,Title SIP,SIP,2023-07-24,2023-10-26,15.49,SPORT,OTHER SPORTS,Quarterly - 04 Issues
580376,9428,Title SIP,SIP,2023-06-05,2023-09-07,15.49,HUMAN CULTURE,MYSTERY/SCI-FI,Quarterly - 04 Issues
666985,41152,Title SIP,SIP,2023-09-18,2023-12-21,15.49,ENTERTAINMENT,MUSIC,Quarterly - 04 Issues
556056,64440,Title SIP,SIP,2023-01-02,2023-04-06,15.49,ENTERTAINMENT,TRIBUTE,Quarterly - 04 Issues
564989,67374,Title SIP,SIP,2023-01-23,2023-04-27,15.49,FOOD,HEALTHY EATING,Quarterly - 04 Issues
662698,67392,Everyday Bloom,Weeklies,2023-10-09,2023-11-02,5.99,WOMENS,EVERYDAY LIVING,Monthly - 12 Issues
559642,64458,Title SIP,SIP,2023-01-30,2023-05-04,15.49,FOOD,EVERYDAY EATING,Quarterly - 04 Issues
561803,64477,Title SIP,SIP,2023-01-16,2023-04-20,15.49,ENTERTAINMENT,CELEBRITY PROFILE,Quarterly - 04 Issues
642204,67371,Title SIP,SIP,2023-07-31,2023-09-21,14.49,SPORT,FOOTBALL,Quarterly - 04 Issues
685246,34024,Title SIP,SIP,2023-12-11,2024-03-14,15.49,ENTERTAINMENT,MOVIE / TELEVISION,Quarterly - 04 Issues
665430,64457,Title SIP,SIP,2023-10-16,2024-01-18,8.49,PUZZLES,SUDOKU,Bi-Monthly - 06 Issues
566569,64803,Simply Woman,Weeklies,2023-03-13,2023-03-30,4.99,WOMENS,EVERYDAY LIVING,Weekly - 52 Issues
730002,67345,Title SIP,SIP,2024-04-15,2024-07-18,9.49,PUZZLES,XWORD,Quarterly - 04 Issues
721425,67301,Title SIP,SIP,2024-05-06,2024-08-08,15.49,ENTERTAINMENT,CELEBRITY PROFILE,Quarterly - 04 Issues
555928,9409,Title SIP,SIP,2023-01-09,2023-04-13,15.49,HEALTH & FITNESS,PHYSICAL FITNESS,Quarterly - 04 Issues
564207,33981,Title SIP,SIP,2023-02-13,2023-05-18,15.49,HOBBY,VIDEO GAMES,Quarterly - 04 Issues
576341,41097,Title SIP,SIP,2023-05-08,2023-08-10,15.49,HUMAN CULTURE,TRAVEL,Bi-Monthly - 06 Issues
670244,67317,Title SIP,SIP,2023-10-16,2024-01-18,15.49,ENTERTAINMENT,MUSIC,Semi-Annual - 02 Issue
659887,41092,Title SIP,SIP,2023-11-27,2024-02-29,15.49,SPORT,BASKETBALL,Quarterly - 04 Issues
670320,64449,Simply Woman,Weeklies,2023-12-11,2023-12-28,4.99,WOMENS,EVERYDAY LIVING,Weekly - 52 Issues
564064,57549,Echo of Fame,Weeklies,2023-02-27,2023-03-13,8.49,ENTERTAINMENT,TRIBUTE,Bi-Weekly - 26 Issues
650424,57549,Echo of Fame,Weeklies,2023-08-14,2023-08-28,8.49,ENTERTAINMENT,TRIBUTE,Bi-Weekly - 26 Issues
662185,64459,Title SIP,SIP,2023-09-11,2023-12-14,8.49,PUZZLES,WORD SEEK,Quarterly - 04 Issues
673589,33993,Title SIP,SIP,2023-12-11,2024-03-14,15.49,OUTDOORS,OTHER SPORTS,Quarterly - 04 Issues
705031,67371,Title SIP,SIP,2024-04-29,2024-08-01,15.49,ENTERTAINMENT,TRIBUTE,Quarterly - 04 Issues
719245,64451,Everyday Bloom,Weeklies,2024-04-01,2024-04-18,5.99,WOMENS,EVERYDAY LIVING,Monthly - 12 Issues
713433,64449,Simply Woman,Weeklies,2024-05-27,2024-06-13,4.99,WOMENS,EVERYDAY LIVING,Weekly - 52 Issues
673892,67373,Title SIP,SIP,2024-01-22,2024-04-25,15.49,ENTERTAINMENT,MOVIE / TELEVISION,Quarterly - 04 Issues
679325,67390,Title SIP,SIP,2024-02-19,2024-05-23,5.49,PUZZLES,SUDOKU,Quarterly - 04 Issues
702567,9411,Title SIP,SIP,2024-03-18,2024-06-20,15.49,LIFESTYLE,SOCIAL,Quarterly - 04 Issues
680215,33961,Title SIP,SIP,2024-01-29,2024-05-02,11.49,HOBBY,ACTIVITY / COLORING,Quarterly - 04 Issues
679901,67343,Title SIP,SIP,2023-12-25,2024-03-28,8.49,PUZZLES,SUDOKU,Quarterly - 04 Issues
707323,34004,Title SIP,SIP,2024-03-11,2024-06-13,15.49,HUMAN CULTURE,RELIGION,Quarterly - 04 Issues
712061,9294,Title SIP,SIP,2024-04-29,2024-08-01,19.49,ENTERTAINMENT,MUSIC,Quarterly - 04 Issues
687012,64470,Title SIP,SIP,2024-02-12,2024-05-16,15.49,ENTERTAINMENT,TRIBUTE,Semi-Annual - 02 Issue
735649,34002,Title SIP,SIP,2024-05-27,2024-08-29,16.490000000000002,SPORT,FOOTBALL,Semi-Annual - 02 Issue
686930,67310,Title SIP,SIP,2024-01-15,2024-04-18,9.49,PUZZLES,WORD SEEK,Semi-Annual - 02 Issue
563074,57601,Spotlight Lives,Weeklies,2023-01-30,2023-02-13,8.49,ENTERTAINMENT,CELEBRITY PROFILE,Bi-Weekly - 26 Issues
665393,41245,Title SIP,SIP,2023-09-25,2023-12-28,14.49,FOOD,EVERYDAY EATING,Quarterly - 04 Issues
646473,34021,Title SIP,SIP,2023-08-14,2023-11-16,15.49,HUMAN CULTURE,MYSTERY/SCI-FI,Quarterly - 04 Issues
669687,9419,Title SIP,SIP,2023-10-30,2024-02-01,15.49,LIFESTYLE,SOCIAL,Quarterly - 04 Issues
664597,41156,Title SIP,SIP,2023-10-16,2024-01-18,14.49,ENTERTAINMENT,MUSIC,Quarterly - 04 Issues
571635,57983,Fame & Faces,Weeklies,2023-03-13,2023-03-27,8.49,ENTERTAINMENT,CELEBRITY PROFILE,Bi-Weekly - 26 Issues
666372,9383,Title SIP,SIP,2023-11-06,2024-02-08,15.49,HUMAN CULTURE,HISTORY,Quarterly - 04 Issues
671804,33983,Title SIP,SIP,2023-10-16,2024-01-18,15.49,ENTERTAINMENT,CELEBRITY PROFILE,Quarterly - 04 Issues
640217,57601,Spotlight Lives,Weeklies,2023-07-31,2023-08-14,8.49,ENTERTAINMENT,CELEBRITY PROFILE,Bi-Weekly - 26 Issues
580491,33967,Title SIP,SIP,2023-05-22,2023-08-24,15.49,ENTERTAINMENT,CELEBRITY PROFILE,Quarterly - 04 Issues
565116,33607,Starline Stories,Weeklies,2023-02-20,2023-03-06,8.49,ENTERTAINMENT,CELEBRITY PROFILE,Bi-Weekly - 26 Issues
659317,57601,Spotlight Lives,Weeklies,2023-09-11,2023-09-25,8.49,ENTERTAINMENT,CELEBRITY PROFILE,Bi-Weekly - 26 Issues
574710,34013,Title SIP,SIP,2023-04-03,2023-07-06,15.49,ENTERTAINMENT,MUSIC,Quarterly - 04 Issues
717837,33583,Fame & Faces,Weeklies,2024-05-27,2024-06-10,8.49,ENTERTAINMENT,CELEBRITY PROFILE,Bi-Weekly - 26 Issues
570532,64464,Title SIP,SIP,2023-04-10,2023-07-13,15.49,FOOD,EVERYDAY EATING,Semi-Annual - 02 Issue
671892,34012,Title SIP,SIP,2023-11-20,2024-02-22,15.49,HEALTH & FITNESS,WELLNESS/EMOTIONAL HEALTH,Quarterly - 04 Issues
561386,67345,Title SIP,SIP,2023-02-13,2023-05-18,8.49,PUZZLES,WORD SEEK,Quarterly - 04 Issues
645423,67340,Title SIP,SIP,2023-08-14,2023-11-16,8.49,PUZZLES,XWORD,Quarterly - 04 Issues
563480,57549,Echo of Fame,Weeklies,2023-01-16,2023-01-30,8.49,ENTERTAINMENT,TRIBUTE,Bi-Weekly - 26 Issues
589526,33601,Spotlight Lives,Weeklies,2023-05-29,2023-06-12,8.49,ENTERTAINMENT,CELEBRITY PROFILE,Bi-Weekly - 26 Issues
565778,57549,Echo of Fame,Weeklies,2023-02-27,2023-03-13,8.49,ENTERTAINMENT,TRIBUTE,Bi-Weekly - 26 Issues
677346,57601,Spotlight Lives,Weeklies,2024-01-15,2024-01-29,8.49,ENTERTAINMENT,CELEBRITY PROFILE,Bi-Weekly - 26 Issues
691579,67392,Everyday Bloom,Weeklies,2024-03-25,2024-04-11,5.99,WOMENS,EVERYDAY LIVING,Monthly - 12 Issues
697321,64475,Title SIP,SIP,2024-04-08,2024-07-11,15.49,PUZZLES,FILL-IN,Quarterly - 04 Issues
683551,33951,Title SIP,SIP,2024-01-15,2024-04-18,11.49,PUZZLES,LOGIC,Quarterly - 04 Issues
561393,64453,Everyday Bloom,Weeklies,2023-02-20,2023-03-16,6.99,WOMENS,EVERYDAY LIVING,Bi-Weekly - 26 Issues
566111,64453,Everyday Bloom,Weeklies,2023-03-13,2023-04-06,6.99,WOMENS,EVERYDAY LIVING,Bi-Weekly - 26 Issues
719439,9428,Title SIP,SIP,2024-05-06,2024-08-08,15.49,HOBBY,COMPUTER & MUSIC TECH,Quarterly - 04 Issues
706243,33607,Starline Stories,Weeklies,2024-02-19,2024-03-04,8.49,ENTERTAINMENT,CELEBRITY PROFILE,Bi-Weekly - 26 Issues
713808,33607,Starline Stories,Weeklies,2024-03-04,2024-03-18,8.49,ENTERTAINMENT,CELEBRITY PROFILE,Bi-Weekly - 26 Issues
699697,33607,Starline Stories,Weeklies,2024-03-18,2024-04-01,8.49,ENTERTAINMENT,CELEBRITY PROFILE,Bi-Weekly - 26 Issues
702729,64453,Everyday Bloom,Weeklies,2024-05-20,2024-06-06,6.99,WOMENS,EVERYDAY LIVING,Bi-Weekly - 26 Issues
665320,57983,Fame & Faces,Weeklies,2023-10-09,2023-10-23,8.49,ENTERTAINMENT,CELEBRITY PROFILE,Bi-Weekly - 26 Issues
663046,9411,Title SIP,SIP,2023-07-24,2023-10-26,15.49,SPORT,OTHER SPORTS,Quarterly - 04 Issues
583724,33981,Title SIP,SIP,2023-06-19,2023-09-21,15.49,HEALTH & FITNESS,WELLNESS/EMOTIONAL HEALTH,Quarterly - 04 Issues
570245,67307,Title SIP,SIP,2023-04-24,2023-07-27,15.49,ENTERTAINMENT,MOVIE / TELEVISION,Quarterly - 04 Issues
651082,34017,Title SIP,SIP,2023-08-07,2023-11-09,15.49,ENTERTAINMENT,MUSIC,Quarterly - 04 Issues
566690,33958,Title SIP,SIP,2023-03-20,2023-06-22,11.49,HOBBY,ACTIVITY / COLORING,Quarterly - 04 Issues
686777,34021,Title SIP,SIP,2024-04-15,2024-07-18,15.49,FOOD,EVERYDAY EATING,Quarterly - 04 Issues
569278,64469,Title SIP,SIP,2023-04-10,2023-07-13,15.49,ENTERTAINMENT,MUSIC,Quarterly - 04 Issues
561550,67369,Title SIP,SIP,2023-02-13,2023-05-18,15.49,ENTERTAINMENT,TRIBUTE,Quarterly - 04 Issues
667825,33967,Title SIP,SIP,2023-09-25,2023-12-28,15.49,FOOD,EVERYDAY EATING,Quarterly - 04 Issues
662045,9383,Title SIP,SIP,2023-11-06,2024-02-08,15.49,HUMAN CULTURE,HISTORY,Quarterly - 04 Issues
679369,64475,Title SIP,SIP,2023-10-23,2024-01-25,15.49,ENTERTAINMENT,MOVIE / TELEVISION,Quarterly - 04 Issues
574187,41093,Title SIP,SIP,2023-05-08,2023-08-10,15.49,HOBBY,VIDEO GAMES,Quarterly - 04 Issues
575665,57983,Fame & Faces,Weeklies,2023-04-03,2023-04-17,8.49,ENTERTAINMENT,CELEBRITY PROFILE,Bi-Weekly - 26 Issues
656875,33583,Fame & Faces,Weeklies,2023-07-24,2023-08-07,8.49,ENTERTAINMENT,CELEBRITY PROFILE,Bi-Weekly - 26 Issues
564684,9289,Title SIP,SIP,2023-01-30,2023-05-04,15.49,HOME,GARDEN,Quarterly - 04 Issues
640775,64803,Simply Woman,Weeklies,2023-06-19,2023-07-06,4.99,WOMENS,EVERYDAY LIVING,Weekly - 52 Issues
571786,64460,Title SIP,SIP,2023-04-17,2023-07-20,8.49,PUZZLES,WORD SEEK,Quarterly - 04 Issues
561873,33583,Fame & Faces,Weeklies,2023-02-06,2023-02-20,8.49,ENTERTAINMENT,CELEBRITY PROFILE,Bi-Weekly - 26 Issues
569996,34016,Title SIP,SIP,2023-04-10,2023-07-13,15.49,HOME,GARDEN,Quarterly - 04 Issues
562334,33969,Title SIP,SIP,2023-02-06,2023-05-11,15.49,ENTERTAINMENT,MUSIC,Quarterly - 04 Issues
675531,67302,Title SIP,SIP,2023-12-04,2024-03-07,15.49,ENTERTAINMENT,MOVIE / TELEVISION,Semi-Annual - 02 Issue
663845,34006,Title SIP,SIP,2023-11-13,2024-02-15,15.49,ENTERTAINMENT,MOVIE / TELEVISION,Quarterly - 04 Issues
649457,67392,Everyday Bloom,Weeklies,2023-10-09,2023-11-02,5.99,WOMENS,EVERYDAY LIVING,Monthly - 12 Issues
676902,57983,Fame & Faces,Weeklies,2023-09-25,2023-10-09,8.49,ENTERTAINMENT,CELEBRITY PROFILE,Bi-Weekly - 26 Issues
663542,33583,Fame & Faces,Weeklies,2023-10-02,2023-10-16,8.49,ENTERTAINMENT,CELEBRITY PROFILE,Bi-Weekly - 26 Issues
669632,57983,Fame & Faces,Weeklies,2023-11-20,2023-12-04,8.49,ENTERTAINMENT,CELEBRITY PROFILE,Bi-Weekly - 26 Issues
574913,41091,Title SIP,SIP,2023-04-17,2023-07-20,15.49,SPORT,BASKETBALL,Quarterly - 04 Issues
663075,64453,Everyday Bloom,Weeklies,2023-10-09,2023-11-02,6.99,WOMENS,EVERYDAY LIVING,Bi-Weekly - 26 Issues
558662,57549,Echo of Fame,Weeklies,2023-01-02,2023-01-16,8.49,ENTERTAINMENT,TRIBUTE,Bi-Weekly - 26 Issues
685907,57607,Starline Stories,Weeklies,2023-11-06,2023-11-20,8.49,ENTERTAINMENT,CELEBRITY PROFILE,Bi-Weekly - 26 Issues
666465,33986,Title SIP,SIP,2023-09-04,2023-12-07,15.49,HOME,DECORATING,Semi-Annual - 02 Issue
571782,34006,Title SIP,SIP,2023-04-03,2023-07-06,15.49,HUMAN CULTURE,MYSTERY/SCI-FI,Quarterly - 04 Issues
720777,57549,Echo of Fame,Weeklies,2024-06-17,2024-07-01,8.49,ENTERTAINMENT,TRIBUTE,Bi-Weekly - 26 Issues
697988,33583,Fame & Faces,Weeklies,2024-04-01,2024-04-15,8.49,ENTERTAINMENT,CELEBRITY PROFILE,Bi-Weekly - 26 Issues
701169,33966,Title SIP,SIP,2024-05-27,2024-08-29,15.49,HOME,DECORATING,Quarterly - 04 Issues
717343,57549,Echo of Fame,Weeklies,2024-04-08,2024-04-22,8.49,ENTERTAINMENT,TRIBUTE,Bi-Weekly - 26 Issues
695601,64449,Simply Woman,Weeklies,2024-02-19,2024-03-07,4.99,WOMENS,EVERYDAY LIVING,Weekly - 52 Issues
703499,9417,Title SIP,SIP,2024-03-11,2024-06-13,15.49,HUMAN CULTURE,TRAVEL,Quarterly - 04 Issues
680488,67310,Title SIP,SIP,2024-01-15,2024-04-18,8.49,PUZZLES,WORD SEEK,Semi-Annual - 02 Issue
554392,41242,Title SIP,SIP,2023-01-23,2023-04-27,14.49,HOME,DECORATING,Quarterly - 04 Issues
669196,64453,Everyday Bloom,Weeklies,2023-11-20,2023-12-14,7.99,WOMENS,EVERYDAY LIVING,Bi-Weekly - 26 Issues
649577,64453,Everyday Bloom,Weeklies,2023-10-09,2023-11-02,6.99,WOMENS,EVERYDAY LIVING,Bi-Weekly - 26 Issues
673561,34019,Title SIP,SIP,2023-11-27,2024-02-29,15.49,FAMILY,PETS,Quarterly - 04 Issues
715906,41093,Title SIP,SIP,2024-04-22,2024-07-25,16.490000000000002,ENTERTAINMENT,TRIBUTE,Quarterly - 04 Issues
700072,57549,Echo of Fame,Weeklies,2024-02-12,2024-02-26,8.49,ENTERTAINMENT,TRIBUTE,Bi-Weekly - 26 Issues
574883,9416,Title SIP,SIP,2023-05-01,2023-08-03,15.49,ENTERTAINMENT,CELEBRITY PROFILE,Quarterly - 04 Issues
647075,9418,Title SIP,SIP,2023-08-21,2023-11-23,15.49,FOOD,EVERYDAY EATING,Quarterly - 04 Issues
664044,67309,Title SIP,SIP,2023-10-23,2024-01-25,15.49,ENTERTAINMENT,MOVIE / TELEVISION,Quarterly - 04 Issues
558135,67323,Title SIP,SIP,2023-01-09,2023-04-13,16.490000000000002,SPORT,COMMEMORATIVE,Semi-Annual - 02 Issue
653820,41095,Title SIP,SIP,2023-09-04,2023-12-07,15.49,ENTERTAINMENT,CELEBRITY PROFILE,Quarterly - 04 Issues
673539,33964,Title SIP,SIP,2023-12-04,2024-03-07,19.49,ENTERTAINMENT,MUSIC,Quarterly - 04 Issues
659249,9415,Title SIP,SIP,2023-10-09,2024-01-11,15.49,HUMAN CULTURE,HISTORY,Quarterly - 04 Issues
568788,34002,Title SIP,SIP,2023-03-27,2023-06-29,15.49,HEALTH & FITNESS,WELLNESS/EMOTIONAL HEALTH,Semi-Annual - 02 Issue
682134,57983,Fame & Faces,Weeklies,2023-11-06,2023-11-20,8.49,ENTERTAINMENT,CELEBRITY PROFILE,Bi-Weekly - 26 Issues
647560,33607,Starline Stories,Weeklies,2023-06-26,2023-07-10,8.49,ENTERTAINMENT,CELEBRITY PROFILE,Bi-Weekly - 26 Issues
670249,57607,Starline Stories,Weeklies,2023-08-14,2023-08-28,8.49,ENTERTAINMENT,CELEBRITY PROFILE,Bi-Weekly - 26 Issues
557578,64803,Simply Woman,Weeklies,2023-01-16,2023-02-02,4.99,WOMENS,EVERYDAY LIVING,Weekly - 52 Issues
653054,64449,Simply Woman,Weeklies,2023-09-04,2023-09-21,4.99,WOMENS,EVERYDAY LIVING,Weekly - 52 Issues
556867,33950,Title SIP,SIP,2023-01-23,2023-04-27,11.49,HOBBY,ACTIVITY / COLORING,Quarterly - 04 Issues
689210,64453,Everyday Bloom,Weeklies,2024-01-22,2024-02-12,6.99,WOMENS,EVERYDAY LIVING,Bi-Weekly - 26 Issues
706620,9295,Title SIP,SIP,2024-05-27,2024-08-29,15.49,ENTERTAINMENT,MUSIC,Quarterly - 04 Issues
655349,9414,Title SIP,SIP,2023-09-18,2023-12-21,15.49,HOME,DECORATING,Quarterly - 04 Issues
687647,34019,Title SIP,SIP,2023-11-27,2024-02-29,15.49,FAMILY,PETS,Quarterly - 04 Issues
565273,67392,Everyday Bloom,Weeklies,2023-03-13,2023-04-06,5.99,WOMENS,EVERYDAY LIVING,Monthly - 12 Issues
575106,41091,Title SIP,SIP,2023-04-17,2023-07-20,15.49,SPORT,BASKETBALL,Quarterly - 04 Issues
555425,9410,Title SIP,SIP,2023-01-23,2023-04-27,15.49,ENTERTAINMENT,MUSIC,Quarterly - 04 Issues
574604,57549,Echo of Fame,Weeklies,2023-03-27,2023-04-10,8.49,ENTERTAINMENT,TRIBUTE,Bi-Weekly - 26 Issues
679556,57984,Fame & Faces,Weeklies,2023-12-04,2023-12-18,8.49,ENTERTAINMENT,CELEBRITY PROFILE,Weekly - 52 Issues
669509,64449,Simply Woman,Weeklies,2023-11-13,2023-11-30,4.99,WOMENS,EVERYDAY LIVING,Weekly - 52 Issues
680710,9422,Title SIP,SIP,2024-01-08,2024-04-11,15.49,HUMAN CULTURE,MYSTERY/SCI-FI,Quarterly - 04 Issues
693977,9294,Title SIP,SIP,2024-04-29,2024-08-01,19.49,ENTERTAINMENT,MUSIC,Quarterly - 04 Issues
681751,9422,Title SIP,SIP,2024-01-08,2024-04-11,15.49,HUMAN CULTURE,MYSTERY/SCI-FI,Quarterly - 04 Issues
671839,64449,Simply Woman,Weeklies,2023-12-25,2024-01-11,4.99,WOMENS,EVERYDAY LIVING,Weekly - 52 Issues
680355,57601,Spotlight Lives,Weeklies,2024-01-01,2024-01-15,8.49,ENTERTAINMENT,CELEBRITY PROFILE,Bi-Weekly - 26 Issues
704620,57607,Starline Stories,Weeklies,2024-02-12,2024-02-26,8.49,ENTERTAINMENT,CELEBRITY PROFILE,Bi-Weekly - 26 Issues
650952,58006,Starline Stories,Weeklies,2023-07-17,2023-07-31,9.49,ENTERTAINMENT,CELEBRITY PROFILE,Weekly - 52 Issues
685738,33583,Fame & Faces,Weeklies,2024-02-05,2024-02-19,8.49,ENTERTAINMENT,CELEBRITY PROFILE,Bi-Weekly - 26 Issues
679821,64457,Title SIP,SIP,2024-01-29,2024-05-02,8.49,PUZZLES,WORD SEEK,Bi-Monthly - 06 Issues
703636,33607,Starline Stories,Weeklies,2024-04-01,2024-04-15,8.49,ENTERTAINMENT,CELEBRITY PROFILE,Bi-Weekly - 26 Issues
683261,33963,Title SIP,SIP,2024-01-01,2024-04-04,11.49,HOBBY,ACTIVITY / COLORING,Quarterly - 04 Issues
681798,64453,Everyday Bloom,Weeklies,2024-04-01,2024-04-18,6.99,WOMENS,EVERYDAY LIVING,Bi-Weekly - 26 Issues
558721,33969,Title SIP,SIP,2023-02-06,2023-05-11,15.49,ENTERTAINMENT,MUSIC,Quarterly - 04 Issues
560989,33601,Spotlight Lives,Weeklies,2023-01-09,2023-01-23,8.49,ENTERTAINMENT,CELEBRITY PROFILE,Bi-Weekly - 26 Issues
566058,64802,Title SIP,SIP,2023-03-06,2023-06-08,15.49,PUZZLES,FILL-IN,Quarterly - 04 Issues
571298,34022,Title SIP,SIP,2023-04-24,2023-07-27,15.49,HOME,GARDEN,Semi-Annual - 02 Issue
563335,67312,Title SIP,SIP,2023-03-13,2023-06-15,8.49,PUZZLES,WORD SEEK,Semi-Annual - 02 Issue
643301,9388,Title SIP,SIP,2023-06-19,2023-09-21,15.49,FAMILY,CHILDREN,Quarterly - 04 Issues
582657,9387,Title SIP,SIP,2023-06-12,2023-09-14,15.49,ENTERTAINMENT,MUSIC,Quarterly - 04 Issues
582534,33973,Title SIP,SIP,2023-06-05,2023-09-07,15.49,ENTERTAINMENT,MOVIE / TELEVISION,Quarterly - 04 Issues
583696,9384,Title SIP,SIP,2023-06-12,2023-09-14,15.49,HUMAN CULTURE,TRAVEL,Quarterly - 04 Issues
669736,67320,Title SIP,SIP,2023-11-13,2024-02-15,15.49,ENTERTAINMENT,MOVIE / TELEVISION,Semi-Annual - 02 Issue
676977,33968,Title SIP,SIP,2023-12-11,2024-03-14,15.49,ENTERTAINMENT,MUSIC,Quarterly - 04 Issues
675117,67324,Title SIP,SIP,2023-12-11,2024-03-14,15.49,HEALTH & FITNESS,PHYSICAL FITNESS,Semi-Annual - 02 Issue
674881,33549,Echo of Fame,Weeklies,2023-11-13,2023-11-27,8.49,ENTERTAINMENT,CELEBRITY PROFILE,Weekly - 52 Issues
588832,64803,Simply Woman,Weeklies,2023-06-05,2023-06-22,4.99,WOMENS,EVERYDAY LIVING,Weekly - 52 Issues
570806,41318,Title SIP,SIP,2023-03-27,2023-06-29,14.49,OUTDOORS,SURVIVAL,Quarterly - 04 Issues
670091,57601,Spotlight Lives,Weeklies,2023-11-20,2023-12-04,8.49,ENTERTAINMENT,CELEBRITY PROFILE,Bi-Weekly - 26 Issues
559678,33974,Title SIP,SIP,2023-02-06,2023-05-11,15.49,FAMILY,EDUCATIONAL,Quarterly - 04 Issues
653102,67344,Title SIP,SIP,2023-09-18,2023-12-21,8.49,PUZZLES,SUDOKU,Quarterly - 04 Issues
717599,33977,Title SIP,SIP,2024-05-13,2024-08-15,15.49,NEWS & FINANCE,BUSINESS,Quarterly - 04 Issues
692179,57984,Fame & Faces,Weeklies,2024-03-18,2024-04-01,8.49,ENTERTAINMENT,CELEBRITY PROFILE,Weekly - 52 Issues
688493,58005,Spotlight Lives,Weeklies,2024-01-01,2024-01-15,8.49,ENTERTAINMENT,CELEBRITY PROFILE,Weekly - 52 Issues
671711,9298,Title SIP,SIP,2023-12-11,2024-03-14,15.49,PUZZLES,FILL-IN,Quarterly - 04 Issues
659645,33984,Title SIP,SIP,2023-10-09,2024-01-11,15.49,HOBBY,COMPUTER & MUSIC TECH,Quarterly - 04 Issues
568348,9293,Title SIP,SIP,2023-02-13,2023-05-18,15.49,ENTERTAINMENT,MOVIE / TELEVISION,Quarterly - 04 Issues
568970,33607,Starline Stories,Weeklies,2023-03-06,2023-03-20,8.49,ENTERTAINMENT,CELEBRITY PROFILE,Bi-Weekly - 26 Issues
567301,33982,Title SIP,SIP,2023-03-13,2023-06-15,15.49,ENTERTAINMENT,MOVIE / TELEVISION,Quarterly - 04 Issues
665913,33601,Spotlight Lives,Weeklies,2023-11-13,2023-11-27,8.49,ENTERTAINMENT,CELEBRITY PROFILE,Bi-Weekly - 26 Issues
675678,34018,Title SIP,SIP,2024-03-11,2024-06-13,15.49,FOOD,EVERYDAY EATING,Quarterly - 04 Issues
694523,57549,Echo of Fame,Weeklies,2024-03-25,2024-04-08,8.49,ENTERTAINMENT,TRIBUTE,Bi-Weekly - 26 Issues
669816,64803,Simply Woman,Weeklies,2024-01-01,2024-01-18,4.99,WOMENS,EVERYDAY LIVING,Weekly - 52 Issues
680830,64449,Simply Woman,Weeklies,2023-12-25,2024-01-11,4.99,WOMENS,EVERYDAY LIVING,Weekly - 52 Issues
670513,67343,Title SIP,SIP,2023-12-25,2024-03-28,9.49,PUZZLES,SUDOKU,Quarterly - 04 Issues
735405,57601,Spotlight Lives,Weeklies,2024-06-17,2024-07-01,8.49,ENTERTAINMENT,CELEBRITY PROFILE,Bi-Weekly - 26 Issues
699109,64461,Title SIP,SIP,2024-02-19,2024-05-23,9.49,PUZZLES,WORD SEEK,Quarterly - 04 Issues
697448,33990,Title SIP,SIP,2024-04-08,2024-07-11,15.49,HOME,GARDEN,Quarterly - 04 Issues
677828,9304,Title SIP,SIP,2024-02-12,2024-05-16,15.49,ENTERTAINMENT,MUSIC,Quarterly - 04 Issues
576388,33607,Starline Stories,Weeklies,2023-03-20,2023-04-03,8.49,ENTERTAINMENT,CELEBRITY PROFILE,Bi-Weekly - 26 Issues
648737,64803,Simply Woman,Weeklies,2023-09-11,2023-09-28,4.99,WOMENS,EVERYDAY LIVING,Weekly - 52 Issues
568234,33993,Title SIP,SIP,2023-03-06,2023-06-08,15.49,HOME,GARDEN,Quarterly - 04 Issues
697931,67392,Everyday Bloom,Weeklies,2024-03-04,2024-03-21,5.99,WOMENS,EVERYDAY LIVING,Monthly - 12 Issues
687817,64461,Title SIP,SIP,2024-02-19,2024-05-23,9.49,PUZZLES,WORD SEEK,Quarterly - 04 Issues
707379,33954,Title SIP,SIP,2024-03-18,2024-06-20,11.49,PUZZLES,LOGIC,Quarterly - 04 Issues
653898,64453,Everyday Bloom,Weeklies,2023-11-20,2023-12-14,7.99,WOMENS,EVERYDAY LIVING,Bi-Weekly - 26 Issues
647615,9418,Title SIP,SIP,2023-08-21,2023-11-23,15.49,FOOD,EVERYDAY EATING,Quarterly - 04 Issues
560809,33607,Starline Stories,Weeklies,2023-02-06,2023-02-20,8.49,ENTERTAINMENT,CELEBRITY PROFILE,Bi-Weekly - 26 Issues
561360,9412,Title SIP,SIP,2023-02-20,2023-05-25,15.49,ENTERTAINMENT,MOVIE / TELEVISION,Quarterly - 04 Issues
629707,67321,Title SIP,SIP,2023-07-03,2023-10-05,15.49,FOOD,SPIRITS,Semi-Annual - 02 Issue
664898,9391,Title SIP,SIP,2023-12-04,2024-03-07,15.49,HOME,BUILDING,Quarterly - 04 Issues
561235,57983,Fame & Faces,Weeklies,2023-01-16,2023-01-30,8.49,ENTERTAINMENT,CELEBRITY PROFILE,Bi-Weekly - 26 Issues
655253,9412,Title SIP,SIP,2023-08-07,2023-11-09,15.49,ENTERTAINMENT,MOVIE / TELEVISION,Quarterly - 04 Issues
666108,41150,Title SIP,SIP,2023-09-11,2023-12-14,15.49,FOOD,HEALTHY EATING,Quarterly - 04 Issues
576821,64465,Title SIP,SIP,2023-05-01,2023-08-03,15.49,HOME,DECORATING,Quarterly - 04 Issues
677457,33968,Title SIP,SIP,2023-12-11,2024-03-14,15.49,ENTERTAINMENT,MUSIC,Quarterly - 04 Issues
652914,64476,Title SIP,SIP,2023-06-26,2023-09-28,14.49,CRAFTS,VARIETY,Quarterly - 04 Issues
561680,33583,Fame & Faces,Weeklies,2023-01-23,2023-02-06,8.49,ENTERTAINMENT,CELEBRITY PROFILE,Bi-Weekly - 26 Issues
582953,33549,Echo of Fame,Weeklies,2023-05-29,2023-06-12,8.49,ENTERTAINMENT,CELEBRITY PROFILE,Weekly - 52 Issues
686565,64803,Simply Woman,Weeklies,2023-12-04,2023-12-21,4.99,WOMENS,EVERYDAY LIVING,Weekly - 52 Issues
648793,57549,Echo of Fame,Weeklies,2023-07-17,2023-07-31,8.49,ENTERTAINMENT,TRIBUTE,Bi-Weekly - 26 Issues
671715,41091,Title SIP,SIP,2023-12-04,2024-03-07,15.49,HOBBY,COLLECTOR/MINIATURES,Quarterly - 04 Issues
570022,64461,Title SIP,SIP,2023-04-03,2023-07-06,8.49,PUZZLES,SUDOKU,Quarterly - 04 Issues
574419,33549,Echo of Fame,Weeklies,2023-04-17,2023-05-01,8.49,ENTERTAINMENT,CELEBRITY PROFILE,Weekly - 52 Issues
573388,33549,Echo of Fame,Weeklies,2023-03-06,2023-03-20,8.49,ENTERTAINMENT,CELEBRITY PROFILE,Weekly - 52 Issues
698858,9421,Title SIP,SIP,2024-04-22,2024-07-25,15.49,HOBBY,COMICS,Quarterly - 04 Issues
697575,67312,Title SIP,SIP,2024-05-06,2024-08-08,11.49,PUZZLES,WORD SEEK,Semi-Annual - 02 Issue
667912,33984,Title SIP,SIP,2023-10-09,2024-01-11,15.49,HOBBY,COMPUTER & MUSIC TECH,Quarterly - 04 Issues
724122,64832,Title SIP,SIP,2024-03-25,2024-06-27,11.49,HOME,DECORATING,Quarterly - 04 Issues
668016,33984,Title SIP,SIP,2024-01-22,2024-04-25,15.49,HOME,GARDEN,Quarterly - 04 Issues
705428,57607,Starline Stories,Weeklies,2024-05-20,2024-06-03,8.49,ENTERTAINMENT,CELEBRITY PROFILE,Bi-Weekly - 26 Issues
691501,57983,Fame & Faces,Weeklies,2024-02-12,2024-02-26,8.49,ENTERTAINMENT,CELEBRITY PROFILE,Bi-Weekly - 26 Issues
719242,64453,Everyday Bloom,Weeklies,2024-06-24,2024-07-11,6.99,WOMENS,EVERYDAY LIVING,Bi-Weekly - 26 Issues
569151,57984,Fame & Faces,Weeklies,2023-03-13,2023-03-27,8.49,ENTERTAINMENT,CELEBRITY PROFILE,Weekly - 52 Issues
674150,64453,Everyday Bloom,Weeklies,2023-10-30,2023-11-23,6.99,WOMENS,EVERYDAY LIVING,Bi-Weekly - 26 Issues
740567,57984,Fame & Faces,Weeklies,2024-06-17,2024-07-01,9.49,ENTERTAINMENT,CELEBRITY PROFILE,Weekly - 52 Issues
644254,64471,Title SIP,SIP,2023-06-26,2023-09-28,15.49,ENTERTAINMENT,MOVIE / TELEVISION,Semi-Annual - 02 Issue
567922,64803,Simply Woman,Weeklies,2023-02-27,2023-03-16,4.99,WOMENS,EVERYDAY LIVING,Weekly - 52 Issues
576941,64803,Simply Woman,Weeklies,2023-04-24,2023-05-11,4.99,WOMENS,EVERYDAY LIVING,Weekly - 52 Issues
678239,67317,Title SIP,SIP,2023-10-16,2024-01-18,15.49,ENTERTAINMENT,MUSIC,Semi-Annual - 02 Issue
701532,41156,Title SIP,SIP,2024-03-25,2024-06-27,15.49,FOOD,HEALTHY EATING,Quarterly - 04 Issues
700066,41247,Title SIP,SIP,2024-02-19,2024-05-23,14.49,HOBBY,VIDEO GAMES,Quarterly - 04 Issues
712413,64803,Simply Woman,Weeklies,2024-05-20,2024-06-06,4.99,WOMENS,EVERYDAY LIVING,Weekly - 52 Issues
649636,33601,Spotlight Lives,Weeklies,2023-08-07,2023-08-21,8.49,ENTERTAINMENT,CELEBRITY PROFILE,Bi-Weekly - 26 Issues
658133,33963,Title SIP,SIP,2023-08-21,2023-11-23,11.49,PUZZLES,LOGIC,Quarterly - 04 Issues
581414,64473,Title SIP,SIP,2023-06-05,2023-09-07,15.49,FOOD,HEALTHY EATING,Semi-Annual - 02 Issue
632167,41156,Title SIP,SIP,2023-07-03,2023-10-05,14.49,HOME,BUILDING,Quarterly - 04 Issues
650558,57983,Fame & Faces,Weeklies,2023-08-07,2023-08-21,8.49,ENTERTAINMENT,CELEBRITY PROFILE,Bi-Weekly - 26 Issues
668200,9390,Title SIP,SIP,2023-11-06,2024-02-08,15.49,HOME,DECORATING,Quarterly - 04 Issues
647917,34015,Title SIP,SIP,2023-08-07,2023-11-09,15.49,FAMILY,PETS,Quarterly - 04 Issues
645250,33984,Title SIP,SIP,2023-06-12,2023-09-14,15.49,FOOD,EVERYDAY EATING,Quarterly - 04 Issues
663294,41241,Title SIP,SIP,2023-08-14,2023-11-16,14.49,HOME,DECORATING,Quarterly - 04 Issues
659537,67370,Title SIP,SIP,2023-11-13,2024-02-15,15.49,HUMAN CULTURE,RELIGION,Quarterly - 04 Issues
687829,33607,Starline Stories,Weeklies,2023-11-13,2023-11-27,8.49,ENTERTAINMENT,CELEBRITY PROFILE,Bi-Weekly - 26 Issues
583392,9428,Title SIP,SIP,2023-06-05,2023-09-07,15.49,HUMAN CULTURE,MYSTERY/SCI-FI,Quarterly - 04 Issues
652095,67343,Title SIP,SIP,2023-09-04,2023-12-07,9.49,PUZZLES,SUDOKU,Quarterly - 04 Issues
664420,57983,Fame & Faces,Weeklies,2023-10-09,2023-10-23,8.49,ENTERTAINMENT,CELEBRITY PROFILE,Bi-Weekly - 26 Issues
673303,57984,Fame & Faces,Weeklies,2023-10-16,2023-10-30,8.49,ENTERTAINMENT,CELEBRITY PROFILE,Weekly - 52 Issues
583341,33956,Title SIP,SIP,2023-06-19,2023-09-21,11.49,PUZZLES,LOGIC,Quarterly - 04 Issues
671605,64803,Simply Woman,Weeklies,2023-09-25,2023-10-12,4.99,WOMENS,EVERYDAY LIVING,Weekly - 52 Issues
653800,67343,Title SIP,SIP,2023-09-04,2023-12-07,9.49,PUZZLES,SUDOKU,Quarterly - 04 Issues
557530,64459,Title SIP,SIP,2023-01-30,2023-05-04,8.49,PUZZLES,XWORD,Quarterly - 04 Issues
651896,67371,Title SIP,SIP,2023-07-31,2023-09-21,14.49,SPORT,FOOTBALL,Quarterly - 04 Issues
658118,64803,Simply Woman,Weeklies,2023-09-25,2023-10-12,4.99,WOMENS,EVERYDAY LIVING,Weekly - 52 Issues
677583,57549,Echo of Fame,Weeklies,2024-01-15,2024-01-29,8.49,ENTERTAINMENT,TRIBUTE,Bi-Weekly - 26 Issues
702270,67302,Title SIP,SIP,2024-05-20,2024-08-22,15.49,ENTERTAINMENT,MOVIE / TELEVISION,Semi-Annual - 02 Issue
676058,41317,Title SIP,SIP,2024-02-05,2024-05-09,15.49,NEWS & FINANCE,FINANCE,Quarterly - 04 Issues
649089,64802,Title SIP,SIP,2023-08-14,2023-11-16,15.49,HUMAN CULTURE,MYSTERY/SCI-FI,Quarterly - 04 Issues
667026,33973,Title SIP,SIP,2023-10-02,2024-01-04,15.49,HOBBY,VIDEO GAMES,Quarterly - 04 Issues
667922,34006,Title SIP,SIP,2023-11-13,2024-02-15,15.49,ENTERTAINMENT,MOVIE / TELEVISION,Quarterly - 04 Issues
649678,9291,Title SIP,SIP,2023-07-31,2023-11-02,15.49,ENTERTAINMENT,MUSIC,Quarterly - 04 Issues
562419,9295,Title SIP,SIP,2023-02-27,2023-06-01,15.49,FOOD,SPIRITS,Quarterly - 04 Issues
568526,33958,Title SIP,SIP,2023-03-20,2023-06-22,11.49,HOBBY,ACTIVITY / COLORING,Quarterly - 04 Issues
653862,9385,Title SIP,SIP,2023-06-19,2023-09-21,15.49,HEALTH & FITNESS,PHYSICAL FITNESS,Quarterly - 04 Issues
673610,33583,Fame & Faces,Weeklies,2023-10-02,2023-10-16,8.49,ENTERTAINMENT,CELEBRITY PROFILE,Bi-Weekly - 26 Issues
644912,33998,Title SIP,SIP,2023-07-17,2023-10-19,15.49,ENTERTAINMENT,MUSIC,Quarterly - 04 Issues
564107,57601,Spotlight Lives,Weeklies,2023-02-13,2023-02-27,8.49,ENTERTAINMENT,CELEBRITY PROFILE,Bi-Weekly - 26 Issues
565233,33995,Title SIP,SIP,2023-03-06,2023-06-08,15.49,HUMAN CULTURE,RELIGION,Semi-Annual - 02 Issue
673048,9307,Title SIP,SIP,2023-10-09,2024-01-11,15.49,SPORT,BASKETBALL,Quarterly - 04 Issues
573473,64803,Simply Woman,Weeklies,2023-04-10,2023-04-27,4.99,WOMENS,EVERYDAY LIVING,Weekly - 52 Issues
681900,41299,Title SIP,SIP,2024-02-26,2024-05-30,14.49,HOBBY,VIDEO GAMES,Quarterly - 04 Issues
705433,64467,Title SIP,SIP,2024-05-13,2024-08-15,16.490000000000002,HUMAN CULTURE,RELIGION,Semi-Annual - 02 Issue
679025,64462,Title SIP,SIP,2024-02-12,2024-05-16,16.490000000000002,HUMAN CULTURE,RELIGION,Semi-Annual - 02 Issue
681111,64449,Simply Woman,Weeklies,2023-12-25,2024-01-11,4.99,WOMENS,EVERYDAY LIVING,Weekly - 52 Issues
699713,41091,Title SIP,SIP,2024-02-26,2024-05-30,15.49,FOOD,EVERYDAY EATING,Quarterly - 04 Issues
680882,33980,Title SIP,SIP,2024-02-05,2024-05-09,15.49,HOME,DECORATING,Quarterly - 04 Issues
711416,64449,Simply Woman,Weeklies,2024-04-15,2024-05-02,4.99,WOMENS,EVERYDAY LIVING,Weekly - 52 Issues
690341,57607,Starline Stories,Weeklies,2024-01-01,2024-01-15,8.49,ENTERTAINMENT,CELEBRITY PROFILE,Bi-Weekly - 26 Issues
711593,33607,Starline Stories,Weeklies,2024-05-13,2024-05-27,8.49,ENTERTAINMENT,CELEBRITY PROFILE,Bi-Weekly - 26 Issues
726925,9291,Title SIP,SIP,2024-05-06,2024-08-08,15.49,ENTERTAINMENT,TRIBUTE,Quarterly - 04 Issues
709558,58005,Spotlight Lives,Weeklies,2024-05-13,2024-05-27,8.49,ENTERTAINMENT,CELEBRITY PROFILE,Weekly - 52 Issues
706746,57984,Fame & Faces,Weeklies,2024-06-10,2024-06-24,8.49,ENTERTAINMENT,CELEBRITY PROFILE,Weekly - 52 Issues
657415,41092,Title SIP,SIP,2023-08-07,2023-11-09,15.49,ENTERTAINMENT,TRIBUTE,Quarterly - 04 Issues
553745,41241,Title SIP,SIP,2023-01-16,2023-04-20,14.49,HOBBY,VIDEO GAMES,Quarterly - 04 Issues
666704,57549,Echo of Fame,Weeklies,2023-08-14,2023-08-28,8.49,ENTERTAINMENT,TRIBUTE,Bi-Weekly - 26 Issues
703752,33607,Starline Stories,Weeklies,2024-04-01,2024-04-15,8.49,ENTERTAINMENT,CELEBRITY PROFILE,Bi-Weekly - 26 Issues
693873,9414,Title SIP,SIP,2024-03-11,2024-06-13,15.49,HUMAN CULTURE,TRAVEL,Quarterly - 04 Issues
670620,33601,Spotlight Lives,Weeklies,2023-12-11,2023-12-25,8.49,ENTERTAINMENT,CELEBRITY PROFILE,Bi-Weekly - 26 Issues
651177,33601,Spotlight Lives,Weeklies,2023-07-10,2023-07-24,8.49,ENTERTAINMENT,CELEBRITY PROFILE,Bi-Weekly - 26 Issues
581443,33607,Starline Stories,Weeklies,2023-05-01,2023-05-15,8.49,ENTERTAINMENT,CELEBRITY PROFILE,Bi-Weekly - 26 Issues
581803,33607,Starline Stories,Weeklies,2023-05-01,2023-05-15,8.49,ENTERTAINMENT,CELEBRITY PROFILE,Bi-Weekly - 26 Issues
585512,33583,Fame & Faces,Weeklies,2023-05-29,2023-06-12,8.49,ENTERTAINMENT,CELEBRITY PROFILE,Bi-Weekly - 26 Issues
561333,33601,Spotlight Lives,Weeklies,2023-02-06,2023-02-20,8.49,ENTERTAINMENT,CELEBRITY PROFILE,Bi-Weekly - 26 Issues
570303,67306,Title SIP,SIP,2023-04-17,2023-07-20,15.49,ENTERTAINMENT,MOVIE / TELEVISION,Quarterly - 04 Issues
643320,64471,Title SIP,SIP,2023-06-26,2023-09-28,15.49,ENTERTAINMENT,MOVIE / TELEVISION,Semi-Annual - 02 Issue
654754,33962,Title SIP,SIP,2023-08-07,2023-11-09,11.49,HOBBY,ACTIVITY / COLORING,Quarterly - 04 Issues
553264,67301,Title SIP,SIP,2023-01-09,2023-04-13,15.49,WOMENS,EVERYDAY LIVING,Quarterly - 04 Issues
667856,64464,Title SIP,SIP,2023-10-30,2024-02-01,15.49,FOOD,EVERYDAY EATING,Semi-Annual - 02 Issue
576834,33607,Starline Stories,Weeklies,2023-04-17,2023-05-01,8.49,ENTERTAINMENT,CELEBRITY PROFILE,Bi-Weekly - 26 Issues
672444,33583,Fame & Faces,Weeklies,2023-11-27,2023-12-11,8.49,ENTERTAINMENT,CELEBRITY PROFILE,Bi-Weekly - 26 Issues
570766,34014,Title SIP,SIP,2023-04-03,2023-07-06,15.49,ENTERTAINMENT,MUSIC,Quarterly - 04 Issues
583066,33978,Title SIP,SIP,2023-06-12,2023-09-14,15.49,ENTERTAINMENT,TRIBUTE,Quarterly - 04 Issues
663466,34006,Title SIP,SIP,2023-07-24,2023-10-26,15.49,ENTERTAINMENT,MUSIC,Quarterly - 04 Issues
575813,57601,Spotlight Lives,Weeklies,2023-04-10,2023-04-24,8.49,ENTERTAINMENT,CELEBRITY PROFILE,Bi-Weekly - 26 Issues
655558,57607,Starline Stories,Weeklies,2023-07-31,2023-08-14,8.49,ENTERTAINMENT,CELEBRITY PROFILE,Bi-Weekly - 26 Issues
664960,57549,Echo of Fame,Weeklies,2023-10-09,2023-10-23,8.49,ENTERTAINMENT,TRIBUTE,Bi-Weekly - 26 Issues
670514,57549,Echo of Fame,Weeklies,2023-12-04,2023-12-18,8.49,ENTERTAINMENT,TRIBUTE,Bi-Weekly - 26 Issues
582481,57984,Fame & Faces,Weeklies,2023-05-08,2023-05-22,8.49,ENTERTAINMENT,CELEBRITY PROFILE,Weekly - 52 Issues
683157,67313,Title SIP,SIP,2024-02-12,2024-05-16,8.49,PUZZLES,WORD SEEK,Semi-Annual - 02 Issue
696862,33583,Fame & Faces,Weeklies,2024-02-19,2024-03-04,8.49,ENTERTAINMENT,CELEBRITY PROFILE,Bi-Weekly - 26 Issues
675158,64449,Simply Woman,Weeklies,2024-01-22,2024-02-08,4.99,WOMENS,EVERYDAY LIVING,Weekly - 52 Issues
680224,57984,Fame & Faces,Weeklies,2024-02-19,2024-03-04,8.49,ENTERTAINMENT,CELEBRITY PROFILE,Weekly - 52 Issues
637867,33998,Title SIP,SIP,2023-07-17,2023-10-19,15.49,ENTERTAINMENT,MUSIC,Quarterly - 04 Issues
582100,9387,Title SIP,SIP,2023-06-12,2023-09-14,15.49,ENTERTAINMENT,MUSIC,Quarterly - 04 Issues
665140,57983,Fame & Faces,Weeklies,2023-10-09,2023-10-23,8.49,ENTERTAINMENT,CELEBRITY PROFILE,Bi-Weekly - 26 Issues
554766,64424,Title SIP,SIP,2023-01-02,2023-04-06,14.49,NEWS & FINANCE,FINANCE,Quarterly - 04 Issues
564787,57983,Fame & Faces,Weeklies,2023-02-27,2023-03-13,8.49,ENTERTAINMENT,CELEBRITY PROFILE,Bi-Weekly - 26 Issues
558532,9290,Title SIP,SIP,2023-02-06,2023-05-11,15.49,HUMAN CULTURE,TRAVEL,Quarterly - 04 Issues
575845,33950,Title SIP,SIP,2023-04-24,2023-07-27,11.49,HOBBY,ACTIVITY / COLORING,Quarterly - 04 Issues
675481,33607,Starline Stories,Weeklies,2023-11-13,2023-11-27,8.49,ENTERTAINMENT,CELEBRITY PROFILE,Bi-Weekly - 26 Issues
633369,9422,Title SIP,SIP,2023-06-19,2023-09-21,15.49,FOOD,HEALTHY EATING,Quarterly - 04 Issues
569512,57549,Echo of Fame,Weeklies,2023-03-13,2023-03-27,8.49,ENTERTAINMENT,TRIBUTE,Bi-Weekly - 26 Issues
675892,58005,Spotlight Lives,Weeklies,2023-10-30,2023-11-13,8.49,ENTERTAINMENT,CELEBRITY PROFILE,Weekly - 52 Issues
687166,9424,Title SIP,SIP,2023-12-25,2024-03-28,15.49,HEALTH & FITNESS,WELLNESS/EMOTIONAL HEALTH,Quarterly - 04 Issues
712497,41250,Title SIP,SIP,2024-05-20,2024-08-22,14.49,OUTDOORS,SURVIVAL,Quarterly - 04 Issues
745002,33601,Spotlight Lives,Weeklies,2024-05-27,2024-06-10,8.49,ENTERTAINMENT,CELEBRITY PROFILE,Bi-Weekly - 26 Issues
689918,9411,Title SIP,SIP,2024-03-18,2024-06-20,15.49,LIFESTYLE,SOCIAL,Quarterly - 04 Issues
741222,9390,Title SIP,SIP,2024-04-29,2024-08-01,14.49,FOOD,EVERYDAY EATING,Quarterly - 04 Issues
677661,57983,Fame & Faces,Weeklies,2023-12-18,2024-01-01,8.49,ENTERTAINMENT,CELEBRITY PROFILE,Bi-Weekly - 26 Issues
685018,57549,Echo of Fame,Weeklies,2024-01-29,2024-02-12,8.49,ENTERTAINMENT,TRIBUTE,Bi-Weekly - 26 Issues
728929,33601,Spotlight Lives,Weeklies,2024-04-01,2024-04-15,8.49,ENTERTAINMENT,CELEBRITY PROFILE,Bi-Weekly - 26 Issues
690521,33549,Echo of Fame,Weeklies,2024-01-22,2024-02-05,8.49,ENTERTAINMENT,CELEBRITY PROFILE,Weekly - 52 Issues
579539,33549,Echo of Fame,Weeklies,2023-05-01,2023-05-15,8.49,ENTERTAINMENT,CELEBRITY PROFILE,Weekly - 52 Issues
565978,57601,Spotlight Lives,Weeklies,2023-02-27,2023-03-13,8.49,ENTERTAINMENT,CELEBRITY PROFILE,Bi-Weekly - 26 Issues
660222,67321,Title SIP,SIP,2023-07-03,2023-10-05,15.49,FOOD,SPIRITS,Semi-Annual - 02 Issue
706741,64802,Title SIP,SIP,2024-05-06,2024-08-08,15.49,HUMAN CULTURE,RELIGION,Quarterly - 04 Issues
658790,33950,Title SIP,SIP,2023-08-21,2023-11-23,11.49,HOBBY,ACTIVITY / COLORING,Quarterly - 04 Issues
650798,33601,Spotlight Lives,Weeklies,2023-08-07,2023-08-21,8.49,ENTERTAINMENT,CELEBRITY PROFILE,Bi-Weekly - 26 Issues
637277,33960,Title SIP,SIP,2023-08-07,2023-11-09,11.49,PUZZLES,LOGIC,Quarterly - 04 Issues
576667,57607,Starline Stories,Weeklies,2023-05-08,2023-05-22,8.49,ENTERTAINMENT,CELEBRITY PROFILE,Bi-Weekly - 26 Issues
672761,64803,Simply Woman,Weeklies,2023-11-06,2023-11-23,4.99,WOMENS,EVERYDAY LIVING,Weekly - 52 Issues
577232,41242,Title SIP,SIP,2023-05-08,2023-08-10,14.49,HOME,DECORATING,Quarterly - 04 Issues
673471,57984,Fame & Faces,Weeklies,2023-11-06,2023-11-20,8.49,ENTERTAINMENT,CELEBRITY PROFILE,Weekly - 52 Issues
679130,9291,Title SIP,SIP,2023-12-18,2024-03-21,15.49,ENTERTAINMENT,MOVIE / TELEVISION,Quarterly - 04 Issues
660632,33978,Title SIP,SIP,2023-10-09,2024-01-11,15.49,SPORT,COMMEMORATIVE,Quarterly - 04 Issues
571232,34019,Title SIP,SIP,2023-04-10,2023-07-13,15.49,HUMAN CULTURE,TRAVEL,Quarterly - 04 Issues
579479,33966,Title SIP,SIP,2023-05-22,2023-08-24,15.49,HOBBY,COMPUTER & MUSIC TECH,Quarterly - 04 Issues
565898,33998,Title SIP,SIP,2023-03-13,2023-06-15,15.49,FOOD,HEALTHY EATING,Quarterly - 04 Issues
686395,9306,Title SIP,SIP,2024-02-26,2024-05-30,15.49,ENTERTAINMENT,MUSIC,Quarterly - 04 Issues
676625,41244,Title SIP,SIP,2024-02-05,2024-05-09,15.49,HEALTH & FITNESS,MINDFULNESS,Quarterly - 04 Issues
675861,9423,Title SIP,SIP,2023-11-27,2024-02-29,15.49,ENTERTAINMENT,MUSIC,Quarterly - 04 Issues
571308,34016,Title SIP,SIP,2023-04-10,2023-07-13,15.49,HOME,GARDEN,Quarterly - 04 Issues
675713,64449,Simply Woman,Weeklies,2023-11-13,2023-11-30,4.99,WOMENS,EVERYDAY LIVING,Weekly - 52 Issues
671785,33549,Echo of Fame,Weeklies,2023-09-18,2023-10-02,8.49,ENTERTAINMENT,CELEBRITY PROFILE,Weekly - 52 Issues
671126,33601,Spotlight Lives,Weeklies,2023-11-13,2023-11-27,8.49,ENTERTAINMENT,CELEBRITY PROFILE,Bi-Weekly - 26 Issues
726344,33601,Spotlight Lives,Weeklies,2024-06-10,2024-06-24,8.49,ENTERTAINMENT,CELEBRITY PROFILE,Bi-Weekly - 26 Issues
703667,67340,Title SIP,SIP,2024-03-04,2024-06-06,9.49,PUZZLES,SUDOKU,Quarterly - 04 Issues
712934,57607,Starline Stories,Weeklies,2024-06-03,2024-06-17,8.49,ENTERTAINMENT,CELEBRITY PROFILE,Bi-Weekly - 26 Issues
697742,41318,Title SIP,SIP,2024-04-15,2024-07-18,15.49,AUTOMOTIVE,CONTEMPORARY CARS,Quarterly - 04 Issues
698230,57983,Fame & Faces,Weeklies,2024-03-11,2024-03-25,8.49,ENTERTAINMENT,CELEBRITY PROFILE,Bi-Weekly - 26 Issues
728699,33601,Spotlight Lives,Weeklies,2024-06-24,2024-07-08,8.49,ENTERTAINMENT,CELEBRITY PROFILE,Bi-Weekly - 26 Issues
675578,67313,Title SIP,SIP,2024-02-12,2024-05-16,9.49,PUZZLES,WORD SEEK,Semi-Annual - 02 Issue
710590,33601,Spotlight Lives,Weeklies,2024-05-13,2024-05-27,8.49,ENTERTAINMENT,CELEBRITY PROFILE,Bi-Weekly - 26 Issues
673796,67343,Title SIP,SIP,2023-12-25,2024-03-28,9.49,PUZZLES,SUDOKU,Quarterly - 04 Issues
712025,9302,Title SIP,SIP,2024-06-03,2024-09-05,15.49,FOOD,EVERYDAY EATING,Quarterly - 04 Issues
699174,33549,Echo of Fame,Weeklies,2024-01-08,2024-01-22,8.49,ENTERTAINMENT,CELEBRITY PROFILE,Weekly - 52 Issues
690544,64464,Title SIP,SIP,2024-05-13,2024-08-15,15.49,FOOD,EVERYDAY EATING,Semi-Annual - 02 Issue
711072,64453,Everyday Bloom,Weeklies,2024-05-13,2024-05-30,7.99,WOMENS,EVERYDAY LIVING,Bi-Weekly - 26 Issues
711061,58006,Starline Stories,Weeklies,2024-06-03,2024-06-17,9.49,ENTERTAINMENT,CELEBRITY PROFILE,Weekly - 52 Issues
577785,57983,Fame & Faces,Weeklies,2023-04-24,2023-05-08,8.49,ENTERTAINMENT,CELEBRITY PROFILE,Bi-Weekly - 26 Issues
668657,33601,Spotlight Lives,Weeklies,2024-01-22,2024-02-05,8.49,ENTERTAINMENT,CELEBRITY PROFILE,Bi-Weekly - 26 Issues
684876,9385,Title SIP,SIP,2024-04-15,2024-07-18,15.49,FOOD,EVERYDAY EATING,Quarterly - 04 Issues
704173,57549,Echo of Fame,Weeklies,2024-04-22,2024-05-06,8.49,ENTERTAINMENT,TRIBUTE,Bi-Weekly - 26 Issues
728639,58005,Spotlight Lives,Weeklies,2024-06-24,2024-07-08,9.49,ENTERTAINMENT,CELEBRITY PROFILE,Weekly - 52 Issues
575794,67299,Title SIP,SIP,2023-03-20,2023-05-04,14.49,CRAFTS,VARIETY,Semi-Annual - 02 Issue
334537,64453,Everyday Bloom,Weeklies,2023-01-09,2023-02-02,6.99,WOMENS,EVERYDAY LIVING,Bi-Weekly - 26 Issues
561028,67324,Title SIP,SIP,2023-02-06,2023-05-11,15.49,ENTERTAINMENT,TRIBUTE,Semi-Annual - 02 Issue
675104,33959,Title SIP,SIP,2023-11-13,2024-02-15,11.49,HOBBY,ACTIVITY / COLORING,Quarterly - 04 Issues
640535,57601,Spotlight Lives,Weeklies,2023-06-05,2023-06-19,8.49,ENTERTAINMENT,CELEBRITY PROFILE,Bi-Weekly - 26 Issues
560344,9296,Title SIP,SIP,2023-02-27,2023-06-01,15.49,HOME,DECORATING,Quarterly - 04 Issues
651067,33976,Title SIP,SIP,2023-10-23,2024-01-25,15.49,ENTERTAINMENT,MOVIE / TELEVISION,Quarterly - 04 Issues
574454,67374,Title SIP,SIP,2023-04-24,2023-07-27,15.49,FAMILY,PETS,Quarterly - 04 Issues
676017,41093,Title SIP,SIP,2023-12-11,2024-03-14,15.49,ENTERTAINMENT,MUSIC,Quarterly - 04 Issues
657784,33972,Title SIP,SIP,2023-10-02,2024-01-04,15.49,HOME,BUILDING,Quarterly - 04 Issues
579050,33951,Title SIP,SIP,2023-05-01,2023-08-03,11.49,HOBBY,ACTIVITY / COLORING,Quarterly - 04 Issues
588386,9421,Title SIP,SIP,2023-06-12,2023-09-14,15.49,WOMENS,FASHION,Quarterly - 04 Issues
675953,64449,Simply Woman,Weeklies,2023-11-27,2023-12-14,5.99,WOMENS,EVERYDAY LIVING,Weekly - 52 Issues
672809,64803,Simply Woman,Weeklies,2023-11-20,2023-12-07,4.99,WOMENS,EVERYDAY LIVING,Weekly - 52 Issues
736305,64449,Simply Woman,Weeklies,2024-06-24,2024-07-11,4.99,WOMENS,EVERYDAY LIVING,Weekly - 52 Issues
712072,64466,Title SIP,SIP,2024-05-27,2024-08-29,15.49,AUTOMOTIVE,HIGH PERFORMANCE,Semi-Annual - 02 Issue
688192,33982,Title SIP,SIP,2024-02-05,2024-05-09,15.49,HOME,DECORATING,Quarterly - 04 Issues
559110,64836,Simply Woman,Weeklies,2023-01-09,2023-01-26,5.99,WOMENS,EVERYDAY LIVING,Weekly - 52 Issues
709790,64453,Everyday Bloom,Weeklies,2024-04-08,2024-04-25,6.99,WOMENS,EVERYDAY LIVING,Bi-Weekly - 26 Issues
652928,57607,Starline Stories,Weeklies,2023-10-09,2023-10-23,8.49,ENTERTAINMENT,CELEBRITY PROFILE,Bi-Weekly - 26 Issues
633257,64449,Simply Woman,Weeklies,2023-06-26,2023-07-13,4.99,WOMENS,EVERYDAY LIVING,Weekly - 52 Issues
576714,41097,Title SIP,SIP,2023-05-08,2023-08-10,15.49,HUMAN CULTURE,TRAVEL,Bi-Monthly - 06 Issues
656285,64451,Everyday Bloom,Weeklies,2023-09-18,2023-10-12,5.99,WOMENS,EVERYDAY LIVING,Monthly - 12 Issues
642848,57601,Spotlight Lives,Weeklies,2023-07-31,2023-08-14,8.49,ENTERTAINMENT,CELEBRITY PROFILE,Bi-Weekly - 26 Issues
657813,57983,Fame & Faces,Weeklies,2023-09-25,2023-10-09,8.49,ENTERTAINMENT,CELEBRITY PROFILE,Bi-Weekly - 26 Issues
641247,57549,Echo of Fame,Weeklies,2023-06-05,2023-06-19,8.49,ENTERTAINMENT,TRIBUTE,Bi-Weekly - 26 Issues
656570,41092,Title SIP,SIP,2023-08-07,2023-11-09,15.49,ENTERTAINMENT,TRIBUTE,Quarterly - 04 Issues
650100,57984,Fame & Faces,Weeklies,2023-07-17,2023-07-31,8.49,ENTERTAINMENT,CELEBRITY PROFILE,Weekly - 52 Issues
561449,64449,Simply Woman,Weeklies,2023-01-23,2023-02-09,4.99,WOMENS,EVERYDAY LIVING,Weekly - 52 Issues
577198,41248,Title SIP,SIP,2023-05-15,2023-08-17,14.49,FOOD,EVERYDAY EATING,Quarterly - 04 Issues
675560,64476,Title SIP,SIP,2024-02-26,2024-05-30,14.49,ENTERTAINMENT,TRIBUTE,Quarterly - 04 Issues
678077,64449,Simply Woman,Weeklies,2024-03-04,2024-03-21,4.99,WOMENS,EVERYDAY LIVING,Weekly - 52 Issues
726102,67322,Title SIP,SIP,2024-04-08,2024-07-11,15.49,ENTERTAINMENT,MOVIE / TELEVISION,Semi-Annual - 02 Issue
678994,57601,Spotlight Lives,Weeklies,2023-12-18,2024-01-01,8.49,ENTERTAINMENT,CELEBRITY PROFILE,Bi-Weekly - 26 Issues
701290,67392,Everyday Bloom,Weeklies,2024-04-08,2024-04-25,5.99,WOMENS,EVERYDAY LIVING,Monthly - 12 Issues
695630,33959,Title SIP,SIP,2024-02-26,2024-05-30,11.49,HOBBY,ACTIVITY / COLORING,Quarterly - 04 Issues
695088,64469,Title SIP,SIP,2024-01-15,2024-04-18,15.49,SPORT,FOOTBALL,Quarterly - 04 Issues
678600,64453,Everyday Bloom,Weeklies,2024-02-12,2024-03-04,6.99,WOMENS,EVERYDAY LIVING,Bi-Weekly - 26 Issues
662963,57607,Starline Stories,Weeklies,2023-10-23,2023-11-06,8.49,ENTERTAINMENT,CELEBRITY PROFILE,Bi-Weekly - 26 Issues
647126,64836,Simply Woman,Weeklies,2023-06-26,2023-07-13,5.99,WOMENS,EVERYDAY LIVING,Weekly - 52 Issues
562023,9296,Title SIP,SIP,2023-02-27,2023-06-01,15.49,HOME,DECORATING,Quarterly - 04 Issues
682612,57607,Starline Stories,Weeklies,2023-12-04,2023-12-18,8.49,ENTERTAINMENT,CELEBRITY PROFILE,Bi-Weekly - 26 Issues
666913,33583,Fame & Faces,Weeklies,2023-11-13,2023-11-27,8.49,ENTERTAINMENT,CELEBRITY PROFILE,Bi-Weekly - 26 Issues
578553,64459,Title SIP,SIP,2023-05-22,2023-08-24,8.49,PUZZLES,XWORD,Quarterly - 04 Issues
692990,64467,Title SIP,SIP,2024-02-12,2024-05-16,16.490000000000002,HUMAN CULTURE,RELIGION,Semi-Annual - 02 Issue
723466,33601,Spotlight Lives,Weeklies,2024-04-29,2024-05-13,8.49,ENTERTAINMENT,CELEBRITY PROFILE,Bi-Weekly - 26 Issues
700266,64453,Everyday Bloom,Weeklies,2024-05-20,2024-06-06,6.99,WOMENS,EVERYDAY LIVING,Bi-Weekly - 26 Issues
555448,41241,Title SIP,SIP,2023-01-16,2023-04-20,14.49,HOBBY,VIDEO GAMES,Quarterly - 04 Issues
656512,57607,Starline Stories,Weeklies,2023-07-03,2023-07-17,8.49,ENTERTAINMENT,CELEBRITY PROFILE,Bi-Weekly - 26 Issues
556285,67327,Title SIP,SIP,2023-01-09,2023-04-13,15.49,SPORT,COMMEMORATIVE,Semi-Annual - 02 Issue
661502,9417,Title SIP,SIP,2023-10-16,2024-01-18,15.49,HOBBY,ANIMAL,Quarterly - 04 Issues
661765,41095,Title SIP,SIP,2023-09-04,2023-12-07,15.49,ENTERTAINMENT,CELEBRITY PROFILE,Quarterly - 04 Issues
655001,41091,Title SIP,SIP,2023-08-21,2023-11-23,15.49,SPORT,COMMEMORATIVE,Quarterly - 04 Issues
555219,67306,Title SIP,SIP,2023-01-16,2023-04-20,15.49,ENTERTAINMENT,CELEBRITY PROFILE,Quarterly - 04 Issues
654533,64478,Title SIP,SIP,2023-07-31,2023-11-02,15.49,ENTERTAINMENT,MUSIC,Quarterly - 04 Issues
659417,67318,Title SIP,SIP,2023-11-13,2024-02-15,15.49,ENTERTAINMENT,MOVIE / TELEVISION,Semi-Annual - 02 Issue
576033,41092,Title SIP,SIP,2023-05-08,2023-08-10,15.49,ENTERTAINMENT,CELEBRITY PROFILE,Quarterly - 04 Issues
571150,9306,Title SIP,SIP,2023-04-03,2023-07-06,15.49,FOOD,EVERYDAY EATING,Quarterly - 04 Issues
569578,34019,Title SIP,SIP,2023-04-10,2023-07-13,15.49,HUMAN CULTURE,TRAVEL,Quarterly - 04 Issues
730722,67392,Everyday Bloom,Weeklies,2024-04-08,2024-04-25,5.99,WOMENS,EVERYDAY LIVING,Monthly - 12 Issues
560862,57601,Spotlight Lives,Weeklies,2023-01-02,2023-01-16,8.49,ENTERTAINMENT,CELEBRITY PROFILE,Bi-Weekly - 26 Issues
576090,57984,Fame & Faces,Weeklies,2023-03-27,2023-04-10,8.49,ENTERTAINMENT,CELEBRITY PROFILE,Weekly - 52 Issues
652089,33607,Starline Stories,Weeklies,2023-08-07,2023-08-21,8.49,ENTERTAINMENT,CELEBRITY PROFILE,Bi-Weekly - 26 Issues
715954,9292,Title SIP,SIP,2024-05-13,2024-08-15,15.49,ENTERTAINMENT,MUSIC,Quarterly - 04 Issues
700039,33956,Title SIP,SIP,2024-06-03,2024-09-05,14.49,FOOD,HEALTHY EATING,Quarterly - 04 Issues
680172,41154,Title SIP,SIP,2024-01-01,2024-04-04,15.49,HEALTH & FITNESS,WELLNESS/EMOTIONAL HEALTH,Quarterly - 04 Issues
680933,67304,Title SIP,SIP,2024-01-01,2024-04-04,15.49,ENTERTAINMENT,CELEBRITY PROFILE,Quarterly - 04 Issues
702744,33976,Title SIP,SIP,2024-03-18,2024-06-20,15.49,HEALTH & FITNESS,PHYSICAL FITNESS,Quarterly - 04 Issues
725867,41315,Title SIP,SIP,2024-05-06,2024-08-08,15.49,OUTDOORS,SURVIVAL,Quarterly - 04 Issues
699714,64458,Title SIP,SIP,2024-01-29,2024-05-02,15.49,FOOD,EVERYDAY EATING,Quarterly - 04 Issues
704632,9388,Title SIP,SIP,2024-04-08,2024-07-11,15.49,HOME,BUILDING,Quarterly - 04 Issues
683071,67345,Title SIP,SIP,2024-01-15,2024-04-18,9.49,PUZZLES,VARIETY,Quarterly - 04 Issues
694637,33607,Starline Stories,Weeklies,2024-05-13,2024-05-27,8.49,ENTERTAINMENT,CELEBRITY PROFILE,Bi-Weekly - 26 Issues
677051,9293,Title SIP,SIP,2023-12-25,2024-03-28,15.49,HOME,DECORATING,Quarterly - 04 Issues
680576,58006,Starline Stories,Weeklies,2023-12-11,2023-12-25,9.49,ENTERTAINMENT,CELEBRITY PROFILE,Weekly - 52 Issues
712332,57984,Fame & Faces,Weeklies,2024-05-06,2024-05-20,8.49,ENTERTAINMENT,CELEBRITY PROFILE,Weekly - 52 Issues
663998,57774,Title SIP,SIP,2023-11-27,2024-02-29,14.49,OUTDOORS,SURVIVAL,Quarterly - 04 Issues
650667,57607,Starline Stories,Weeklies,2023-07-17,2023-07-31,8.49,ENTERTAINMENT,CELEBRITY PROFILE,Bi-Weekly - 26 Issues
708871,41315,Title SIP,SIP,2024-05-06,2024-08-08,15.49,OUTDOORS,SURVIVAL,Quarterly - 04 Issues
691802,67318,Title SIP,SIP,2024-03-18,2024-06-20,15.49,PUZZLES,FILL-IN,Semi-Annual - 02 Issue
693111,57983,Fame & Faces,Weeklies,2024-01-29,2024-02-12,8.49,ENTERTAINMENT,CELEBRITY PROFILE,Bi-Weekly - 26 Issues
564571,33954,Title SIP,SIP,2023-02-20,2023-05-25,11.49,HOBBY,ACTIVITY / COLORING,Quarterly - 04 Issues
582294,33975,Title SIP,SIP,2023-06-05,2023-09-07,15.49,HOME,DECORATING,Quarterly - 04 Issues
569248,33993,Title SIP,SIP,2023-03-06,2023-06-08,15.49,HOME,GARDEN,Quarterly - 04 Issues
576455,41097,Title SIP,SIP,2023-05-08,2023-08-10,15.49,HUMAN CULTURE,TRAVEL,Bi-Monthly - 06 Issues
713278,33583,Fame & Faces,Weeklies,2024-06-10,2024-06-24,8.49,ENTERTAINMENT,CELEBRITY PROFILE,Bi-Weekly - 26 Issues
563478,33607,Starline Stories,Weeklies,2023-01-09,2023-01-23,8.49,ENTERTAINMENT,CELEBRITY PROFILE,Bi-Weekly - 26 Issues
581964,9384,Title SIP,SIP,2023-06-12,2023-09-14,15.49,HUMAN CULTURE,TRAVEL,Quarterly - 04 Issues
666605,41150,Title SIP,SIP,2023-10-30,2024-02-01,15.49,ENTERTAINMENT,MUSIC,Quarterly - 04 Issues
571860,33986,Title SIP,SIP,2023-04-24,2023-07-27,15.49,LIFESTYLE,SOCIAL,Semi-Annual - 02 Issue
650700,33549,Echo of Fame,Weeklies,2023-07-24,2023-08-07,8.49,ENTERTAINMENT,CELEBRITY PROFILE,Weekly - 52 Issues
568169,33984,Title SIP,SIP,2023-02-20,2023-05-25,15.49,FOOD,HEALTHY EATING,Quarterly - 04 Issues
654599,33607,Starline Stories,Weeklies,2023-06-26,2023-07-10,8.49,ENTERTAINMENT,CELEBRITY PROFILE,Bi-Weekly - 26 Issues
668982,57549,Echo of Fame,Weeklies,2023-07-31,2023-08-14,8.49,ENTERTAINMENT,TRIBUTE,Bi-Weekly - 26 Issues
558511,64803,Simply Woman,Weeklies,2023-01-16,2023-02-02,4.99,WOMENS,EVERYDAY LIVING,Weekly - 52 Issues
733849,33955,Title SIP,SIP,2024-05-13,2024-08-15,14.49,FOOD,EVERYDAY EATING,Quarterly - 04 Issues
686578,41299,Title SIP,SIP,2024-02-26,2024-05-30,14.49,HOBBY,VIDEO GAMES,Quarterly - 04 Issues
715379,67392,Everyday Bloom,Weeklies,2024-04-22,2024-05-09,5.99,WOMENS,EVERYDAY LIVING,Monthly - 12 Issues
716990,33607,Starline Stories,Weeklies,2024-04-15,2024-04-29,8.49,ENTERTAINMENT,CELEBRITY PROFILE,Bi-Weekly - 26 Issues
631038,9409,Title SIP,SIP,2023-07-03,2023-10-05,15.49,ENTERTAINMENT,CELEBRITY PROFILE,Quarterly - 04 Issues
659100,33968,Title SIP,SIP,2023-09-25,2023-12-28,15.49,ENTERTAINMENT,MOVIE / TELEVISION,Quarterly - 04 Issues
583604,57549,Echo of Fame,Weeklies,2023-05-22,2023-06-05,8.49,ENTERTAINMENT,TRIBUTE,Bi-Weekly - 26 Issues
569219,41309,Title SIP,SIP,2023-04-03,2023-07-06,16.490000000000002,HEALTH & FITNESS,PHYSICAL FITNESS,Quarterly - 04 Issues
650186,64451,Everyday Bloom,Weeklies,2023-08-07,2023-08-31,5.99,WOMENS,EVERYDAY LIVING,Monthly - 12 Issues
700214,64449,Simply Woman,Weeklies,2024-04-29,2024-05-16,4.99,WOMENS,EVERYDAY LIVING,Weekly - 52 Issues
678658,33601,Spotlight Lives,Weeklies,2024-01-08,2024-01-22,8.49,ENTERTAINMENT,CELEBRITY PROFILE,Bi-Weekly - 26 Issues
677887,33601,Spotlight Lives,Weeklies,2024-02-05,2024-02-19,8.49,ENTERTAINMENT,CELEBRITY PROFILE,Bi-Weekly - 26 Issues
682168,41317,Title SIP,SIP,2024-02-05,2024-05-09,15.49,NEWS & FINANCE,FINANCE,Quarterly - 04 Issues
693342,33969,Title SIP,SIP,2023-12-18,2024-03-21,15.49,AUTOMOTIVE,CONTEMPORARY CARS,Quarterly - 04 Issues
686417,57983,Fame & Faces,Weeklies,2024-03-25,2024-04-08,8.49,ENTERTAINMENT,CELEBRITY PROFILE,Bi-Weekly - 26 Issues
696189,9390,Title SIP,SIP,2024-04-29,2024-08-01,14.49,FOOD,EVERYDAY EATING,Quarterly - 04 Issues
698025,64803,Simply Woman,Weeklies,2024-01-29,2024-02-15,4.99,WOMENS,EVERYDAY LIVING,Weekly - 52 Issues
647282,57984,Fame & Faces,Weeklies,2023-08-07,2023-08-21,8.49,ENTERTAINMENT,CELEBRITY PROFILE,Weekly - 52 Issues
697555,67345,Title SIP,SIP,2024-04-15,2024-07-18,9.49,PUZZLES,XWORD,Quarterly - 04 Issues
699042,41242,Title SIP,SIP,2024-01-08,2024-04-11,15.49,HEALTH & FITNESS,WELLNESS/EMOTIONAL HEALTH,Quarterly - 04 Issues
699919,64803,Simply Woman,Weeklies,2024-05-20,2024-06-06,4.99,WOMENS,EVERYDAY LIVING,Weekly - 52 Issues
574659,57984,Fame & Faces,Weeklies,2023-04-17,2023-05-01,8.49,ENTERTAINMENT,CELEBRITY PROFILE,Weekly - 52 Issues
693938,67392,Everyday Bloom,Weeklies,2024-03-04,2024-03-21,5.99,WOMENS,EVERYDAY LIVING,Monthly - 12 Issues
581427,67317,Title SIP,SIP,2023-05-08,2023-08-10,15.49,ENTERTAINMENT,TRIBUTE,Semi-Annual - 02 Issue
560762,57549,Echo of Fame,Weeklies,2023-01-30,2023-02-13,8.49,ENTERTAINMENT,TRIBUTE,Bi-Weekly - 26 Issues
682302,64467,Title SIP,SIP,2023-11-13,2024-02-15,16.490000000000002,HUMAN CULTURE,RELIGION,Semi-Annual - 02 Issue
680210,57983,Fame & Faces,Weeklies,2023-12-04,2023-12-18,8.49,ENTERTAINMENT,CELEBRITY PROFILE,Bi-Weekly - 26 Issues
578111,9381,Title SIP,SIP,2023-05-15,2023-08-17,15.49,ENTERTAINMENT,MUSIC,Quarterly - 04 Issues
632887,41300,Title SIP,SIP,2023-07-03,2023-10-05,16.490000000000002,FAMILY,CHILDREN,Quarterly - 04 Issues
650777,9299,Title SIP,SIP,2023-10-23,2024-01-25,15.49,HOME,DECORATING,Quarterly - 04 Issues
657748,33549,Echo of Fame,Weeklies,2023-07-10,2023-07-24,8.49,ENTERTAINMENT,CELEBRITY PROFILE,Weekly - 52 Issues
583354,33967,Title SIP,SIP,2023-05-22,2023-08-24,15.49,ENTERTAINMENT,CELEBRITY PROFILE,Quarterly - 04 Issues
649476,9427,Title SIP,SIP,2023-10-02,2024-01-04,15.49,ENTERTAINMENT,MOVIE / TELEVISION,Quarterly - 04 Issues
583695,9387,Title SIP,SIP,2023-06-12,2023-09-14,15.49,ENTERTAINMENT,MUSIC,Quarterly - 04 Issues
569342,33583,Fame & Faces,Weeklies,2023-03-06,2023-03-20,8.49,ENTERTAINMENT,CELEBRITY PROFILE,Bi-Weekly - 26 Issues
567689,33954,Title SIP,SIP,2023-02-20,2023-05-25,11.49,HOBBY,ACTIVITY / COLORING,Quarterly - 04 Issues
559379,33970,Title SIP,SIP,2023-01-30,2023-05-04,15.49,FOOD,HEALTHY EATING,Quarterly - 04 Issues
652145,64803,Simply Woman,Weeklies,2023-08-14,2023-08-31,4.99,WOMENS,EVERYDAY LIVING,Weekly - 52 Issues
650171,9289,Title SIP,SIP,2023-07-24,2023-10-26,15.49,ENTERTAINMENT,MUSIC,Quarterly - 04 Issues
572449,64460,Title SIP,SIP,2023-04-17,2023-07-20,8.49,PUZZLES,WORD SEEK,Quarterly - 04 Issues
553372,55606,Title SIP,SIP,2023-01-09,2023-04-13,11.45,HOBBY,ACTIVITY / COLORING,Monthly - 12 Issues
649034,64803,Simply Woman,Weeklies,2023-07-31,2023-08-17,4.99,WOMENS,EVERYDAY LIVING,Weekly - 52 Issues
562570,33607,Starline Stories,Weeklies,2023-02-06,2023-02-20,8.49,ENTERTAINMENT,CELEBRITY PROFILE,Bi-Weekly - 26 Issues
570445,34013,Title SIP,SIP,2023-04-03,2023-07-06,15.49,ENTERTAINMENT,MUSIC,Quarterly - 04 Issues
650530,33959,Title SIP,SIP,2023-07-10,2023-10-12,11.49,HOBBY,ACTIVITY / COLORING,Quarterly - 04 Issues
706451,33991,Title SIP,SIP,2024-05-13,2024-08-15,15.49,HOME,DECORATING,Quarterly - 04 Issues
699733,9289,Title SIP,SIP,2024-04-22,2024-07-25,16.490000000000002,ENTERTAINMENT,MUSIC,Quarterly - 04 Issues
568432,64475,Title SIP,SIP,2023-02-06,2023-05-11,15.49,SPORT,FOOTBALL,Quarterly - 04 Issues
655092,9413,Title SIP,SIP,2023-09-04,2023-12-07,15.49,ENTERTAINMENT,MUSIC,Quarterly - 04 Issues
570926,64836,Simply Woman,Weeklies,2023-03-13,2023-03-30,5.99,WOMENS,EVERYDAY LIVING,Weekly - 52 Issues
583097,33607,Starline Stories,Weeklies,2023-05-15,2023-05-29,8.49,ENTERTAINMENT,CELEBRITY PROFILE,Bi-Weekly - 26 Issues
565211,9297,Title SIP,SIP,2023-03-06,2023-06-08,15.49,FOOD,HEALTHY EATING,Quarterly - 04 Issues
666658,57607,Starline Stories,Weeklies,2023-10-23,2023-11-06,8.49,ENTERTAINMENT,CELEBRITY PROFILE,Bi-Weekly - 26 Issues
715250,9385,Title SIP,SIP,2024-04-15,2024-07-18,15.49,FOOD,EVERYDAY EATING,Quarterly - 04 Issues
694217,64451,Everyday Bloom,Weeklies,2024-05-13,2024-05-30,6.99,WOMENS,EVERYDAY LIVING,Monthly - 12 Issues
686974,64803,Simply Woman,Weeklies,2024-01-15,2024-02-01,4.99,WOMENS,EVERYDAY LIVING,Weekly - 52 Issues
708157,57551,Title SIP,SIP,2024-05-20,2024-08-22,7.49,PUZZLES,SUDOKU,Quarterly - 04 Issues
682316,33950,Title SIP,SIP,2024-01-08,2024-04-11,11.49,HOBBY,ACTIVITY / COLORING,Quarterly - 04 Issues
678152,64470,Title SIP,SIP,2024-02-12,2024-05-16,15.49,ENTERTAINMENT,TRIBUTE,Semi-Annual - 02 Issue
709250,57549,Echo of Fame,Weeklies,2024-03-11,2024-03-25,8.49,ENTERTAINMENT,TRIBUTE,Bi-Weekly - 26 Issues
676142,64459,Title SIP,SIP,2024-01-01,2024-04-04,9.49,PUZZLES,XWORD,Quarterly - 04 Issues
667204,33583,Fame & Faces,Weeklies,2023-10-30,2023-11-13,8.49,ENTERTAINMENT,CELEBRITY PROFILE,Bi-Weekly - 26 Issues
557155,33970,Title SIP,SIP,2023-01-30,2023-05-04,15.49,FOOD,HEALTHY EATING,Quarterly - 04 Issues
686536,64803,Simply Woman,Weeklies,2024-01-29,2024-02-15,4.99,WOMENS,EVERYDAY LIVING,Weekly - 52 Issues
554979,41240,Title SIP,SIP,2023-01-16,2023-04-20,14.49,HOME,BUILDING,Quarterly - 04 Issues
724359,67392,Everyday Bloom,Weeklies,2024-05-20,2024-06-06,5.99,WOMENS,EVERYDAY LIVING,Monthly - 12 Issues
667995,64803,Simply Woman,Weeklies,2023-10-09,2023-10-26,4.99,WOMENS,EVERYDAY LIVING,Weekly - 52 Issues
639920,9290,Title SIP,SIP,2023-07-24,2023-10-26,15.49,ENTERTAINMENT,MUSIC,Quarterly - 04 Issues
663008,67301,Title SIP,SIP,2023-11-27,2024-02-29,15.49,ENTERTAINMENT,CELEBRITY PROFILE,Quarterly - 04 Issues
572523,41097,Title SIP,SIP,2023-05-08,2023-08-10,15.49,HUMAN CULTURE,TRAVEL,Bi-Monthly - 06 Issues
574429,64453,Everyday Bloom,Weeklies,2023-04-24,2023-05-18,7.99,WOMENS,EVERYDAY LIVING,Bi-Weekly - 26 Issues
568110,67304,Title SIP,SIP,2023-03-06,2023-06-08,15.49,ENTERTAINMENT,CELEBRITY PROFILE,Quarterly - 04 Issues
662678,67318,Title SIP,SIP,2023-11-13,2024-02-15,15.49,ENTERTAINMENT,MOVIE / TELEVISION,Semi-Annual - 02 Issue
583497,33978,Title SIP,SIP,2023-06-12,2023-09-14,15.49,ENTERTAINMENT,TRIBUTE,Quarterly - 04 Issues
556336,61534,Title SIP,SIP,2023-01-09,2023-04-13,15.49,FOOD,HEALTHY EATING,Quarterly - 04 Issues
572080,67392,Everyday Bloom,Weeklies,2023-04-24,2023-05-18,6.99,WOMENS,EVERYDAY LIVING,Monthly - 12 Issues
647311,33583,Fame & Faces,Weeklies,2023-06-12,2023-06-26,8.49,ENTERTAINMENT,CELEBRITY PROFILE,Bi-Weekly - 26 Issues
648012,33959,Title SIP,SIP,2023-07-10,2023-10-12,11.49,HOBBY,ACTIVITY / COLORING,Quarterly - 04 Issues
563894,57601,Spotlight Lives,Weeklies,2023-01-16,2023-01-30,8.49,ENTERTAINMENT,CELEBRITY PROFILE,Bi-Weekly - 26 Issues
567074,64449,Simply Woman,Weeklies,2023-02-20,2023-03-09,4.99,WOMENS,EVERYDAY LIVING,Weekly - 52 Issues
668413,9298,Title SIP,SIP,2023-12-11,2024-03-14,15.49,PUZZLES,FILL-IN,Quarterly - 04 Issues
663778,57601,Spotlight Lives,Weeklies,2023-09-25,2023-10-09,8.49,ENTERTAINMENT,CELEBRITY PROFILE,Bi-Weekly - 26 Issues
648201,57549,Echo of Fame,Weeklies,2023-07-17,2023-07-31,8.49,ENTERTAINMENT,TRIBUTE,Bi-Weekly - 26 Issues
668032,57549,Echo of Fame,Weeklies,2023-09-25,2023-10-09,8.49,ENTERTAINMENT,TRIBUTE,Bi-Weekly - 26 Issues
679265,33958,Title SIP,SIP,2024-02-12,2024-05-16,11.49,HOBBY,ACTIVITY / COLORING,Quarterly - 04 Issues
703695,33607,Starline Stories,Weeklies,2024-05-27,2024-06-10,8.49,ENTERTAINMENT,CELEBRITY PROFILE,Bi-Weekly - 26 Issues
657468,33982,Title SIP,SIP,2023-07-03,2023-10-05,15.49,ENTERTAINMENT,MUSIC,Quarterly - 04 Issues
641193,9290,Title SIP,SIP,2023-07-24,2023-10-26,15.49,ENTERTAINMENT,MUSIC,Quarterly - 04 Issues
646049,34010,Title SIP,SIP,2023-07-24,2023-10-26,15.49,FAMILY,EDUCATIONAL,Quarterly - 04 Issues
650668,33990,Title SIP,SIP,2023-07-03,2023-10-05,15.49,ENTERTAINMENT,CELEBRITY PROFILE,Quarterly - 04 Issues
650253,57549,Echo of Fame,Weeklies,2023-08-14,2023-08-28,8.49,ENTERTAINMENT,TRIBUTE,Bi-Weekly - 26 Issues
702682,64449,Simply Woman,Weeklies,2024-04-01,2024-04-18,4.99,WOMENS,EVERYDAY LIVING,Weekly - 52 Issues
696792,67314,Title SIP,SIP,2024-03-11,2024-06-13,15.49,SPORT,OTHER SPORTS,Semi-Annual - 02 Issue
678457,64478,Title SIP,SIP,2023-12-18,2024-03-21,15.49,FOOD,HEALTHY EATING,Quarterly - 04 Issues
714628,33607,Starline Stories,Weeklies,2024-06-24,2024-07-08,8.49,ENTERTAINMENT,CELEBRITY PROFILE,Bi-Weekly - 26 Issues
698183,64449,Simply Woman,Weeklies,2024-04-29,2024-05-16,4.99,WOMENS,EVERYDAY LIVING,Weekly - 52 Issues
674379,57607,Starline Stories,Weeklies,2023-11-20,2023-12-04,8.49,ENTERTAINMENT,CELEBRITY PROFILE,Bi-Weekly - 26 Issues
669619,64478,Title SIP,SIP,2023-12-18,2024-03-21,15.49,FOOD,HEALTHY EATING,Quarterly - 04 Issues
691929,57983,Fame & Faces,Weeklies,2024-04-08,2024-04-22,8.49,ENTERTAINMENT,CELEBRITY PROFILE,Bi-Weekly - 26 Issues
703279,33601,Spotlight Lives,Weeklies,2024-06-10,2024-06-24,8.49,ENTERTAINMENT,CELEBRITY PROFILE,Bi-Weekly - 26 Issues
693595,33601,Spotlight Lives,Weeklies,2024-03-04,2024-03-18,8.49,ENTERTAINMENT,CELEBRITY PROFILE,Bi-Weekly - 26 Issues
700339,57983,Fame & Faces,Weeklies,2024-05-20,2024-06-03,8.49,ENTERTAINMENT,CELEBRITY PROFILE,Bi-Weekly - 26 Issues
707086,41092,Title SIP,SIP,2024-03-04,2024-06-06,15.49,ENTERTAINMENT,CELEBRITY PROFILE,Quarterly - 04 Issues
687267,33978,Title SIP,SIP,2024-01-15,2024-04-18,15.49,ENTERTAINMENT,MUSIC,Quarterly - 04 Issues
687637,57607,Starline Stories,Weeklies,2024-01-29,2024-02-12,8.49,ENTERTAINMENT,CELEBRITY PROFILE,Bi-Weekly - 26 Issues
713978,58006,Starline Stories,Weeklies,2024-06-17,2024-07-01,9.49,ENTERTAINMENT,CELEBRITY PROFILE,Weekly - 52 Issues
710162,33607,Starline Stories,Weeklies,2024-06-10,2024-06-24,8.49,ENTERTAINMENT,CELEBRITY PROFILE,Bi-Weekly - 26 Issues
694453,57607,Starline Stories,Weeklies,2024-03-11,2024-03-25,8.49,ENTERTAINMENT,CELEBRITY PROFILE,Bi-Weekly - 26 Issues
678497,57601,Spotlight Lives,Weeklies,2024-02-26,2024-03-11,8.49,ENTERTAINMENT,CELEBRITY PROFILE,Bi-Weekly - 26 Issues
646461,41317,Title SIP,SIP,2023-07-17,2023-10-19,14.49,HOME,DECORATING,Quarterly - 04 Issues
670452,64467,Title SIP,SIP,2023-11-13,2024-02-15,16.490000000000002,HUMAN CULTURE,RELIGION,Semi-Annual - 02 Issue
694129,57983,Fame & Faces,Weeklies,2023-12-04,2023-12-18,8.49,ENTERTAINMENT,CELEBRITY PROFILE,Bi-Weekly - 26 Issues
666812,34004,Title SIP,SIP,2023-11-13,2024-02-15,15.49,HUMAN CULTURE,TRAVEL,Quarterly - 04 Issues
671454,9305,Title SIP,SIP,2023-09-18,2023-12-21,15.49,HOME,DECORATING,Quarterly - 04 Issues
630908,9386,Title SIP,SIP,2023-06-26,2023-09-28,15.49,HUMAN CULTURE,HISTORY,Quarterly - 04 Issues
671356,34012,Title SIP,SIP,2023-11-20,2024-02-22,15.49,HEALTH & FITNESS,WELLNESS/EMOTIONAL HEALTH,Quarterly - 04 Issues
583602,33968,Title SIP,SIP,2023-05-29,2023-08-31,15.49,ENTERTAINMENT,CELEBRITY PROFILE,Quarterly - 04 Issues
577328,33954,Title SIP,SIP,2023-05-22,2023-08-24,11.49,HOBBY,ACTIVITY / COLORING,Quarterly - 04 Issues
686091,33952,Title SIP,SIP,2024-01-22,2024-04-25,11.49,PUZZLES,LOGIC,Quarterly - 04 Issues
714819,67339,Title SIP,SIP,2024-04-01,2024-07-04,11.49,HOBBY,ACTIVITY / COLORING,Quarterly - 04 Issues
581862,67316,Title SIP,SIP,2023-05-22,2023-08-24,15.49,ENTERTAINMENT,MUSIC,Semi-Annual - 02 Issue
562409,64477,Title SIP,SIP,2023-01-16,2023-04-20,15.49,ENTERTAINMENT,CELEBRITY PROFILE,Quarterly - 04 Issues
662128,41155,Title SIP,SIP,2023-08-21,2023-10-26,14.49,SPORT,FOOTBALL,Quarterly - 04 Issues
667800,9289,Title SIP,SIP,2023-12-11,2024-03-14,15.49,SPORT,COMMEMORATIVE,Quarterly - 04 Issues
672495,67341,Title SIP,SIP,2023-12-11,2024-03-14,8.49,PUZZLES,SUDOKU,Quarterly - 04 Issues
644978,64476,Title SIP,SIP,2023-06-26,2023-09-28,14.49,CRAFTS,VARIETY,Quarterly - 04 Issues
635117,64451,Everyday Bloom,Weeklies,2023-08-07,2023-08-31,5.99,WOMENS,EVERYDAY LIVING,Monthly - 12 Issues
572616,41095,Title SIP,SIP,2023-05-08,2023-08-10,15.49,HUMAN CULTURE,MYSTERY/SCI-FI,Quarterly - 04 Issues
581018,41249,Title SIP,SIP,2023-06-05,2023-09-07,14.49,HOBBY,VIDEO GAMES,Quarterly - 04 Issues
645136,64803,Simply Woman,Weeklies,2023-07-17,2023-08-03,4.99,WOMENS,EVERYDAY LIVING,Weekly - 52 Issues
672496,67301,Title SIP,SIP,2023-11-27,2024-02-29,15.49,ENTERTAINMENT,CELEBRITY PROFILE,Quarterly - 04 Issues
672803,41240,Title SIP,SIP,2024-01-08,2024-04-11,15.49,HEALTH & FITNESS,WELLNESS/EMOTIONAL HEALTH,Quarterly - 04 Issues
560574,9412,Title SIP,SIP,2023-02-20,2023-05-25,15.49,ENTERTAINMENT,MOVIE / TELEVISION,Quarterly - 04 Issues
653664,67306,Title SIP,SIP,2023-10-02,2024-01-04,15.49,FOOD,EVERYDAY EATING,Quarterly - 04 Issues
580185,67392,Everyday Bloom,Weeklies,2023-06-05,2023-06-29,5.99,WOMENS,EVERYDAY LIVING,Monthly - 12 Issues
680030,57984,Fame & Faces,Weeklies,2023-11-27,2023-12-11,8.49,ENTERTAINMENT,CELEBRITY PROFILE,Weekly - 52 Issues
562987,33995,Title SIP,SIP,2023-03-06,2023-06-08,15.49,HUMAN CULTURE,RELIGION,Semi-Annual - 02 Issue
578652,33965,Title SIP,SIP,2023-05-22,2023-08-24,15.49,HUMAN CULTURE,MYSTERY/SCI-FI,Semi-Annual - 02 Issue
568498,34014,Title SIP,SIP,2023-04-03,2023-07-06,15.49,ENTERTAINMENT,MUSIC,Quarterly - 04 Issues
659833,67312,Title SIP,SIP,2023-10-23,2024-01-25,8.49,PUZZLES,XWORD,Semi-Annual - 02 Issue
698428,33601,Spotlight Lives,Weeklies,2024-04-01,2024-04-15,8.49,ENTERTAINMENT,CELEBRITY PROFILE,Bi-Weekly - 26 Issues
703621,67392,Everyday Bloom,Weeklies,2024-04-22,2024-05-09,5.99,WOMENS,EVERYDAY LIVING,Monthly - 12 Issues
692299,33549,Echo of Fame,Weeklies,2024-03-18,2024-04-01,8.49,ENTERTAINMENT,CELEBRITY PROFILE,Weekly - 52 Issues
714526,67324,Title SIP,SIP,2024-03-18,2024-06-20,15.49,ENTERTAINMENT,MOVIE / TELEVISION,Semi-Annual - 02 Issue
704520,33549,Echo of Fame,Weeklies,2024-04-29,2024-05-13,8.49,ENTERTAINMENT,CELEBRITY PROFILE,Weekly - 52 Issues
676766,57607,Starline Stories,Weeklies,2023-12-18,2024-01-01,8.49,ENTERTAINMENT,CELEBRITY PROFILE,Bi-Weekly - 26 Issues
679683,33607,Starline Stories,Weeklies,2024-02-05,2024-02-19,8.49,ENTERTAINMENT,CELEBRITY PROFILE,Bi-Weekly - 26 Issues
717639,64453,Everyday Bloom,Weeklies,2024-04-15,2024-05-02,6.99,WOMENS,EVERYDAY LIVING,Bi-Weekly - 26 Issues
715767,64453,Everyday Bloom,Weeklies,2024-05-27,2024-06-13,6.99,WOMENS,EVERYDAY LIVING,Bi-Weekly - 26 Issues
567699,64836,Simply Woman,Weeklies,2023-03-20,2023-04-06,5.99,WOMENS,EVERYDAY LIVING,Weekly - 52 Issues
713431,64833,Title SIP,SIP,2024-06-03,2024-09-05,11.49,HUMAN CULTURE,SOCIAL,Quarterly - 04 Issues
697201,64453,Everyday Bloom,Weeklies,2024-03-04,2024-03-21,6.99,WOMENS,EVERYDAY LIVING,Bi-Weekly - 26 Issues
571927,67317,Title SIP,SIP,2023-05-08,2023-08-10,15.49,ENTERTAINMENT,TRIBUTE,Semi-Annual - 02 Issue
672970,33958,Title SIP,SIP,2023-10-16,2024-01-18,11.49,HOBBY,ACTIVITY / COLORING,Quarterly - 04 Issues
580300,57607,Starline Stories,Weeklies,2023-05-08,2023-05-22,8.49,ENTERTAINMENT,CELEBRITY PROFILE,Bi-Weekly - 26 Issues
576664,64451,Everyday Bloom,Weeklies,2023-05-15,2023-06-08,5.99,WOMENS,EVERYDAY LIVING,Monthly - 12 Issues
589107,9420,Title SIP,SIP,2023-06-05,2023-09-07,15.49,HUMAN CULTURE,MYSTERY/SCI-FI,Quarterly - 04 Issues
636125,67319,Title SIP,SIP,2023-06-19,2023-09-21,15.49,SPORT,COMMEMORATIVE,Semi-Annual - 02 Issue
664953,34010,Title SIP,SIP,2023-11-13,2024-02-15,15.49,ENTERTAINMENT,MOVIE / TELEVISION,Quarterly - 04 Issues
678279,41303,Title SIP,SIP,2023-11-06,2023-12-21,16.490000000000002,HOME,DECORATING,Quarterly - 04 Issues
585461,33956,Title SIP,SIP,2023-06-19,2023-09-21,11.49,PUZZLES,LOGIC,Quarterly - 04 Issues
575838,33951,Title SIP,SIP,2023-05-01,2023-08-03,11.49,HOBBY,ACTIVITY / COLORING,Quarterly - 04 Issues
582688,64449,Simply Woman,Weeklies,2023-05-01,2023-05-18,4.99,WOMENS,EVERYDAY LIVING,Weekly - 52 Issues
663969,9389,Title SIP,SIP,2023-12-04,2024-03-07,15.49,ENTERTAINMENT,MUSIC,Quarterly - 04 Issues
660009,33981,Title SIP,SIP,2023-11-06,2024-02-08,15.49,FAMILY,PETS,Quarterly - 04 Issues
572581,64803,Simply Woman,Weeklies,2023-03-27,2023-04-13,4.99,WOMENS,EVERYDAY LIVING,Weekly - 52 Issues
672599,57601,Spotlight Lives,Weeklies,2023-08-28,2023-09-11,8.49,ENTERTAINMENT,CELEBRITY PROFILE,Bi-Weekly - 26 Issues
659962,67344,Title SIP,SIP,2023-09-18,2023-12-21,8.49,PUZZLES,SUDOKU,Quarterly - 04 Issues
566414,57607,Starline Stories,Weeklies,2023-02-13,2023-02-27,8.49,ENTERTAINMENT,CELEBRITY PROFILE,Bi-Weekly - 26 Issues
691818,41299,Title SIP,SIP,2024-06-03,2024-09-05,14.49,HOBBY,VIDEO GAMES,Quarterly - 04 Issues
708741,33607,Starline Stories,Weeklies,2024-05-13,2024-05-27,8.49,ENTERTAINMENT,CELEBRITY PROFILE,Bi-Weekly - 26 Issues
675604,9303,Title SIP,SIP,2024-02-05,2024-05-09,15.49,ENTERTAINMENT,MUSIC,Quarterly - 04 Issues
589167,64473,Title SIP,SIP,2023-06-05,2023-09-07,15.49,FOOD,HEALTHY EATING,Semi-Annual - 02 Issue
567343,33601,Spotlight Lives,Weeklies,2023-02-20,2023-03-06,8.49,ENTERTAINMENT,CELEBRITY PROFILE,Bi-Weekly - 26 Issues
643654,57607,Starline Stories,Weeklies,2023-06-05,2023-06-19,8.49,ENTERTAINMENT,CELEBRITY PROFILE,Bi-Weekly - 26 Issues
672011,67323,Title SIP,SIP,2023-12-11,2024-03-14,15.49,HUMAN CULTURE,TRAVEL,Semi-Annual - 02 Issue
572907,34004,Title SIP,SIP,2023-03-20,2023-06-22,15.49,ENTERTAINMENT,TRIBUTE,Quarterly - 04 Issues
554146,33514,Title SIP,SIP,2023-01-09,2023-04-13,16.490000000000002,FOOD,EVERYDAY EATING,Bi-Monthly - 06 Issues
574676,41095,Title SIP,SIP,2023-05-08,2023-08-10,15.49,HUMAN CULTURE,MYSTERY/SCI-FI,Quarterly - 04 Issues
715393,33583,Fame & Faces,Weeklies,2024-06-24,2024-07-08,8.49,ENTERTAINMENT,CELEBRITY PROFILE,Bi-Weekly - 26 Issues
722562,67392,Everyday Bloom,Weeklies,2024-03-04,2024-03-21,5.99,WOMENS,EVERYDAY LIVING,Monthly - 12 Issues
706754,64468,Title SIP,SIP,2024-06-03,2024-09-05,15.49,SPORT,BASEBALL,Quarterly - 04 Issues
681083,33960,Title SIP,SIP,2024-02-19,2024-05-23,11.49,HOBBY,ACTIVITY / COLORING,Quarterly - 04 Issues
701004,34012,Title SIP,SIP,2024-03-04,2024-06-06,15.49,HOME,BUILDING,Quarterly - 04 Issues
702013,41308,Title SIP,SIP,2024-04-08,2024-07-11,15.49,SPORT,FOOTBALL,Quarterly - 04 Issues
659720,67371,Title SIP,SIP,2023-11-20,2024-02-22,15.49,FOOD,HEALTHY EATING,Quarterly - 04 Issues
685368,67370,Title SIP,SIP,2023-11-13,2024-02-15,15.49,HUMAN CULTURE,RELIGION,Quarterly - 04 Issues
670828,58005,Spotlight Lives,Weeklies,2023-09-11,2023-09-25,8.49,ENTERTAINMENT,CELEBRITY PROFILE,Weekly - 52 Issues
651909,57984,Fame & Faces,Weeklies,2023-08-07,2023-08-21,8.49,ENTERTAINMENT,CELEBRITY PROFILE,Weekly - 52 Issues
578675,41099,Title SIP,SIP,2023-05-15,2023-08-17,15.49,FAMILY,PETS,Quarterly - 04 Issues
665588,9292,Title SIP,SIP,2023-12-18,2024-03-21,15.49,FOREIGN LANGUAGE,FOREIGN LANGUAGE,Quarterly - 04 Issues
674096,9292,Title SIP,SIP,2023-12-18,2024-03-21,15.49,FOREIGN LANGUAGE,FOREIGN LANGUAGE,Quarterly - 04 Issues
691324,33601,Spotlight Lives,Weeklies,2024-04-29,2024-05-13,8.49,ENTERTAINMENT,CELEBRITY PROFILE,Bi-Weekly - 26 Issues
641348,41318,Title SIP,SIP,2023-07-24,2023-10-26,14.49,HOBBY,VIDEO GAMES,Quarterly - 04 Issues
568095,67325,Title SIP,SIP,2023-03-13,2023-06-15,15.49,HUMAN CULTURE,HISTORY,Semi-Annual - 02 Issue
628627,33958,Title SIP,SIP,2023-07-03,2023-10-05,11.49,HOBBY,ACTIVITY / COLORING,Quarterly - 04 Issues
661089,33960,Title SIP,SIP,2023-10-23,2024-01-25,11.49,HOBBY,ACTIVITY / COLORING,Quarterly - 04 Issues
652889,64451,Everyday Bloom,Weeklies,2023-09-18,2023-10-12,5.99,WOMENS,EVERYDAY LIVING,Monthly - 12 Issues
561039,57549,Echo of Fame,Weeklies,2023-01-16,2023-01-30,8.49,ENTERTAINMENT,TRIBUTE,Bi-Weekly - 26 Issues
642143,64461,Title SIP,SIP,2023-07-24,2023-10-26,8.49,PUZZLES,SUDOKU,Quarterly - 04 Issues
656839,33997,Title SIP,SIP,2023-11-06,2024-02-08,15.49,HOME,GARDEN,Quarterly - 04 Issues
563441,41248,Title SIP,SIP,2023-02-13,2023-05-18,14.49,HOME,GARDEN,Quarterly - 04 Issues
555280,64439,Title SIP,SIP,2023-01-02,2023-04-06,15.49,FOOD,EVERYDAY EATING,Quarterly - 04 Issues
561345,33601,Spotlight Lives,Weeklies,2023-01-23,2023-02-06,8.49,ENTERTAINMENT,CELEBRITY PROFILE,Bi-Weekly - 26 Issues
646640,33601,Spotlight Lives,Weeklies,2023-08-21,2023-09-04,8.49,ENTERTAINMENT,CELEBRITY PROFILE,Bi-Weekly - 26 Issues
582800,33979,Title SIP,SIP,2023-06-12,2023-09-14,15.49,FOOD,HEALTHY EATING,Quarterly - 04 Issues
677881,67342,Title SIP,SIP,2023-12-18,2024-03-21,8.49,PUZZLES,WORD SEEK,Quarterly - 04 Issues
721067,64475,Title SIP,SIP,2024-04-08,2024-07-11,15.49,PUZZLES,FILL-IN,Quarterly - 04 Issues
657235,9295,Title SIP,SIP,2023-08-14,2023-11-16,15.49,ENTERTAINMENT,MOVIE / TELEVISION,Quarterly - 04 Issues
571041,57601,Spotlight Lives,Weeklies,2023-03-27,2023-04-10,8.49,ENTERTAINMENT,CELEBRITY PROFILE,Bi-Weekly - 26 Issues
575723,41242,Title SIP,SIP,2023-05-08,2023-08-10,14.49,HOME,DECORATING,Quarterly - 04 Issues
571764,41154,Title SIP,SIP,2023-04-17,2023-07-20,14.49,OUTDOORS,SURVIVAL,Quarterly - 04 Issues
658160,67370,Title SIP,SIP,2023-11-13,2024-02-15,15.49,HUMAN CULTURE,RELIGION,Quarterly - 04 Issues
676479,9411,Title SIP,SIP,2023-12-11,2024-03-14,15.49,HUMAN CULTURE,TRAVEL,Quarterly - 04 Issues
647043,33607,Starline Stories,Weeklies,2023-08-07,2023-08-21,8.49,ENTERTAINMENT,CELEBRITY PROFILE,Bi-Weekly - 26 Issues
641284,64451,Everyday Bloom,Weeklies,2023-06-26,2023-07-20,5.99,WOMENS,EVERYDAY LIVING,Monthly - 12 Issues
563869,67313,Title SIP,SIP,2023-03-20,2023-06-22,9.49,PUZZLES,VARIETY,Semi-Annual - 02 Issue
667282,33954,Title SIP,SIP,2023-10-02,2024-01-04,11.49,HOBBY,ACTIVITY / COLORING,Quarterly - 04 Issues
587909,33974,Title SIP,SIP,2023-05-22,2023-08-24,15.49,ENTERTAINMENT,CELEBRITY PROFILE,Quarterly - 04 Issues
565195,64803,Simply Woman,Weeklies,2023-03-13,2023-03-30,4.99,WOMENS,EVERYDAY LIVING,Weekly - 52 Issues
668231,33549,Echo of Fame,Weeklies,2023-10-30,2023-11-13,8.49,ENTERTAINMENT,CELEBRITY PROFILE,Weekly - 52 Issues
685361,57983,Fame & Faces,Weeklies,2023-12-18,2024-01-01,8.49,ENTERTAINMENT,CELEBRITY PROFILE,Bi-Weekly - 26 Issues
702722,33583,Fame & Faces,Weeklies,2024-04-15,2024-04-29,8.49,ENTERTAINMENT,CELEBRITY PROFILE,Bi-Weekly - 26 Issues
688725,64801,Title SIP,SIP,2023-12-25,2024-03-28,15.49,HUMAN CULTURE,TRAVEL,Quarterly - 04 Issues
698414,67392,Everyday Bloom,Weeklies,2024-04-22,2024-05-09,5.99,WOMENS,EVERYDAY LIVING,Monthly - 12 Issues
679790,9292,Title SIP,SIP,2023-12-18,2024-03-21,15.49,FOREIGN LANGUAGE,FOREIGN LANGUAGE,Quarterly - 04 Issues
675183,64803,Simply Woman,Weeklies,2024-01-01,2024-01-18,4.99,WOMENS,EVERYDAY LIVING,Weekly - 52 Issues
699301,33999,Title SIP,SIP,2024-04-01,2024-07-04,15.49,FOOD,HEALTHY EATING,Quarterly - 04 Issues
709000,9296,Title SIP,SIP,2024-03-11,2024-06-13,19.49,ENTERTAINMENT,MUSIC,Quarterly - 04 Issues
648924,33951,Title SIP,SIP,2023-08-28,2023-11-30,11.49,HOBBY,ACTIVITY / COLORING,Quarterly - 04 Issues
653665,58005,Spotlight Lives,Weeklies,2023-07-31,2023-08-14,8.49,ENTERTAINMENT,CELEBRITY PROFILE,Weekly - 52 Issues
662363,57607,Starline Stories,Weeklies,2023-10-23,2023-11-06,8.49,ENTERTAINMENT,CELEBRITY PROFILE,Bi-Weekly - 26 Issues
578878,33607,Starline Stories,Weeklies,2023-05-15,2023-05-29,8.49,ENTERTAINMENT,CELEBRITY PROFILE,Bi-Weekly - 26 Issues
576721,41093,Title SIP,SIP,2023-05-08,2023-08-10,15.49,HOBBY,VIDEO GAMES,Quarterly - 04 Issues
668564,33968,Title SIP,SIP,2023-09-25,2023-12-28,15.49,ENTERTAINMENT,MOVIE / TELEVISION,Quarterly - 04 Issues
680295,33583,Fame & Faces,Weeklies,2024-01-22,2024-02-05,8.49,ENTERTAINMENT,CELEBRITY PROFILE,Bi-Weekly - 26 Issues
681490,9415,Title SIP,SIP,2024-01-15,2024-04-18,15.49,ENTERTAINMENT,MOVIE / TELEVISION,Quarterly - 04 Issues
713180,33549,Echo of Fame,Weeklies,2024-06-24,2024-07-08,8.49,ENTERTAINMENT,CELEBRITY PROFILE,Weekly - 52 Issues
679844,33583,Fame & Faces,Weeklies,2023-12-11,2023-12-25,8.49,ENTERTAINMENT,CELEBRITY PROFILE,Bi-Weekly - 26 Issues
657772,33999,Title SIP,SIP,2023-07-17,2023-10-19,15.49,HUMAN CULTURE,MYSTERY/SCI-FI,Quarterly - 04 Issues
577014,9415,Title SIP,SIP,2023-05-01,2023-08-03,15.49,ENTERTAINMENT,CELEBRITY PROFILE,Quarterly - 04 Issues
558182,33975,Title SIP,SIP,2023-02-06,2023-05-11,15.49,FAMILY,PETS,Quarterly - 04 Issues
683366,33971,Title SIP,SIP,2024-02-05,2024-05-09,15.49,HEALTH & FITNESS,WELLNESS/EMOTIONAL HEALTH,Quarterly - 04 Issues
575172,67307,Title SIP,SIP,2023-04-24,2023-07-27,15.49,ENTERTAINMENT,MOVIE / TELEVISION,Quarterly - 04 Issues
665626,9294,Title SIP,SIP,2023-08-07,2023-11-09,15.49,FOOD,EVERYDAY EATING,Quarterly - 04 Issues
638897,34018,Title SIP,SIP,2023-08-14,2023-11-16,15.49,ENTERTAINMENT,CELEBRITY PROFILE,Quarterly - 04 Issues
659468,9421,Title SIP,SIP,2023-11-20,2024-02-22,15.49,ENTERTAINMENT,CELEBRITY PROFILE,Quarterly - 04 Issues
572932,57983,Fame & Faces,Weeklies,2023-03-27,2023-04-10,8.49,ENTERTAINMENT,CELEBRITY PROFILE,Bi-Weekly - 26 Issues
667882,9299,Title SIP,SIP,2023-10-23,2024-01-25,15.49,HOME,DECORATING,Quarterly - 04 Issues
562420,57607,Starline Stories,Weeklies,2023-01-16,2023-01-30,8.49,ENTERTAINMENT,CELEBRITY PROFILE,Bi-Weekly - 26 Issues
647726,33601,Spotlight Lives,Weeklies,2023-06-26,2023-07-10,8.49,ENTERTAINMENT,CELEBRITY PROFILE,Bi-Weekly - 26 Issues
649710,64449,Simply Woman,Weeklies,2023-06-26,2023-07-13,4.99,WOMENS,EVERYDAY LIVING,Weekly - 52 Issues
693042,33969,Title SIP,SIP,2023-12-18,2024-03-21,15.49,AUTOMOTIVE,CONTEMPORARY CARS,Quarterly - 04 Issues
649267,67306,Title SIP,SIP,2023-10-02,2024-01-04,15.49,FOOD,EVERYDAY EATING,Quarterly - 04 Issues
574317,57601,Spotlight Lives,Weeklies,2023-04-24,2023-05-08,8.49,ENTERTAINMENT,CELEBRITY PROFILE,Bi-Weekly - 26 Issues
559871,41244,Title SIP,SIP,2023-01-30,2023-05-04,14.49,OUTDOORS,SURVIVAL,Quarterly - 04 Issues
566056,67326,Title SIP,SIP,2023-01-16,2023-04-20,16.490000000000002,ENTERTAINMENT,CELEBRITY PROFILE,Semi-Annual - 02 Issue
650117,33996,Title SIP,SIP,2023-10-09,2024-01-11,15.49,FOOD,HEALTHY EATING,Quarterly - 04 Issues
556876,64363,Title SIP,SIP,2023-01-02,2023-04-06,14.49,HOBBY,ACTIVITY / COLORING,Monthly - 12 Issues
554716,33964,Title SIP,SIP,2023-01-23,2023-04-27,15.49,ENTERTAINMENT,MUSIC,Quarterly - 04 Issues
577329,9418,Title SIP,SIP,2023-05-15,2023-08-17,15.49,ENTERTAINMENT,CELEBRITY PROFILE,Quarterly - 04 Issues
697257,33549,Echo of Fame,Weeklies,2024-03-04,2024-03-18,8.49,ENTERTAINMENT,CELEBRITY PROFILE,Weekly - 52 Issues
711235,57549,Echo of Fame,Weeklies,2024-06-17,2024-07-01,8.49,ENTERTAINMENT,TRIBUTE,Bi-Weekly - 26 Issues
566360,41315,Title SIP,SIP,2023-03-06,2023-06-08,14.49,HOBBY,VIDEO GAMES,Quarterly - 04 Issues
694896,57607,Starline Stories,Weeklies,2024-06-03,2024-06-17,8.49,ENTERTAINMENT,CELEBRITY PROFILE,Bi-Weekly - 26 Issues
681811,33977,Title SIP,SIP,2024-01-29,2024-05-02,15.49,NEWS & FINANCE,BUSINESS,Quarterly - 04 Issues
707460,64453,Everyday Bloom,Weeklies,2024-05-27,2024-06-13,6.99,WOMENS,EVERYDAY LIVING,Bi-Weekly - 26 Issues
709706,58005,Spotlight Lives,Weeklies,2024-05-27,2024-06-10,8.49,ENTERTAINMENT,CELEBRITY PROFILE,Weekly - 52 Issues
584689,64836,Simply Woman,Weeklies,2023-05-22,2023-06-08,5.99,WOMENS,EVERYDAY LIVING,Weekly - 52 Issues
669079,67322,Title SIP,SIP,2023-11-06,2024-02-08,16.490000000000002,SPORT,BASEBALL,Semi-Annual - 02 Issue
657799,67316,Title SIP,SIP,2023-10-30,2024-02-01,15.49,HUMAN CULTURE,HISTORY,Semi-Annual - 02 Issue
674705,33607,Starline Stories,Weeklies,2024-01-08,2024-01-22,8.49,ENTERTAINMENT,CELEBRITY PROFILE,Bi-Weekly - 26 Issues
698542,34004,Title SIP,SIP,2024-03-11,2024-06-13,15.49,HUMAN CULTURE,RELIGION,Quarterly - 04 Issues
676638,64449,Simply Woman,Weeklies,2024-03-04,2024-03-21,4.99,WOMENS,EVERYDAY LIVING,Weekly - 52 Issues
700764,34017,Title SIP,SIP,2024-03-04,2024-06-06,15.49,FOOD,EVERYDAY EATING,Quarterly - 04 Issues
722924,34002,Title SIP,SIP,2024-05-27,2024-08-29,16.490000000000002,SPORT,FOOTBALL,Semi-Annual - 02 Issue
554626,67327,Title SIP,SIP,2023-01-09,2023-04-13,15.49,SPORT,COMMEMORATIVE,Semi-Annual - 02 Issue
642638,67309,Title SIP,SIP,2023-05-29,2023-08-31,15.49,FOOD,HEALTHY EATING,Quarterly - 04 Issues
659020,33966,Title SIP,SIP,2023-09-25,2023-12-28,15.49,HUMAN CULTURE,MYSTERY/SCI-FI,Quarterly - 04 Issues
652541,9424,Title SIP,SIP,2023-08-07,2023-11-09,15.49,HUMAN CULTURE,TRAVEL,Quarterly - 04 Issues
669121,33960,Title SIP,SIP,2023-10-23,2024-01-25,11.49,HOBBY,ACTIVITY / COLORING,Quarterly - 04 Issues
684054,33601,Spotlight Lives,Weeklies,2023-11-13,2023-11-27,8.49,ENTERTAINMENT,CELEBRITY PROFILE,Bi-Weekly - 26 Issues
646317,9423,Title SIP,SIP,2023-07-03,2023-10-05,15.49,ENTERTAINMENT,MOVIE / TELEVISION,Quarterly - 04 Issues
654995,9426,Title SIP,SIP,2023-10-02,2024-01-04,15.49,LIFESTYLE,SOCIAL,Quarterly - 04 Issues
665483,67303,Title SIP,SIP,2023-12-04,2024-03-07,15.49,HOME,DECORATING,Quarterly - 04 Issues
679192,67303,Title SIP,SIP,2023-12-04,2024-03-07,15.49,HOME,DECORATING,Quarterly - 04 Issues
565426,41250,Title SIP,SIP,2023-02-27,2023-06-01,14.49,HOME,GARDEN,Quarterly - 04 Issues
563201,33583,Fame & Faces,Weeklies,2023-01-23,2023-02-06,8.49,ENTERTAINMENT,CELEBRITY PROFILE,Bi-Weekly - 26 Issues
645785,57607,Starline Stories,Weeklies,2023-07-17,2023-07-31,8.49,ENTERTAINMENT,CELEBRITY PROFILE,Bi-Weekly - 26 Issues
571632,64451,Everyday Bloom,Weeklies,2023-04-03,2023-04-27,5.99,WOMENS,EVERYDAY LIVING,Monthly - 12 Issues
575260,41092,Title SIP,SIP,2023-05-08,2023-08-10,15.49,ENTERTAINMENT,CELEBRITY PROFILE,Quarterly - 04 Issues
698063,57601,Spotlight Lives,Weeklies,2024-04-22,2024-05-06,8.49,ENTERTAINMENT,CELEBRITY PROFILE,Bi-Weekly - 26 Issues
679949,64803,Simply Woman,Weeklies,2023-12-18,2024-01-04,4.99,WOMENS,EVERYDAY LIVING,Weekly - 52 Issues
712568,64451,Everyday Bloom,Weeklies,2024-06-24,2024-07-11,5.99,WOMENS,EVERYDAY LIVING,Monthly - 12 Issues
699288,57549,Echo of Fame,Weeklies,2024-01-01,2024-01-15,8.49,ENTERTAINMENT,TRIBUTE,Bi-Weekly - 26 Issues
641918,67319,Title SIP,SIP,2023-06-19,2023-09-21,15.49,SPORT,COMMEMORATIVE,Semi-Annual - 02 Issue
648256,67326,Title SIP,SIP,2023-06-26,2023-09-28,15.49,HUMAN CULTURE,HISTORY,Semi-Annual - 02 Issue
663673,34012,Title SIP,SIP,2023-11-20,2024-02-22,15.49,HEALTH & FITNESS,WELLNESS/EMOTIONAL HEALTH,Quarterly - 04 Issues
570045,33601,Spotlight Lives,Weeklies,2023-03-06,2023-03-20,8.49,ENTERTAINMENT,CELEBRITY PROFILE,Bi-Weekly - 26 Issues
555249,64198,Title SIP,SIP,2023-01-16,2023-04-20,15.49,ENTERTAINMENT,MOVIE / TELEVISION,Bi-Monthly - 06 Issues
683029,57549,Echo of Fame,Weeklies,2023-10-23,2023-11-06,8.49,ENTERTAINMENT,TRIBUTE,Bi-Weekly - 26 Issues
655850,58005,Spotlight Lives,Weeklies,2023-07-24,2023-08-07,8.49,ENTERTAINMENT,CELEBRITY PROFILE,Weekly - 52 Issues
566308,57607,Starline Stories,Weeklies,2023-01-16,2023-01-30,8.49,ENTERTAINMENT,CELEBRITY PROFILE,Bi-Weekly - 26 Issues
666684,67371,Title SIP,SIP,2023-11-20,2024-02-22,15.49,FOOD,HEALTHY EATING,Quarterly - 04 Issues
582175,67311,Title SIP,SIP,2023-06-19,2023-09-21,8.49,PUZZLES,XWORD,Semi-Annual - 02 Issue
577209,41246,Title SIP,SIP,2023-05-15,2023-08-17,14.49,HOME,DECORATING,Quarterly - 04 Issues
709190,67320,Title SIP,SIP,2024-03-25,2024-06-27,15.49,ENTERTAINMENT,CELEBRITY PROFILE,Semi-Annual - 02 Issue
696787,33990,Title SIP,SIP,2024-04-08,2024-07-11,15.49,HOME,GARDEN,Quarterly - 04 Issues
705221,9422,Title SIP,SIP,2024-04-08,2024-07-11,15.49,HUMAN CULTURE,MYSTERY/SCI-FI,Quarterly - 04 Issues
691860,57984,Fame & Faces,Weeklies,2024-02-19,2024-03-04,8.49,ENTERTAINMENT,CELEBRITY PROFILE,Weekly - 52 Issues
557949,33953,Title SIP,SIP,2023-01-30,2023-05-04,11.49,PUZZLES,LOGIC,Quarterly - 04 Issues
558764,64803,Simply Woman,Weeklies,2023-01-16,2023-02-02,4.99,WOMENS,EVERYDAY LIVING,Weekly - 52 Issues
665718,9304,Title SIP,SIP,2024-02-12,2024-05-16,15.49,ENTERTAINMENT,MUSIC,Quarterly - 04 Issues
699854,57549,Echo of Fame,Weeklies,2024-04-22,2024-05-06,8.49,ENTERTAINMENT,TRIBUTE,Bi-Weekly - 26 Issues
671244,33974,Title SIP,SIP,2023-12-18,2024-03-14,15.49,ENTERTAINMENT,MUSIC,Quarterly - 04 Issues
657644,57607,Starline Stories,Weeklies,2023-07-03,2023-07-17,8.49,ENTERTAINMENT,CELEBRITY PROFILE,Bi-Weekly - 26 Issues
652460,9386,Title SIP,SIP,2023-10-23,2024-01-25,15.49,ENTERTAINMENT,MOVIE / TELEVISION,Quarterly - 04 Issues
580186,33972,Title SIP,SIP,2023-06-05,2023-09-07,15.49,FOOD,EVERYDAY EATING,Quarterly - 04 Issues
643207,67305,Title SIP,SIP,2023-08-28,2023-11-30,15.49,ENTERTAINMENT,TRIBUTE,Quarterly - 04 Issues
573934,64469,Title SIP,SIP,2023-04-10,2023-07-13,15.49,ENTERTAINMENT,MUSIC,Quarterly - 04 Issues
645126,34016,Title SIP,SIP,2023-08-07,2023-11-09,15.49,HOME,DECORATING,Quarterly - 04 Issues
554571,64242,Title SIP,SIP,2023-01-02,2023-04-06,15.49,ENTERTAINMENT,MOVIE / TELEVISION,Monthly - 12 Issues
656145,33958,Title SIP,SIP,2023-07-03,2023-10-05,11.49,HOBBY,ACTIVITY / COLORING,Quarterly - 04 Issues
647532,67302,Title SIP,SIP,2023-07-10,2023-10-12,15.49,HUMAN CULTURE,TRAVEL,Semi-Annual - 02 Issue
582056,57601,Spotlight Lives,Weeklies,2023-05-22,2023-06-05,8.49,ENTERTAINMENT,CELEBRITY PROFILE,Bi-Weekly - 26 Issues
575189,57607,Starline Stories,Weeklies,2023-03-13,2023-03-27,8.49,ENTERTAINMENT,CELEBRITY PROFILE,Bi-Weekly - 26 Issues
656321,33607,Starline Stories,Weeklies,2023-08-07,2023-08-21,8.49,ENTERTAINMENT,CELEBRITY PROFILE,Bi-Weekly - 26 Issues
643105,33976,Title SIP,SIP,2023-06-26,2023-09-28,15.49,HUMAN CULTURE,TRAVEL,Quarterly - 04 Issues
560937,33549,Echo of Fame,Weeklies,2023-01-09,2023-01-23,8.49,ENTERTAINMENT,CELEBRITY PROFILE,Weekly - 52 Issues
562449,57549,Echo of Fame,Weeklies,2023-01-16,2023-01-30,8.49,ENTERTAINMENT,TRIBUTE,Bi-Weekly - 26 Issues
707443,57549,Echo of Fame,Weeklies,2024-02-26,2024-03-11,8.49,ENTERTAINMENT,TRIBUTE,Bi-Weekly - 26 Issues
575117,67392,Everyday Bloom,Weeklies,2023-04-24,2023-05-18,6.99,WOMENS,EVERYDAY LIVING,Monthly - 12 Issues
642097,57601,Spotlight Lives,Weeklies,2023-06-05,2023-06-19,8.49,ENTERTAINMENT,CELEBRITY PROFILE,Bi-Weekly - 26 Issues
648380,33969,Title SIP,SIP,2023-09-25,2023-12-28,15.49,ENTERTAINMENT,TRIBUTE,Quarterly - 04 Issues
666769,64460,Title SIP,SIP,2023-08-07,2023-11-09,9.49,PUZZLES,VARIETY,Quarterly - 04 Issues
718848,33583,Fame & Faces,Weeklies,2024-04-01,2024-04-15,8.49,ENTERTAINMENT,CELEBRITY PROFILE,Bi-Weekly - 26 Issues
697741,67320,Title SIP,SIP,2024-03-25,2024-06-27,15.49,ENTERTAINMENT,CELEBRITY PROFILE,Semi-Annual - 02 Issue
702527,64799,Title SIP,SIP,2024-02-19,2024-05-23,15.49,ENTERTAINMENT,MOVIE / TELEVISION,Quarterly - 04 Issues
688744,57983,Fame & Faces,Weeklies,2024-04-22,2024-05-06,8.49,ENTERTAINMENT,CELEBRITY PROFILE,Bi-Weekly - 26 Issues
717464,41250,Title SIP,SIP,2024-05-20,2024-08-22,14.49,OUTDOORS,SURVIVAL,Quarterly - 04 Issues
706126,9307,Title SIP,SIP,2024-03-04,2024-06-06,15.49,ENTERTAINMENT,MUSIC,Quarterly - 04 Issues
689463,34021,Title SIP,SIP,2024-04-15,2024-07-18,15.49,FOOD,EVERYDAY EATING,Quarterly - 04 Issues
700618,64453,Everyday Bloom,Weeklies,2024-04-15,2024-05-02,6.99,WOMENS,EVERYDAY LIVING,Bi-Weekly - 26 Issues
722454,58006,Starline Stories,Weeklies,2024-06-24,2024-07-08,9.49,ENTERTAINMENT,CELEBRITY PROFILE,Weekly - 52 Issues
571668,33583,Fame & Faces,Weeklies,2023-03-20,2023-04-03,8.49,ENTERTAINMENT,CELEBRITY PROFILE,Bi-Weekly - 26 Issues
720927,64803,Simply Woman,Weeklies,2024-06-17,2024-07-04,4.99,WOMENS,EVERYDAY LIVING,Weekly - 52 Issues
573533,64470,Title SIP,SIP,2023-04-24,2023-07-27,15.49,ENTERTAINMENT,MUSIC,Semi-Annual - 02 Issue
669568,9306,Title SIP,SIP,2023-09-25,2023-12-28,15.49,ENTERTAINMENT,MOVIE / TELEVISION,Quarterly - 04 Issues
579910,64803,Simply Woman,Weeklies,2023-05-08,2023-05-25,4.99,WOMENS,EVERYDAY LIVING,Weekly - 52 Issues
578275,64803,Simply Woman,Weeklies,2023-05-08,2023-05-25,4.99,WOMENS,EVERYDAY LIVING,Weekly - 52 Issues
560434,64462,Title SIP,SIP,2023-02-13,2023-05-18,16.490000000000002,HUMAN CULTURE,RELIGION,Semi-Annual - 02 Issue
574738,67308,Title SIP,SIP,2023-05-01,2023-08-03,15.49,FOOD,EVERYDAY EATING,Quarterly - 04 Issues
631447,67301,Title SIP,SIP,2023-07-03,2023-10-05,15.49,WOMENS,EVERYDAY LIVING,Quarterly - 04 Issues
581598,33549,Echo of Fame,Weeklies,2023-05-15,2023-05-29,8.49,ENTERTAINMENT,CELEBRITY PROFILE,Weekly - 52 Issues
665090,64451,Everyday Bloom,Weeklies,2023-09-18,2023-10-12,5.99,WOMENS,EVERYDAY LIVING,Monthly - 12 Issues
644954,67303,Title SIP,SIP,2023-05-29,2023-08-31,15.49,ENTERTAINMENT,CELEBRITY PROFILE,Quarterly - 04 Issues
648665,67304,Title SIP,SIP,2023-08-21,2023-11-23,15.49,ENTERTAINMENT,CELEBRITY PROFILE,Quarterly - 04 Issues
667526,9390,Title SIP,SIP,2023-11-06,2024-02-08,15.49,HOME,DECORATING,Quarterly - 04 Issues
665259,33549,Echo of Fame,Weeklies,2023-10-16,2023-10-30,8.49,ENTERTAINMENT,CELEBRITY PROFILE,Weekly - 52 Issues
555190,64439,Title SIP,SIP,2023-01-02,2023-04-06,15.49,FOOD,EVERYDAY EATING,Quarterly - 04 Issues
570026,9296,Title SIP,SIP,2023-02-27,2023-06-01,15.49,HOME,DECORATING,Quarterly - 04 Issues
576641,67342,Title SIP,SIP,2023-05-08,2023-08-10,8.49,PUZZLES,WORD SEEK,Quarterly - 04 Issues
679789,67313,Title SIP,SIP,2023-10-30,2024-02-01,9.49,PUZZLES,SUDOKU,Semi-Annual - 02 Issue
680711,33607,Starline Stories,Weeklies,2023-12-25,2024-01-08,8.49,ENTERTAINMENT,CELEBRITY PROFILE,Bi-Weekly - 26 Issues
679477,41099,Title SIP,SIP,2023-12-25,2024-03-28,15.49,HUMAN CULTURE,HISTORY,Quarterly - 04 Issues
691899,41299,Title SIP,SIP,2024-02-26,2024-05-30,14.49,HOBBY,VIDEO GAMES,Quarterly - 04 Issues
731686,33607,Starline Stories,Weeklies,2024-06-24,2024-07-08,8.49,ENTERTAINMENT,CELEBRITY PROFILE,Bi-Weekly - 26 Issues
703291,33583,Fame & Faces,Weeklies,2024-04-01,2024-04-15,8.49,ENTERTAINMENT,CELEBRITY PROFILE,Bi-Weekly - 26 Issues
698278,57607,Starline Stories,Weeklies,2024-03-25,2024-04-08,8.49,ENTERTAINMENT,CELEBRITY PROFILE,Bi-Weekly - 26 Issues
581761,33954,Title SIP,SIP,2023-05-22,2023-08-24,11.49,HOBBY,ACTIVITY / COLORING,Quarterly - 04 Issues
674845,33983,Title SIP,SIP,2023-10-16,2024-01-18,15.49,ENTERTAINMENT,CELEBRITY PROFILE,Quarterly - 04 Issues
668207,33549,Echo of Fame,Weeklies,2023-08-21,2023-09-04,8.49,ENTERTAINMENT,CELEBRITY PROFILE,Weekly - 52 Issues
577080,34011,Title SIP,SIP,2023-05-01,2023-08-03,15.49,FOOD,HEALTHY EATING,Quarterly - 04 Issues
563399,33984,Title SIP,SIP,2023-02-20,2023-05-25,15.49,FOOD,HEALTHY EATING,Quarterly - 04 Issues
561183,67311,Title SIP,SIP,2023-02-27,2023-06-01,8.49,PUZZLES,XWORD,Semi-Annual - 02 Issue
689802,57601,Spotlight Lives,Weeklies,2023-11-20,2023-12-04,8.49,ENTERTAINMENT,CELEBRITY PROFILE,Bi-Weekly - 26 Issues
678659,33607,Starline Stories,Weeklies,2023-10-02,2023-10-16,8.49,ENTERTAINMENT,CELEBRITY PROFILE,Bi-Weekly - 26 Issues
554577,67343,Title SIP,SIP,2023-01-23,2023-04-27,8.49,PUZZLES,WORD SEEK,Quarterly - 04 Issues
648995,9297,Title SIP,SIP,2023-08-28,2023-11-30,15.49,ENTERTAINMENT,TRIBUTE,Quarterly - 04 Issues
686017,64803,Simply Woman,Weeklies,2024-01-29,2024-02-15,4.99,WOMENS,EVERYDAY LIVING,Weekly - 52 Issues
702599,41092,Title SIP,SIP,2024-03-04,2024-06-06,15.49,ENTERTAINMENT,CELEBRITY PROFILE,Quarterly - 04 Issues
681902,33601,Spotlight Lives,Weeklies,2024-01-22,2024-02-05,8.49,ENTERTAINMENT,CELEBRITY PROFILE,Bi-Weekly - 26 Issues
726830,64451,Everyday Bloom,Weeklies,2024-06-24,2024-07-11,5.99,WOMENS,EVERYDAY LIVING,Monthly - 12 Issues
698182,57601,Spotlight Lives,Weeklies,2024-02-26,2024-03-11,8.49,ENTERTAINMENT,CELEBRITY PROFILE,Bi-Weekly - 26 Issues
665734,33583,Fame & Faces,Weeklies,2023-09-18,2023-10-02,8.49,ENTERTAINMENT,CELEBRITY PROFILE,Bi-Weekly - 26 Issues
698514,64449,Simply Woman,Weeklies,2024-01-08,2024-01-25,4.99,WOMENS,EVERYDAY LIVING,Weekly - 52 Issues
711809,33969,Title SIP,SIP,2024-05-27,2024-08-29,15.49,FOOD,HEALTHY EATING,Quarterly - 04 Issues
700876,64453,Everyday Bloom,Weeklies,2024-03-25,2024-04-11,6.99,WOMENS,EVERYDAY LIVING,Bi-Weekly - 26 Issues
652772,34024,Title SIP,SIP,2023-08-28,2023-11-30,15.49,ENTERTAINMENT,MOVIE / TELEVISION,Quarterly - 04 Issues
562390,33601,Spotlight Lives,Weeklies,2023-02-06,2023-02-20,8.49,ENTERTAINMENT,CELEBRITY PROFILE,Bi-Weekly - 26 Issues
646160,64803,Simply Woman,Weeklies,2023-08-28,2023-09-14,4.99,WOMENS,EVERYDAY LIVING,Weekly - 52 Issues
558380,67392,Everyday Bloom,Weeklies,2023-01-30,2023-02-23,5.99,WOMENS,EVERYDAY LIVING,Monthly - 12 Issues
666846,67374,Title SIP,SIP,2023-10-09,2024-01-11,15.49,PUZZLES,FILL-IN,Quarterly - 04 Issues
577564,41151,Title SIP,SIP,2023-05-15,2023-08-17,15.49,FOOD,HEALTHY EATING,Quarterly - 04 Issues
649116,64470,Title SIP,SIP,2023-10-02,2024-01-04,15.49,ENTERTAINMENT,MOVIE / TELEVISION,Semi-Annual - 02 Issue
679486,64832,Title SIP,SIP,2023-11-06,2024-02-08,11.49,ENTERTAINMENT,TRIBUTE,Quarterly - 04 Issues
665841,9419,Title SIP,SIP,2023-10-30,2024-02-01,15.49,LIFESTYLE,SOCIAL,Quarterly - 04 Issues
673065,33607,Starline Stories,Weeklies,2023-10-02,2023-10-16,8.49,ENTERTAINMENT,CELEBRITY PROFILE,Bi-Weekly - 26 Issues
579350,33601,Spotlight Lives,Weeklies,2023-04-17,2023-05-01,8.49,ENTERTAINMENT,CELEBRITY PROFILE,Bi-Weekly - 26 Issues
633023,41299,Title SIP,SIP,2023-06-26,2023-09-28,14.49,OUTDOORS,SURVIVAL,Quarterly - 04 Issues
683326,64449,Simply Woman,Weeklies,2023-11-13,2023-11-30,4.99,WOMENS,EVERYDAY LIVING,Weekly - 52 Issues
668744,9426,Title SIP,SIP,2023-10-02,2024-01-04,15.49,LIFESTYLE,SOCIAL,Quarterly - 04 Issues
555681,64424,Title SIP,SIP,2023-01-02,2023-04-06,14.49,NEWS & FINANCE,FINANCE,Quarterly - 04 Issues
705388,9293,Title SIP,SIP,2024-06-03,2024-09-05,16.490000000000002,ENTERTAINMENT,CELEBRITY PROFILE,Quarterly - 04 Issues
722626,33991,Title SIP,SIP,2024-05-13,2024-08-15,15.49,HOME,DECORATING,Quarterly - 04 Issues
669990,34015,Title SIP,SIP,2023-11-20,2024-02-22,15.49,ENTERTAINMENT,CELEBRITY PROFILE,Quarterly - 04 Issues
581829,33971,Title SIP,SIP,2023-06-05,2023-09-07,15.49,HUMAN CULTURE,TRAVEL,Quarterly - 04 Issues
568611,57549,Echo of Fame,Weeklies,2023-03-13,2023-03-27,8.49,ENTERTAINMENT,TRIBUTE,Bi-Weekly - 26 Issues
575583,64449,Simply Woman,Weeklies,2023-05-01,2023-05-18,4.99,WOMENS,EVERYDAY LIVING,Weekly - 52 Issues
674263,64449,Simply Woman,Weeklies,2023-10-30,2023-11-16,5.99,WOMENS,EVERYDAY LIVING,Weekly - 52 Issues
717214,34016,Title SIP,SIP,2024-06-03,2024-09-05,15.49,SPORT,OTHER SPORTS,Quarterly - 04 Issues
696247,9388,Title SIP,SIP,2024-04-08,2024-07-11,15.49,HOME,BUILDING,Quarterly - 04 Issues
727731,33607,Starline Stories,Weeklies,2024-05-27,2024-06-10,8.49,ENTERTAINMENT,CELEBRITY PROFILE,Bi-Weekly - 26 Issues
707204,41309,Title SIP,SIP,2024-02-12,2024-05-16,16.490000000000002,ENTERTAINMENT,CELEBRITY PROFILE,Quarterly - 04 Issues
701232,57607,Starline Stories,Weeklies,2024-03-11,2024-03-25,8.49,ENTERTAINMENT,CELEBRITY PROFILE,Bi-Weekly - 26 Issues
715659,9289,Title SIP,SIP,2024-04-22,2024-07-25,16.490000000000002,ENTERTAINMENT,MUSIC,Quarterly - 04 Issues
684656,41244,Title SIP,SIP,2024-02-05,2024-05-09,15.49,HEALTH & FITNESS,MINDFULNESS,Quarterly - 04 Issues
674723,9301,Title SIP,SIP,2024-01-15,2024-04-18,15.49,ENTERTAINMENT,MUSIC,Quarterly - 04 Issues
708368,58006,Starline Stories,Weeklies,2024-05-27,2024-06-10,9.49,ENTERTAINMENT,CELEBRITY PROFILE,Weekly - 52 Issues
714792,57984,Fame & Faces,Weeklies,2024-06-03,2024-06-17,8.49,ENTERTAINMENT,CELEBRITY PROFILE,Weekly - 52 Issues
696588,58006,Starline Stories,Weeklies,2024-01-08,2024-01-22,9.49,ENTERTAINMENT,CELEBRITY PROFILE,Weekly - 52 Issues
668967,64803,Simply Woman,Weeklies,2023-10-09,2023-10-26,4.99,WOMENS,EVERYDAY LIVING,Weekly - 52 Issues
561056,33583,Fame & Faces,Weeklies,2023-01-09,2023-01-23,8.49,ENTERTAINMENT,CELEBRITY PROFILE,Bi-Weekly - 26 Issues
664979,64467,Title SIP,SIP,2023-08-21,2023-11-23,16.490000000000002,HUMAN CULTURE,RELIGION,Semi-Annual - 02 Issue
580697,9382,Title SIP,SIP,2023-05-22,2023-08-24,15.49,ENTERTAINMENT,MOVIE / TELEVISION,Quarterly - 04 Issues
651538,67369,Title SIP,SIP,2023-07-31,2023-11-02,15.49,HOME,GARDEN,Quarterly - 04 Issues
661634,33995,Title SIP,SIP,2023-10-30,2024-02-01,15.49,FOOD,EVERYDAY EATING,Semi-Annual - 02 Issue
649537,34018,Title SIP,SIP,2023-08-14,2023-11-16,15.49,ENTERTAINMENT,CELEBRITY PROFILE,Quarterly - 04 Issues
578731,9415,Title SIP,SIP,2023-05-01,2023-08-03,15.49,ENTERTAINMENT,CELEBRITY PROFILE,Quarterly - 04 Issues
658023,33971,Title SIP,SIP,2023-10-02,2024-01-04,15.49,HOBBY,VIDEO GAMES,Quarterly - 04 Issues
650848,41300,Title SIP,SIP,2023-07-03,2023-10-05,16.490000000000002,FAMILY,CHILDREN,Quarterly - 04 Issues
561406,64832,Title SIP,SIP,2023-02-20,2023-05-25,8.49,ENTERTAINMENT,TRIBUTE,Quarterly - 04 Issues
684834,64477,Title SIP,SIP,2023-11-27,2024-02-29,15.49,ENTERTAINMENT,CELEBRITY PROFILE,Quarterly - 04 Issues
672687,67316,Title SIP,SIP,2023-10-30,2024-02-01,15.49,HUMAN CULTURE,HISTORY,Semi-Annual - 02 Issue
647171,33601,Spotlight Lives,Weeklies,2023-06-12,2023-06-26,8.49,ENTERTAINMENT,CELEBRITY PROFILE,Bi-Weekly - 26 Issues
570651,33549,Echo of Fame,Weeklies,2023-03-20,2023-04-03,8.49,ENTERTAINMENT,CELEBRITY PROFILE,Weekly - 52 Issues
568125,33583,Fame & Faces,Weeklies,2023-02-20,2023-03-06,8.49,ENTERTAINMENT,CELEBRITY PROFILE,Bi-Weekly - 26 Issues
564261,57601,Spotlight Lives,Weeklies,2023-01-16,2023-01-30,8.49,ENTERTAINMENT,CELEBRITY PROFILE,Bi-Weekly - 26 Issues
569320,9308,Title SIP,SIP,2023-04-10,2023-07-13,15.49,HOBBY,WOOD CRAFT,Quarterly - 04 Issues
568677,64455,Title SIP,SIP,2023-04-10,2023-07-13,8.49,PUZZLES,WORD SEEK,Quarterly - 04 Issues
657767,67312,Title SIP,SIP,2023-07-03,2023-10-05,8.49,PUZZLES,WORD SEEK,Semi-Annual - 02 Issue
640573,9390,Title SIP,SIP,2023-06-26,2023-09-28,15.49,HOME,BUILDING,Quarterly - 04 Issues
695962,41248,Title SIP,SIP,2024-03-04,2024-06-06,14.49,HOBBY,VIDEO GAMES,Quarterly - 04 Issues
716938,57549,Echo of Fame,Weeklies,2024-06-17,2024-07-01,8.49,ENTERTAINMENT,TRIBUTE,Bi-Weekly - 26 Issues
672254,58005,Spotlight Lives,Weeklies,2023-12-18,2024-01-01,8.49,ENTERTAINMENT,CELEBRITY PROFILE,Weekly - 52 Issues
559061,33951,Title SIP,SIP,2023-01-23,2023-04-27,11.49,PUZZLES,LOGIC,Quarterly - 04 Issues
555138,67343,Title SIP,SIP,2023-01-23,2023-04-27,8.49,PUZZLES,WORD SEEK,Quarterly - 04 Issues
668283,33607,Starline Stories,Weeklies,2023-11-27,2023-12-11,8.49,ENTERTAINMENT,CELEBRITY PROFILE,Bi-Weekly - 26 Issues
584849,67345,Title SIP,SIP,2023-06-05,2023-09-07,8.49,PUZZLES,WORD SEEK,Quarterly - 04 Issues
561051,64801,Title SIP,SIP,2023-02-13,2023-05-18,16.490000000000002,SPORT,BASKETBALL,Quarterly - 04 Issues
683008,64454,Title SIP,SIP,2024-02-19,2024-05-23,9.49,PUZZLES,SUDOKU,Quarterly - 04 Issues
713149,57601,Spotlight Lives,Weeklies,2024-02-12,2024-02-26,8.49,ENTERTAINMENT,CELEBRITY PROFILE,Bi-Weekly - 26 Issues
682744,33601,Spotlight Lives,Weeklies,2024-03-04,2024-03-18,8.49,ENTERTAINMENT,CELEBRITY PROFILE,Bi-Weekly - 26 Issues
707233,41249,Title SIP,SIP,2024-05-27,2024-08-29,14.49,HOBBY,VIDEO GAMES,Quarterly - 04 Issues
717403,57983,Fame & Faces,Weeklies,2024-04-08,2024-04-22,8.49,ENTERTAINMENT,CELEBRITY PROFILE,Bi-Weekly - 26 Issues
682681,57549,Echo of Fame,Weeklies,2024-01-15,2024-01-29,8.49,ENTERTAINMENT,TRIBUTE,Bi-Weekly - 26 Issues
718370,41315,Title SIP,SIP,2024-05-06,2024-08-08,15.49,OUTDOORS,SURVIVAL,Quarterly - 04 Issues
720223,57984,Fame & Faces,Weeklies,2024-04-22,2024-05-06,8.49,ENTERTAINMENT,CELEBRITY PROFILE,Weekly - 52 Issues
580933,41245,Title SIP,SIP,2023-06-12,2023-09-14,14.49,HOBBY,VIDEO GAMES,Quarterly - 04 Issues
658498,58006,Starline Stories,Weeklies,2023-09-04,2023-09-18,9.49,ENTERTAINMENT,CELEBRITY PROFILE,Weekly - 52 Issues
556480,64453,Everyday Bloom,Weeklies,2023-01-30,2023-02-23,6.99,WOMENS,EVERYDAY LIVING,Bi-Weekly - 26 Issues
699832,64453,Everyday Bloom,Weeklies,2024-03-18,2024-04-04,6.99,WOMENS,EVERYDAY LIVING,Bi-Weekly - 26 Issues
678956,57601,Spotlight Lives,Weeklies,2023-12-04,2023-12-18,8.49,ENTERTAINMENT,CELEBRITY PROFILE,Bi-Weekly - 26 Issues
710650,33583,Fame & Faces,Weeklies,2024-05-13,2024-05-27,8.49,ENTERTAINMENT,CELEBRITY PROFILE,Bi-Weekly - 26 Issues
700809,9295,Title SIP,SIP,2024-05-27,2024-08-29,15.49,ENTERTAINMENT,MUSIC,Quarterly - 04 Issues
699537,9426,Title SIP,SIP,2024-04-01,2024-07-04,15.49,HOBBY,ANIMAL,Quarterly - 04 Issues
702794,57984,Fame & Faces,Weeklies,2024-04-29,2024-05-13,8.49,ENTERTAINMENT,CELEBRITY PROFILE,Weekly - 52 Issues
734265,58005,Spotlight Lives,Weeklies,2024-06-10,2024-06-24,8.49,ENTERTAINMENT,CELEBRITY PROFILE,Weekly - 52 Issues
667509,57983,Fame & Faces,Weeklies,2023-12-18,2024-01-01,8.49,ENTERTAINMENT,CELEBRITY PROFILE,Bi-Weekly - 26 Issues
678960,64470,Title SIP,SIP,2024-02-12,2024-05-16,15.49,ENTERTAINMENT,TRIBUTE,Semi-Annual - 02 Issue
678179,67308,Title SIP,SIP,2023-10-16,2024-01-18,15.49,ENTERTAINMENT,CELEBRITY PROFILE,Quarterly - 04 Issues
563202,33607,Starline Stories,Weeklies,2023-02-06,2023-02-20,8.49,ENTERTAINMENT,CELEBRITY PROFILE,Bi-Weekly - 26 Issues
574444,67315,Title SIP,SIP,2023-05-08,2023-08-10,15.49,ENTERTAINMENT,MOVIE / TELEVISION,Semi-Annual - 02 Issue
644432,67314,Title SIP,SIP,2023-07-17,2023-10-19,15.49,FAMILY,PETS,Semi-Annual - 02 Issue
660412,9412,Title SIP,SIP,2023-08-07,2023-11-09,15.49,ENTERTAINMENT,MOVIE / TELEVISION,Quarterly - 04 Issues
669165,41250,Title SIP,SIP,2023-09-25,2023-12-28,14.49,OUTDOORS,SURVIVAL,Quarterly - 04 Issues
567036,9303,Title SIP,SIP,2023-03-27,2023-06-29,15.49,FAMILY,CHILDREN,Quarterly - 04 Issues
585161,57983,Fame & Faces,Weeklies,2023-05-22,2023-06-05,8.49,ENTERTAINMENT,CELEBRITY PROFILE,Bi-Weekly - 26 Issues
557499,64458,Title SIP,SIP,2023-01-30,2023-05-04,15.49,FOOD,EVERYDAY EATING,Quarterly - 04 Issues
577551,41241,Title SIP,SIP,2023-05-01,2023-08-03,14.49,ENTERTAINMENT,CELEBRITY PROFILE,Quarterly - 04 Issues
675989,33968,Title SIP,SIP,2023-12-11,2024-03-14,15.49,ENTERTAINMENT,MUSIC,Quarterly - 04 Issues
659660,34013,Title SIP,SIP,2023-11-20,2024-02-22,15.49,HEALTH & FITNESS,WELLNESS/EMOTIONAL HEALTH,Quarterly - 04 Issues
556152,33967,Title SIP,SIP,2023-01-23,2023-04-27,15.49,HEALTH & FITNESS,WELLNESS/EMOTIONAL HEALTH,Quarterly - 04 Issues
563895,57983,Fame & Faces,Weeklies,2023-01-16,2023-01-30,8.49,ENTERTAINMENT,CELEBRITY PROFILE,Bi-Weekly - 26 Issues
578682,34011,Title SIP,SIP,2023-05-01,2023-08-03,15.49,FOOD,HEALTHY EATING,Quarterly - 04 Issues
649499,64451,Everyday Bloom,Weeklies,2023-06-26,2023-07-20,5.99,WOMENS,EVERYDAY LIVING,Monthly - 12 Issues
579858,67344,Title SIP,SIP,2023-05-29,2023-08-31,8.49,PUZZLES,SUDOKU,Quarterly - 04 Issues
662034,9389,Title SIP,SIP,2023-08-14,2023-10-12,15.49,SPORT,FOOTBALL,Quarterly - 04 Issues
673709,64453,Everyday Bloom,Weeklies,2023-12-11,2024-01-04,6.99,WOMENS,EVERYDAY LIVING,Bi-Weekly - 26 Issues
716561,33959,Title SIP,SIP,2024-06-03,2024-09-05,11.49,HOBBY,ACTIVITY / COLORING,Quarterly - 04 Issues
688409,67317,Title SIP,SIP,2024-02-26,2024-05-30,15.49,ENTERTAINMENT,MOVIE / TELEVISION,Semi-Annual - 02 Issue
714430,33986,Title SIP,SIP,2024-05-27,2024-08-29,16.490000000000002,SPORT,FOOTBALL,Semi-Annual - 02 Issue
676518,57601,Spotlight Lives,Weeklies,2024-02-26,2024-03-11,8.49,ENTERTAINMENT,CELEBRITY PROFILE,Bi-Weekly - 26 Issues
577065,41242,Title SIP,SIP,2023-05-08,2023-08-10,14.49,HOME,DECORATING,Quarterly - 04 Issues
564247,41316,Title SIP,SIP,2023-03-13,2023-06-15,14.49,HOME,GARDEN,Quarterly - 04 Issues
654980,64461,Title SIP,SIP,2023-11-13,2024-02-15,8.49,PUZZLES,SUDOKU,Quarterly - 04 Issues
560840,67345,Title SIP,SIP,2023-02-13,2023-05-18,8.49,PUZZLES,WORD SEEK,Quarterly - 04 Issues
697975,67311,Title SIP,SIP,2024-04-22,2024-07-25,9.49,PUZZLES,WORD SEEK,Semi-Annual - 02 Issue
717299,9292,Title SIP,SIP,2024-05-13,2024-08-15,16.490000000000002,ENTERTAINMENT,MUSIC,Quarterly - 04 Issues
691854,9294,Title SIP,SIP,2023-12-25,2024-03-28,15.49,HEALTH & FITNESS,WELLNESS/EMOTIONAL HEALTH,Quarterly - 04 Issues
707130,33995,Title SIP,SIP,2024-05-27,2024-08-29,16.490000000000002,SPORT,FOOTBALL,Semi-Annual - 02 Issue
732102,9410,Title SIP,SIP,2024-04-15,2024-07-18,15.49,HUMAN CULTURE,TRAVEL,Quarterly - 04 Issues
740502,41250,Title SIP,SIP,2024-05-20,2024-08-22,14.49,OUTDOORS,SURVIVAL,Quarterly - 04 Issues
679712,64803,Simply Woman,Weeklies,2024-02-12,2024-02-29,4.99,WOMENS,EVERYDAY LIVING,Weekly - 52 Issues
702181,58005,Spotlight Lives,Weeklies,2024-04-08,2024-04-22,8.49,ENTERTAINMENT,CELEBRITY PROFILE,Weekly - 52 Issues
670362,58006,Starline Stories,Weeklies,2023-08-14,2023-08-28,9.49,ENTERTAINMENT,CELEBRITY PROFILE,Weekly - 52 Issues
663010,57984,Fame & Faces,Weeklies,2023-09-04,2023-09-18,8.49,ENTERTAINMENT,CELEBRITY PROFILE,Weekly - 52 Issues
568744,34010,Title SIP,SIP,2023-04-03,2023-07-06,15.49,HOME,GARDEN,Quarterly - 04 Issues
677655,64803,Simply Woman,Weeklies,2023-12-18,2024-01-04,4.99,WOMENS,EVERYDAY LIVING,Weekly - 52 Issues
712829,57984,Fame & Faces,Weeklies,2024-05-13,2024-05-27,8.49,ENTERTAINMENT,CELEBRITY PROFILE,Weekly - 52 Issues
578957,64453,Everyday Bloom,Weeklies,2023-05-15,2023-06-08,6.99,WOMENS,EVERYDAY LIVING,Bi-Weekly - 26 Issues
632168,33996,Title SIP,SIP,2023-07-10,2023-10-12,15.49,LIFESTYLE,SOCIAL,Quarterly - 04 Issues
555693,67328,Title SIP,SIP,2023-01-09,2023-04-13,15.49,ENTERTAINMENT,MUSIC,Semi-Annual - 02 Issue
641938,9388,Title SIP,SIP,2023-06-19,2023-09-21,15.49,FAMILY,CHILDREN,Quarterly - 04 Issues
660751,67325,Title SIP,SIP,2023-08-28,2023-11-30,15.49,FOOD,EVERYDAY EATING,Semi-Annual - 02 Issue
657475,41240,Title SIP,SIP,2023-08-14,2023-11-16,14.49,FOOD,HEALTHY EATING,Quarterly - 04 Issues
564978,33954,Title SIP,SIP,2023-02-20,2023-05-25,11.49,HOBBY,ACTIVITY / COLORING,Quarterly - 04 Issues
309479,67371,Title SIP,SIP,2023-01-02,2023-04-06,15.49,HOBBY,VIDEO GAMES,Quarterly - 04 Issues
650452,9422,Title SIP,SIP,2023-06-19,2023-09-21,15.49,FOOD,HEALTHY EATING,Quarterly - 04 Issues
569169,33549,Echo of Fame,Weeklies,2023-03-06,2023-03-20,8.49,ENTERTAINMENT,CELEBRITY PROFILE,Weekly - 52 Issues
571579,64455,Title SIP,SIP,2023-04-10,2023-07-13,8.49,PUZZLES,WORD SEEK,Quarterly - 04 Issues
556049,64439,Title SIP,SIP,2023-01-02,2023-04-06,15.49,FOOD,EVERYDAY EATING,Quarterly - 04 Issues
640162,64471,Title SIP,SIP,2023-06-26,2023-09-28,15.49,ENTERTAINMENT,MOVIE / TELEVISION,Semi-Annual - 02 Issue
672895,33959,Title SIP,SIP,2023-11-13,2024-02-15,11.49,HOBBY,ACTIVITY / COLORING,Quarterly - 04 Issues
651199,33601,Spotlight Lives,Weeklies,2023-09-04,2023-09-18,8.49,ENTERTAINMENT,CELEBRITY PROFILE,Bi-Weekly - 26 Issues
578574,33952,Title SIP,SIP,2023-05-15,2023-08-17,11.49,HOBBY,ACTIVITY / COLORING,Quarterly - 04 Issues
693365,33970,Title SIP,SIP,2024-03-11,2024-06-13,15.49,HEALTH & FITNESS,WELLNESS/EMOTIONAL HEALTH,Quarterly - 04 Issues
698505,9379,Title SIP,SIP,2024-02-26,2024-05-30,15.49,ENTERTAINMENT,MUSIC,Quarterly - 04 Issues
690396,33583,Fame & Faces,Weeklies,2024-05-13,2024-05-27,8.49,ENTERTAINMENT,CELEBRITY PROFILE,Bi-Weekly - 26 Issues
717834,57601,Spotlight Lives,Weeklies,2024-05-06,2024-05-20,8.49,ENTERTAINMENT,CELEBRITY PROFILE,Bi-Weekly - 26 Issues
654047,67371,Title SIP,SIP,2023-06-19,2023-09-21,14.49,SPORT,FOOTBALL,Quarterly - 04 Issues
554267,67302,Title SIP,SIP,2023-01-16,2023-04-20,15.49,SPORT,COMMEMORATIVE,Semi-Annual - 02 Issue
644556,41090,Title SIP,SIP,2023-08-21,2023-11-23,15.49,FOOD,EVERYDAY EATING,Quarterly - 04 Issues
677131,57984,Fame & Faces,Weeklies,2023-11-20,2023-12-04,8.49,ENTERTAINMENT,CELEBRITY PROFILE,Weekly - 52 Issues
572603,67341,Title SIP,SIP,2023-05-01,2023-08-03,8.49,PUZZLES,SUDOKU,Quarterly - 04 Issues
658019,9292,Title SIP,SIP,2023-07-31,2023-11-02,15.49,FOOD,EVERYDAY EATING,Quarterly - 04 Issues
677274,9417,Title SIP,SIP,2023-10-16,2024-01-18,15.49,HOBBY,ANIMAL,Quarterly - 04 Issues
678654,64462,Title SIP,SIP,2023-10-23,2024-01-25,16.490000000000002,HUMAN CULTURE,RELIGION,Semi-Annual - 02 Issue
565346,57607,Starline Stories,Weeklies,2023-01-16,2023-01-30,8.49,ENTERTAINMENT,CELEBRITY PROFILE,Bi-Weekly - 26 Issues
645497,57607,Starline Stories,Weeklies,2023-08-14,2023-08-28,8.49,ENTERTAINMENT,CELEBRITY PROFILE,Bi-Weekly - 26 Issues
636968,33607,Starline Stories,Weeklies,2023-07-24,2023-08-07,8.49,ENTERTAINMENT,CELEBRITY PROFILE,Bi-Weekly - 26 Issues
700860,9428,Title SIP,SIP,2024-05-06,2024-08-08,15.49,HOBBY,COMPUTER & MUSIC TECH,Quarterly - 04 Issues
675189,9306,Title SIP,SIP,2024-02-26,2024-05-30,15.49,ENTERTAINMENT,MUSIC,Quarterly - 04 Issues
707677,64451,Everyday Bloom,Weeklies,2024-05-27,2024-06-13,5.99,WOMENS,EVERYDAY LIVING,Monthly - 12 Issues
679315,41315,Title SIP,SIP,2024-01-22,2024-04-25,15.49,OUTDOORS,SURVIVAL,Quarterly - 04 Issues
690770,33583,Fame & Faces,Weeklies,2024-01-22,2024-02-05,8.49,ENTERTAINMENT,CELEBRITY PROFILE,Bi-Weekly - 26 Issues
708651,57983,Fame & Faces,Weeklies,2024-02-12,2024-02-26,8.49,ENTERTAINMENT,CELEBRITY PROFILE,Bi-Weekly - 26 Issues
706017,67326,Title SIP,SIP,2024-05-13,2024-08-15,17.490000000000002,SPORT,OTHER SPORTS,Semi-Annual - 02 Issue
658458,41095,Title SIP,SIP,2023-12-18,2024-03-21,15.49,HUMAN CULTURE,HISTORY,Quarterly - 04 Issues
669909,9418,Title SIP,SIP,2024-01-22,2024-04-25,15.49,WOMENS,EVERYDAY LIVING,Quarterly - 04 Issues
707007,67370,Title SIP,SIP,2024-03-25,2024-06-27,15.49,ENTERTAINMENT,TRIBUTE,Quarterly - 04 Issues
688151,67315,Title SIP,SIP,2024-02-19,2024-05-23,15.49,PUZZLES,FILL-IN,Semi-Annual - 02 Issue
699107,64457,Title SIP,SIP,2024-01-29,2024-05-02,8.49,PUZZLES,WORD SEEK,Bi-Monthly - 06 Issues
683518,67313,Title SIP,SIP,2024-02-12,2024-05-16,8.49,PUZZLES,WORD SEEK,Semi-Annual - 02 Issue
560907,33951,Title SIP,SIP,2023-01-23,2023-04-27,11.49,PUZZLES,LOGIC,Quarterly - 04 Issues
659367,64453,Everyday Bloom,Weeklies,2023-09-18,2023-10-12,6.99,WOMENS,EVERYDAY LIVING,Bi-Weekly - 26 Issues
673464,64478,Title SIP,SIP,2023-12-18,2024-03-21,15.49,FOOD,HEALTHY EATING,Quarterly - 04 Issues
718550,57601,Spotlight Lives,Weeklies,2024-04-22,2024-05-06,8.49,ENTERTAINMENT,CELEBRITY PROFILE,Bi-Weekly - 26 Issues
725445,33969,Title SIP,SIP,2024-05-27,2024-08-29,15.49,FOOD,HEALTHY EATING,Quarterly - 04 Issues
670874,9297,Title SIP,SIP,2024-01-01,2024-04-04,15.49,ENTERTAINMENT,MUSIC,Quarterly - 04 Issues
564939,41316,Title SIP,SIP,2023-03-13,2023-06-15,14.49,HOME,GARDEN,Quarterly - 04 Issues
700226,57607,Starline Stories,Weeklies,2024-03-25,2024-04-08,8.49,ENTERTAINMENT,CELEBRITY PROFILE,Bi-Weekly - 26 Issues
700152,41093,Title SIP,SIP,2024-04-22,2024-07-25,16.490000000000002,ENTERTAINMENT,TRIBUTE,Quarterly - 04 Issues
683130,64453,Everyday Bloom,Weeklies,2024-01-01,2024-01-22,6.99,WOMENS,EVERYDAY LIVING,Bi-Weekly - 26 Issues
644296,64453,Everyday Bloom,Weeklies,2023-08-07,2023-08-31,6.99,WOMENS,EVERYDAY LIVING,Bi-Weekly - 26 Issues
670555,33958,Title SIP,SIP,2023-10-16,2024-01-18,11.49,HOBBY,ACTIVITY / COLORING,Quarterly - 04 Issues
561069,57607,Starline Stories,Weeklies,2023-01-30,2023-02-13,8.49,ENTERTAINMENT,CELEBRITY PROFILE,Bi-Weekly - 26 Issues
566358,67304,Title SIP,SIP,2023-03-06,2023-06-08,15.49,ENTERTAINMENT,CELEBRITY PROFILE,Quarterly - 04 Issues
574147,64462,Title SIP,SIP,2023-05-15,2023-08-17,16.490000000000002,HUMAN CULTURE,RELIGION,Semi-Annual - 02 Issue
650789,67322,Title SIP,SIP,2023-07-03,2023-10-05,15.49,ENTERTAINMENT,MOVIE / TELEVISION,Semi-Annual - 02 Issue
666843,9423,Title SIP,SIP,2023-11-27,2024-02-29,15.49,ENTERTAINMENT,MUSIC,Quarterly - 04 Issues
577191,41240,Title SIP,SIP,2023-05-01,2023-08-03,14.49,HOBBY,VIDEO GAMES,Quarterly - 04 Issues
585462,9384,Title SIP,SIP,2023-06-12,2023-09-14,15.49,HUMAN CULTURE,TRAVEL,Quarterly - 04 Issues
669111,33995,Title SIP,SIP,2023-10-30,2024-02-01,15.49,FOOD,EVERYDAY EATING,Semi-Annual - 02 Issue
660501,33601,Spotlight Lives,Weeklies,2023-09-18,2023-10-02,8.49,ENTERTAINMENT,CELEBRITY PROFILE,Bi-Weekly - 26 Issues
672297,64468,Title SIP,SIP,2023-11-20,2024-02-22,15.49,ENTERTAINMENT,MOVIE / TELEVISION,Quarterly - 04 Issues
652869,57601,Spotlight Lives,Weeklies,2023-08-14,2023-08-28,8.49,ENTERTAINMENT,CELEBRITY PROFILE,Bi-Weekly - 26 Issues
651092,41090,Title SIP,SIP,2023-08-21,2023-11-23,15.49,FOOD,EVERYDAY EATING,Quarterly - 04 Issues
654786,57983,Fame & Faces,Weeklies,2023-08-28,2023-09-11,8.49,ENTERTAINMENT,CELEBRITY PROFILE,Bi-Weekly - 26 Issues
566402,41317,Title SIP,SIP,2023-03-20,2023-06-22,14.49,HOME,DECORATING,Quarterly - 04 Issues
568952,33601,Spotlight Lives,Weeklies,2023-03-06,2023-03-20,8.49,ENTERTAINMENT,CELEBRITY PROFILE,Bi-Weekly - 26 Issues
704993,64451,Everyday Bloom,Weeklies,2024-04-15,2024-05-02,5.99,WOMENS,EVERYDAY LIVING,Monthly - 12 Issues
702384,34019,Title SIP,SIP,2024-03-18,2024-06-20,15.49,FOOD,EVERYDAY EATING,Quarterly - 04 Issues
693435,67344,Title SIP,SIP,2024-04-08,2024-07-11,9.49,PUZZLES,WORD SEEK,Quarterly - 04 Issues
668337,9390,Title SIP,SIP,2023-11-06,2024-02-08,15.49,HOME,DECORATING,Quarterly - 04 Issues
678705,33583,Fame & Faces,Weeklies,2023-10-30,2023-11-13,8.49,ENTERTAINMENT,CELEBRITY PROFILE,Bi-Weekly - 26 Issues
312101,64451,Everyday Bloom,Weeklies,2023-01-09,2023-02-02,5.99,WOMENS,EVERYDAY LIVING,Monthly - 12 Issues
560984,41246,Title SIP,SIP,2023-02-06,2023-05-11,14.49,HOBBY,VIDEO GAMES,Quarterly - 04 Issues
560239,64449,Simply Woman,Weeklies,2023-01-23,2023-02-09,4.99,WOMENS,EVERYDAY LIVING,Weekly - 52 Issues
663830,33583,Fame & Faces,Weeklies,2023-08-21,2023-09-04,8.49,ENTERTAINMENT,CELEBRITY PROFILE,Bi-Weekly - 26 Issues
653396,64455,Title SIP,SIP,2023-07-31,2023-11-02,8.49,PUZZLES,WORD SEEK,Quarterly - 04 Issues
675361,67340,Title SIP,SIP,2023-12-04,2024-03-07,8.49,PUZZLES,WORD SEEK,Quarterly - 04 Issues
651057,33549,Echo of Fame,Weeklies,2023-07-10,2023-07-24,8.49,ENTERTAINMENT,CELEBRITY PROFILE,Weekly - 52 Issues
559900,33975,Title SIP,SIP,2023-02-06,2023-05-11,15.49,FAMILY,PETS,Quarterly - 04 Issues
704776,41095,Title SIP,SIP,2024-05-27,2024-08-29,15.49,ENTERTAINMENT,TRIBUTE,Quarterly - 04 Issues
705582,67309,Title SIP,SIP,2024-02-12,2024-05-16,15.49,ENTERTAINMENT,MOVIE / TELEVISION,Quarterly - 04 Issues
707668,57601,Spotlight Lives,Weeklies,2024-06-03,2024-06-17,8.49,ENTERTAINMENT,CELEBRITY PROFILE,Bi-Weekly - 26 Issues
682956,64803,Simply Woman,Weeklies,2024-03-25,2024-04-11,4.99,WOMENS,EVERYDAY LIVING,Weekly - 52 Issues
649714,41154,Title SIP,SIP,2023-07-24,2023-10-26,14.49,ENTERTAINMENT,MUSIC,Quarterly - 04 Issues
700314,33607,Starline Stories,Weeklies,2024-01-22,2024-02-05,8.49,ENTERTAINMENT,CELEBRITY PROFILE,Bi-Weekly - 26 Issues
673652,67373,Title SIP,SIP,2024-01-22,2024-04-25,15.49,ENTERTAINMENT,MOVIE / TELEVISION,Quarterly - 04 Issues
706912,34020,Title SIP,SIP,2024-04-15,2024-07-18,15.49,FOOD,EVERYDAY EATING,Quarterly - 04 Issues
680044,33583,Fame & Faces,Weeklies,2024-02-19,2024-03-04,8.49,ENTERTAINMENT,CELEBRITY PROFILE,Bi-Weekly - 26 Issues
682524,33984,Title SIP,SIP,2024-01-22,2024-04-25,15.49,HOME,GARDEN,Quarterly - 04 Issues
702802,33968,Title SIP,SIP,2024-04-29,2024-08-01,15.49,HEALTH & FITNESS,WELLNESS/EMOTIONAL HEALTH,Quarterly - 04 Issues
697451,9380,Title SIP,SIP,2024-03-18,2024-06-20,15.49,ENTERTAINMENT,MUSIC,Quarterly - 04 Issues
570305,33549,Echo of Fame,Weeklies,2023-04-03,2023-04-17,8.49,ENTERTAINMENT,CELEBRITY PROFILE,Weekly - 52 Issues
668196,64453,Everyday Bloom,Weeklies,2024-01-22,2024-02-12,6.99,WOMENS,EVERYDAY LIVING,Bi-Weekly - 26 Issues
716516,57549,Echo of Fame,Weeklies,2024-05-06,2024-05-20,8.49,ENTERTAINMENT,TRIBUTE,Bi-Weekly - 26 Issues
697092,57607,Starline Stories,Weeklies,2024-02-26,2024-03-11,8.49,ENTERTAINMENT,CELEBRITY PROFILE,Bi-Weekly - 26 Issues
688155,9409,Title SIP,SIP,2024-03-04,2024-06-06,15.49,HUMAN CULTURE,HISTORY,Quarterly - 04 Issues
672572,57984,Fame & Faces,Weeklies,2023-12-18,2024-01-01,8.49,ENTERTAINMENT,CELEBRITY PROFILE,Weekly - 52 Issues
574069,64453,Everyday Bloom,Weeklies,2023-04-24,2023-05-18,7.99,WOMENS,EVERYDAY LIVING,Bi-Weekly - 26 Issues
583246,9421,Title SIP,SIP,2023-06-12,2023-09-14,15.49,WOMENS,FASHION,Quarterly - 04 Issues
654764,9391,Title SIP,SIP,2023-07-10,2023-10-12,15.49,LIFESTYLE,SOCIAL,Quarterly - 04 Issues
683842,33583,Fame & Faces,Weeklies,2023-12-11,2023-12-25,8.49,ENTERTAINMENT,CELEBRITY PROFILE,Bi-Weekly - 26 Issues
577115,57549,Echo of Fame,Weeklies,2023-04-10,2023-04-24,8.49,ENTERTAINMENT,TRIBUTE,Bi-Weekly - 26 Issues
553565,67314,Title SIP,SIP,2023-01-23,2023-04-27,15.49,PUZZLES,FILL-IN,Semi-Annual - 02 Issue
663586,9289,Title SIP,SIP,2023-07-24,2023-10-26,15.49,ENTERTAINMENT,MUSIC,Quarterly - 04 Issues
570840,9414,Title SIP,SIP,2023-04-03,2023-07-06,15.49,FOOD,HEALTHY EATING,Quarterly - 04 Issues
681865,34017,Title SIP,SIP,2023-11-27,2024-02-29,15.49,ENTERTAINMENT,MOVIE / TELEVISION,Quarterly - 04 Issues
680843,64799,Title SIP,SIP,2024-02-19,2024-05-23,15.49,ENTERTAINMENT,MOVIE / TELEVISION,Quarterly - 04 Issues
579897,64468,Title SIP,SIP,2023-06-12,2023-09-14,14.49,LIFESTYLE,SOCIAL,Quarterly - 04 Issues
648562,41303,Title SIP,SIP,2023-07-31,2023-11-02,16.490000000000002,OUTDOORS,HUNT/FISH,Quarterly - 04 Issues
566010,9424,Title SIP,SIP,2023-02-27,2023-06-01,15.49,ENTERTAINMENT,CELEBRITY PROFILE,Quarterly - 04 Issues
587066,9428,Title SIP,SIP,2023-06-05,2023-09-07,15.49,HUMAN CULTURE,MYSTERY/SCI-FI,Quarterly - 04 Issues
578650,41151,Title SIP,SIP,2023-05-15,2023-08-17,15.49,FOOD,HEALTHY EATING,Quarterly - 04 Issues
438546,64451,Everyday Bloom,Weeklies,2023-01-09,2023-02-02,5.99,WOMENS,EVERYDAY LIVING,Monthly - 12 Issues
573051,67340,Title SIP,SIP,2023-04-24,2023-07-27,8.49,PUZZLES,XWORD,Quarterly - 04 Issues
654748,9389,Title SIP,SIP,2023-07-10,2023-10-12,15.49,SPORT,FOOTBALL,Quarterly - 04 Issues
701839,64453,Everyday Bloom,Weeklies,2024-06-03,2024-06-20,6.99,WOMENS,EVERYDAY LIVING,Bi-Weekly - 26 Issues
718599,64453,Everyday Bloom,Weeklies,2024-04-15,2024-05-02,6.99,WOMENS,EVERYDAY LIVING,Bi-Weekly - 26 Issues
645302,64803,Simply Woman,Weeklies,2023-07-31,2023-08-17,4.99,WOMENS,EVERYDAY LIVING,Weekly - 52 Issues
678568,57549,Echo of Fame,Weeklies,2023-12-04,2023-12-18,8.49,ENTERTAINMENT,TRIBUTE,Bi-Weekly - 26 Issues
660912,33984,Title SIP,SIP,2023-10-09,2024-01-11,15.49,HOBBY,COMPUTER & MUSIC TECH,Quarterly - 04 Issues
580878,33955,Title SIP,SIP,2023-06-05,2023-09-07,11.49,PUZZLES,LOGIC,Quarterly - 04 Issues
571032,64453,Everyday Bloom,Weeklies,2023-04-03,2023-04-27,6.99,WOMENS,EVERYDAY LIVING,Bi-Weekly - 26 Issues
720116,33956,Title SIP,SIP,2024-06-03,2024-09-05,14.49,FOOD,HEALTHY EATING,Quarterly - 04 Issues
687352,57601,Spotlight Lives,Weeklies,2024-01-15,2024-01-29,8.49,ENTERTAINMENT,CELEBRITY PROFILE,Bi-Weekly - 26 Issues
676116,9302,Title SIP,SIP,2024-02-12,2024-05-16,15.49,FOOD,EVERYDAY EATING,Quarterly - 04 Issues
679090,41099,Title SIP,SIP,2023-12-25,2024-03-28,15.49,HUMAN CULTURE,HISTORY,Quarterly - 04 Issues
697415,9413,Title SIP,SIP,2024-05-20,2024-08-22,15.49,ENTERTAINMENT,TRIBUTE,Quarterly - 04 Issues
691371,33982,Title SIP,SIP,2024-02-05,2024-05-09,15.49,HOME,DECORATING,Quarterly - 04 Issues
690608,34017,Title SIP,SIP,2024-03-04,2024-06-06,15.49,FOOD,EVERYDAY EATING,Quarterly - 04 Issues
689948,41092,Title SIP,SIP,2024-03-04,2024-06-06,15.49,ENTERTAINMENT,CELEBRITY PROFILE,Quarterly - 04 Issues
684177,67309,Title SIP,SIP,2024-02-12,2024-05-16,15.49,ENTERTAINMENT,MOVIE / TELEVISION,Quarterly - 04 Issues
561062,57984,Fame & Faces,Weeklies,2023-01-16,2023-01-30,8.49,ENTERTAINMENT,CELEBRITY PROFILE,Weekly - 52 Issues
569441,64453,Everyday Bloom,Weeklies,2023-04-03,2023-04-27,6.99,WOMENS,EVERYDAY LIVING,Bi-Weekly - 26 Issues
651846,64803,Simply Woman,Weeklies,2023-08-14,2023-08-31,4.99,WOMENS,EVERYDAY LIVING,Weekly - 52 Issues
716054,33583,Fame & Faces,Weeklies,2024-06-24,2024-07-08,8.49,ENTERTAINMENT,CELEBRITY PROFILE,Bi-Weekly - 26 Issues
691650,34018,Title SIP,SIP,2024-03-11,2024-06-13,15.49,FOOD,EVERYDAY EATING,Quarterly - 04 Issues
701977,33549,Echo of Fame,Weeklies,2024-04-01,2024-04-15,8.49,ENTERTAINMENT,CELEBRITY PROFILE,Weekly - 52 Issues
656375,67308,Title SIP,SIP,2023-10-16,2024-01-18,15.49,ENTERTAINMENT,CELEBRITY PROFILE,Quarterly - 04 Issues
576183,33607,Starline Stories,Weeklies,2023-05-01,2023-05-15,8.49,ENTERTAINMENT,CELEBRITY PROFILE,Bi-Weekly - 26 Issues
667747,33607,Starline Stories,Weeklies,2023-12-11,2023-12-25,8.49,ENTERTAINMENT,CELEBRITY PROFILE,Bi-Weekly - 26 Issues
560148,64449,Simply Woman,Weeklies,2023-02-06,2023-02-23,4.99,WOMENS,EVERYDAY LIVING,Weekly - 52 Issues
666364,33959,Title SIP,SIP,2023-11-13,2024-02-15,11.49,HOBBY,ACTIVITY / COLORING,Quarterly - 04 Issues
655524,67374,Title SIP,SIP,2023-10-09,2024-01-11,15.49,PUZZLES,FILL-IN,Quarterly - 04 Issues
649829,34014,Title SIP,SIP,2023-07-31,2023-11-02,15.49,HOBBY,VIDEO GAMES,Quarterly - 04 Issues
577327,9380,Title SIP,SIP,2023-05-29,2023-08-31,15.49,SPORT,BASKETBALL,Quarterly - 04 Issues
674121,57607,Starline Stories,Weeklies,2023-11-06,2023-11-20,8.49,ENTERTAINMENT,CELEBRITY PROFILE,Bi-Weekly - 26 Issues
653288,64799,Title SIP,SIP,2023-11-06,2024-02-08,15.49,HUMAN CULTURE,MYSTERY/SCI-FI,Quarterly - 04 Issues
657109,57983,Fame & Faces,Weeklies,2023-06-26,2023-07-10,8.49,ENTERTAINMENT,CELEBRITY PROFILE,Bi-Weekly - 26 Issues
685602,67339,Title SIP,SIP,2023-11-27,2024-01-25,11.49,HOBBY,ACTIVITY / COLORING,Quarterly - 04 Issues
664178,57774,Title SIP,SIP,2023-11-27,2024-02-29,14.49,OUTDOORS,SURVIVAL,Quarterly - 04 Issues
575820,34021,Title SIP,SIP,2023-04-10,2023-07-13,15.49,ENTERTAINMENT,MOVIE / TELEVISION,Quarterly - 04 Issues
564587,57549,Echo of Fame,Weeklies,2023-02-13,2023-02-27,8.49,ENTERTAINMENT,TRIBUTE,Bi-Weekly - 26 Issues
565271,64449,Simply Woman,Weeklies,2023-02-20,2023-03-09,4.99,WOMENS,EVERYDAY LIVING,Weekly - 52 Issues
570957,57607,Starline Stories,Weeklies,2023-03-27,2023-04-10,8.49,ENTERTAINMENT,CELEBRITY PROFILE,Bi-Weekly - 26 Issues
672208,64465,Title SIP,SIP,2023-10-16,2024-01-18,15.49,ENTERTAINMENT,MOVIE / TELEVISION,Quarterly - 04 Issues
664076,33549,Echo of Fame,Weeklies,2023-09-04,2023-09-18,8.49,ENTERTAINMENT,CELEBRITY PROFILE,Weekly - 52 Issues
691467,64454,Title SIP,SIP,2024-02-19,2024-05-23,8.49,PUZZLES,SUDOKU,Quarterly - 04 Issues
574529,33607,Starline Stories,Weeklies,2023-03-06,2023-03-20,8.49,ENTERTAINMENT,CELEBRITY PROFILE,Bi-Weekly - 26 Issues
663565,9304,Title SIP,SIP,2023-09-18,2023-12-21,15.49,HUMAN CULTURE,HISTORY,Quarterly - 04 Issues
659820,67392,Everyday Bloom,Weeklies,2023-10-09,2023-11-02,5.99,WOMENS,EVERYDAY LIVING,Monthly - 12 Issues
649119,64803,Simply Woman,Weeklies,2023-08-14,2023-08-31,4.99,WOMENS,EVERYDAY LIVING,Weekly - 52 Issues
674459,64469,Title SIP,SIP,2023-09-25,2023-12-28,15.49,HEALTH & FITNESS,PHYSICAL FITNESS,Quarterly - 04 Issues
565797,33998,Title SIP,SIP,2023-03-13,2023-06-15,15.49,FOOD,HEALTHY EATING,Quarterly - 04 Issues
641004,34006,Title SIP,SIP,2023-07-24,2023-10-26,15.49,ENTERTAINMENT,MUSIC,Quarterly - 04 Issues
690483,9292,Title SIP,SIP,2024-05-13,2024-08-15,15.49,ENTERTAINMENT,MUSIC,Quarterly - 04 Issues
671104,9294,Title SIP,SIP,2023-12-25,2024-03-28,15.49,HEALTH & FITNESS,WELLNESS/EMOTIONAL HEALTH,Quarterly - 04 Issues
668949,64449,Simply Woman,Weeklies,2024-01-08,2024-01-25,4.99,WOMENS,EVERYDAY LIVING,Weekly - 52 Issues
580702,9419,Title SIP,SIP,2023-05-22,2023-08-24,15.49,FOOD,EVERYDAY EATING,Quarterly - 04 Issues
678874,9425,Title SIP,SIP,2024-01-01,2024-04-04,15.49,HOBBY,ANIMAL,Quarterly - 04 Issues
736122,9291,Title SIP,SIP,2024-05-06,2024-08-08,15.49,ENTERTAINMENT,TRIBUTE,Quarterly - 04 Issues
687247,64466,Title SIP,SIP,2024-02-19,2024-05-23,15.49,SPORT,COMMEMORATIVE,Semi-Annual - 02 Issue
701157,64453,Everyday Bloom,Weeklies,2024-04-01,2024-04-18,6.99,WOMENS,EVERYDAY LIVING,Bi-Weekly - 26 Issues
685621,67328,Title SIP,SIP,2024-02-26,2024-05-30,15.49,ENTERTAINMENT,CELEBRITY PROFILE,Semi-Annual - 02 Issue
705462,57607,Starline Stories,Weeklies,2024-01-29,2024-02-12,8.49,ENTERTAINMENT,CELEBRITY PROFILE,Bi-Weekly - 26 Issues
690581,57984,Fame & Faces,Weeklies,2024-01-22,2024-02-05,8.49,ENTERTAINMENT,CELEBRITY PROFILE,Weekly - 52 Issues
653850,41154,Title SIP,SIP,2023-07-24,2023-10-26,14.49,ENTERTAINMENT,MUSIC,Quarterly - 04 Issues
691803,58005,Spotlight Lives,Weeklies,2024-04-29,2024-05-13,8.49,ENTERTAINMENT,CELEBRITY PROFILE,Weekly - 52 Issues
563316,33983,Title SIP,SIP,2023-02-20,2023-05-25,15.49,AUTOMOTIVE,CONTEMPORARY CARS,Quarterly - 04 Issues
725384,64449,Simply Woman,Weeklies,2024-06-10,2024-06-27,4.99,WOMENS,EVERYDAY LIVING,Weekly - 52 Issues
705202,67319,Title SIP,SIP,2024-05-06,2024-08-08,15.49,ENTERTAINMENT,CELEBRITY PROFILE,Semi-Annual - 02 Issue
578885,33601,Spotlight Lives,Weeklies,2023-05-01,2023-05-15,8.49,ENTERTAINMENT,CELEBRITY PROFILE,Bi-Weekly - 26 Issues
643279,9418,Title SIP,SIP,2023-08-21,2023-11-23,15.49,FOOD,EVERYDAY EATING,Quarterly - 04 Issues
577248,67308,Title SIP,SIP,2023-05-01,2023-08-03,15.49,FOOD,EVERYDAY EATING,Quarterly - 04 Issues
631818,33982,Title SIP,SIP,2023-07-03,2023-10-05,15.49,ENTERTAINMENT,MUSIC,Quarterly - 04 Issues
565161,33955,Title SIP,SIP,2023-02-27,2023-06-01,11.49,HOBBY,ACTIVITY / COLORING,Quarterly - 04 Issues
666476,9379,Title SIP,SIP,2023-10-23,2024-01-25,15.49,ENTERTAINMENT,MUSIC,Quarterly - 04 Issues
569428,64803,Simply Woman,Weeklies,2023-02-27,2023-03-16,4.99,WOMENS,EVERYDAY LIVING,Weekly - 52 Issues
585389,33607,Starline Stories,Weeklies,2023-05-15,2023-05-29,8.49,ENTERTAINMENT,CELEBRITY PROFILE,Bi-Weekly - 26 Issues
675350,34011,Title SIP,SIP,2023-11-13,2024-02-15,15.49,ENTERTAINMENT,MOVIE / TELEVISION,Quarterly - 04 Issues
657781,41150,Title SIP,SIP,2023-09-11,2023-12-14,15.49,FOOD,HEALTHY EATING,Quarterly - 04 Issues
636918,9424,Title SIP,SIP,2023-08-07,2023-11-09,15.49,HUMAN CULTURE,TRAVEL,Quarterly - 04 Issues
659221,41152,Title SIP,SIP,2023-09-18,2023-12-21,15.49,ENTERTAINMENT,MUSIC,Quarterly - 04 Issues
555259,55606,Title SIP,SIP,2023-01-09,2023-04-13,11.45,HOBBY,ACTIVITY / COLORING,Monthly - 12 Issues
680689,33993,Title SIP,SIP,2023-10-30,2024-02-01,15.49,HOME,GARDEN,Quarterly - 04 Issues
578694,64475,Title SIP,SIP,2023-05-15,2023-08-17,15.49,HUMAN CULTURE,HISTORY,Quarterly - 04 Issues
578984,64465,Title SIP,SIP,2023-05-01,2023-08-03,15.49,HOME,DECORATING,Quarterly - 04 Issues
650665,34018,Title SIP,SIP,2023-08-14,2023-11-16,15.49,ENTERTAINMENT,CELEBRITY PROFILE,Quarterly - 04 Issues
663744,33961,Title SIP,SIP,2023-11-13,2024-02-15,11.49,HOBBY,ACTIVITY / COLORING,Quarterly - 04 Issues
649971,33995,Title SIP,SIP,2023-07-10,2023-10-12,15.49,HOBBY,COMICS,Semi-Annual - 02 Issue
573443,34016,Title SIP,SIP,2023-04-10,2023-07-13,15.49,HOME,GARDEN,Quarterly - 04 Issues
657656,64803,Simply Woman,Weeklies,2023-07-31,2023-08-17,4.99,WOMENS,EVERYDAY LIVING,Weekly - 52 Issues
680266,57601,Spotlight Lives,Weeklies,2023-10-23,2023-11-06,8.49,ENTERTAINMENT,CELEBRITY PROFILE,Bi-Weekly - 26 Issues
555551,33965,Title SIP,SIP,2023-01-23,2023-04-27,15.49,HOBBY,COLLECTOR/MINIATURES,Semi-Annual - 02 Issue
694566,57601,Spotlight Lives,Weeklies,2024-04-08,2024-04-22,8.49,ENTERTAINMENT,CELEBRITY PROFILE,Bi-Weekly - 26 Issues
684517,67312,Title SIP,SIP,2024-02-05,2024-05-09,8.49,PUZZLES,XWORD,Semi-Annual - 02 Issue
582085,33965,Title SIP,SIP,2023-05-22,2023-08-24,15.49,HUMAN CULTURE,MYSTERY/SCI-FI,Semi-Annual - 02 Issue
560195,41303,Title SIP,SIP,2023-02-06,2023-05-11,16.490000000000002,HOME,BUILDING,Quarterly - 04 Issues
562387,67312,Title SIP,SIP,2023-03-13,2023-06-15,8.49,PUZZLES,WORD SEEK,Semi-Annual - 02 Issue
700590,41241,Title SIP,SIP,2024-05-20,2024-08-22,16.490000000000002,HEALTH & FITNESS,WELLNESS/EMOTIONAL HEALTH,Quarterly - 04 Issues
699367,67392,Everyday Bloom,Weeklies,2024-04-08,2024-04-25,5.99,WOMENS,EVERYDAY LIVING,Monthly - 12 Issues
680924,57549,Echo of Fame,Weeklies,2023-12-18,2024-01-01,8.49,ENTERTAINMENT,TRIBUTE,Bi-Weekly - 26 Issues
678926,64457,Title SIP,SIP,2024-01-29,2024-05-02,9.49,PUZZLES,WORD SEEK,Bi-Monthly - 06 Issues
700253,64449,Simply Woman,Weeklies,2024-03-04,2024-03-21,4.99,WOMENS,EVERYDAY LIVING,Weekly - 52 Issues
681820,67327,Title SIP,SIP,2024-01-08,2024-04-11,15.49,ENTERTAINMENT,MOVIE / TELEVISION,Semi-Annual - 02 Issue
705852,67326,Title SIP,SIP,2024-05-13,2024-08-15,17.490000000000002,SPORT,OTHER SPORTS,Semi-Annual - 02 Issue
717049,64466,Title SIP,SIP,2024-02-19,2024-05-23,15.49,SPORT,COMMEMORATIVE,Semi-Annual - 02 Issue
698356,64451,Everyday Bloom,Weeklies,2024-03-18,2024-04-04,5.99,WOMENS,EVERYDAY LIVING,Monthly - 12 Issues
710806,9417,Title SIP,SIP,2024-03-11,2024-06-13,15.49,HUMAN CULTURE,TRAVEL,Quarterly - 04 Issues
716080,67301,Title SIP,SIP,2024-05-06,2024-08-08,15.49,ENTERTAINMENT,CELEBRITY PROFILE,Quarterly - 04 Issues
671300,41317,Title SIP,SIP,2024-02-05,2024-05-09,15.49,NEWS & FINANCE,FINANCE,Quarterly - 04 Issues
692349,67301,Title SIP,SIP,2024-05-06,2024-08-08,15.49,ENTERTAINMENT,CELEBRITY PROFILE,Quarterly - 04 Issues
719876,64451,Everyday Bloom,Weeklies,2024-05-27,2024-06-13,5.99,WOMENS,EVERYDAY LIVING,Monthly - 12 Issues
707833,64453,Everyday Bloom,Weeklies,2024-05-20,2024-06-06,6.99,WOMENS,EVERYDAY LIVING,Bi-Weekly - 26 Issues
740987,58005,Spotlight Lives,Weeklies,2024-06-24,2024-07-08,9.49,ENTERTAINMENT,CELEBRITY PROFILE,Weekly - 52 Issues
638358,64453,Everyday Bloom,Weeklies,2023-08-28,2023-09-21,6.99,WOMENS,EVERYDAY LIVING,Bi-Weekly - 26 Issues
664919,57983,Fame & Faces,Weeklies,2023-07-31,2023-08-14,8.49,ENTERTAINMENT,CELEBRITY PROFILE,Bi-Weekly - 26 Issues
700334,57607,Starline Stories,Weeklies,2024-04-22,2024-05-06,8.49,ENTERTAINMENT,CELEBRITY PROFILE,Bi-Weekly - 26 Issues
696182,67370,Title SIP,SIP,2024-03-25,2024-06-27,15.49,ENTERTAINMENT,TRIBUTE,Quarterly - 04 Issues
675178,67369,Title SIP,SIP,2023-12-18,2024-03-21,15.49,HUMAN CULTURE,MYSTERY/SCI-FI,Quarterly - 04 Issues
676819,64451,Everyday Bloom,Weeklies,2024-02-12,2024-03-04,5.99,WOMENS,EVERYDAY LIVING,Monthly - 12 Issues
681072,33977,Title SIP,SIP,2024-01-29,2024-05-02,15.49,NEWS & FINANCE,BUSINESS,Quarterly - 04 Issues
699744,57601,Spotlight Lives,Weeklies,2024-02-12,2024-02-26,8.49,ENTERTAINMENT,CELEBRITY PROFILE,Bi-Weekly - 26 Issues
573745,9427,Title SIP,SIP,2023-05-08,2023-08-10,15.49,LIFESTYLE,SOCIAL,Quarterly - 04 Issues
647679,33601,Spotlight Lives,Weeklies,2023-07-10,2023-07-24,8.49,ENTERTAINMENT,CELEBRITY PROFILE,Bi-Weekly - 26 Issues
660227,33601,Spotlight Lives,Weeklies,2023-07-10,2023-07-24,8.49,ENTERTAINMENT,CELEBRITY PROFILE,Bi-Weekly - 26 Issues
663681,33978,Title SIP,SIP,2023-10-09,2024-01-11,15.49,SPORT,COMMEMORATIVE,Quarterly - 04 Issues
657312,41097,Title SIP,SIP,2023-09-11,2023-12-14,15.49,FOOD,HEALTHY EATING,Bi-Monthly - 06 Issues
673368,33957,Title SIP,SIP,2023-10-02,2024-01-04,11.49,PUZZLES,LOGIC,Quarterly - 04 Issues
648138,9380,Title SIP,SIP,2023-10-23,2024-01-25,15.49,HEALTH & FITNESS,PHYSICAL FITNESS,Quarterly - 04 Issues
695419,64453,Everyday Bloom,Weeklies,2024-04-22,2024-05-09,6.99,WOMENS,EVERYDAY LIVING,Bi-Weekly - 26 Issues
651605,41091,Title SIP,SIP,2023-08-21,2023-11-23,15.49,SPORT,COMMEMORATIVE,Quarterly - 04 Issues
664341,41156,Title SIP,SIP,2023-10-16,2024-01-18,14.49,ENTERTAINMENT,MUSIC,Quarterly - 04 Issues
579672,33969,Title SIP,SIP,2023-05-29,2023-08-31,15.49,ENTERTAINMENT,MUSIC,Quarterly - 04 Issues
649088,33957,Title SIP,SIP,2023-10-02,2024-01-04,11.49,PUZZLES,LOGIC,Quarterly - 04 Issues
682666,57601,Spotlight Lives,Weeklies,2023-11-06,2023-11-20,8.49,ENTERTAINMENT,CELEBRITY PROFILE,Bi-Weekly - 26 Issues
663203,57549,Echo of Fame,Weeklies,2023-10-23,2023-11-06,8.49,ENTERTAINMENT,TRIBUTE,Bi-Weekly - 26 Issues
582649,57983,Fame & Faces,Weeklies,2023-05-08,2023-05-22,8.49,ENTERTAINMENT,CELEBRITY PROFILE,Bi-Weekly - 26 Issues
669753,64803,Simply Woman,Weeklies,2023-12-04,2023-12-21,4.99,WOMENS,EVERYDAY LIVING,Weekly - 52 Issues
572136,33549,Echo of Fame,Weeklies,2023-04-17,2023-05-01,8.49,ENTERTAINMENT,CELEBRITY PROFILE,Weekly - 52 Issues
708116,9391,Title SIP,SIP,2024-04-01,2024-07-04,15.49,HUMAN CULTURE,HISTORY,Quarterly - 04 Issues
663057,58006,Starline Stories,Weeklies,2023-09-11,2023-09-25,9.49,ENTERTAINMENT,CELEBRITY PROFILE,Weekly - 52 Issues
679436,58006,Starline Stories,Weeklies,2023-12-04,2023-12-18,9.49,ENTERTAINMENT,CELEBRITY PROFILE,Weekly - 52 Issues
686274,57549,Echo of Fame,Weeklies,2023-11-20,2023-12-04,8.49,ENTERTAINMENT,TRIBUTE,Bi-Weekly - 26 Issues
572509,33962,Title SIP,SIP,2023-04-17,2023-07-20,11.49,PUZZLES,LOGIC,Quarterly - 04 Issues
571591,33961,Title SIP,SIP,2023-04-10,2023-07-13,11.49,HOBBY,ACTIVITY / COLORING,Quarterly - 04 Issues
579265,64449,Simply Woman,Weeklies,2023-04-17,2023-05-04,4.99,WOMENS,EVERYDAY LIVING,Weekly - 52 Issues
574505,57601,Spotlight Lives,Weeklies,2023-04-10,2023-04-24,8.49,ENTERTAINMENT,CELEBRITY PROFILE,Bi-Weekly - 26 Issues
659028,67371,Title SIP,SIP,2023-07-31,2023-09-21,14.49,SPORT,FOOTBALL,Quarterly - 04 Issues
569381,41309,Title SIP,SIP,2023-04-03,2023-07-06,16.490000000000002,HEALTH & FITNESS,PHYSICAL FITNESS,Quarterly - 04 Issues
681838,33957,Title SIP,SIP,2024-02-05,2024-05-09,11.49,HOBBY,ACTIVITY / COLORING,Quarterly - 04 Issues
700211,64449,Simply Woman,Weeklies,2024-03-18,2024-04-04,4.99,WOMENS,EVERYDAY LIVING,Weekly - 52 Issues
712724,34024,Title SIP,SIP,2024-05-27,2024-08-29,15.49,FOOD,EVERYDAY EATING,Quarterly - 04 Issues
573496,41155,Title SIP,SIP,2023-04-17,2023-07-20,14.49,HOME,DECORATING,Quarterly - 04 Issues
733429,33955,Title SIP,SIP,2024-05-13,2024-08-15,14.49,FOOD,EVERYDAY EATING,Quarterly - 04 Issues
675851,9424,Title SIP,SIP,2023-12-25,2024-03-28,15.49,HEALTH & FITNESS,WELLNESS/EMOTIONAL HEALTH,Quarterly - 04 Issues
685590,64803,Simply Woman,Weeklies,2024-01-29,2024-02-15,4.99,WOMENS,EVERYDAY LIVING,Weekly - 52 Issues
718125,33968,Title SIP,SIP,2024-04-29,2024-08-01,15.49,HEALTH & FITNESS,WELLNESS/EMOTIONAL HEALTH,Quarterly - 04 Issues
699791,64453,Everyday Bloom,Weeklies,2024-04-08,2024-04-25,6.99,WOMENS,EVERYDAY LIVING,Bi-Weekly - 26 Issues
716800,33601,Spotlight Lives,Weeklies,2024-04-29,2024-05-13,8.49,ENTERTAINMENT,CELEBRITY PROFILE,Bi-Weekly - 26 Issues
696545,64832,Title SIP,SIP,2024-03-25,2024-06-27,11.49,HOME,DECORATING,Quarterly - 04 Issues
585030,64473,Title SIP,SIP,2023-06-05,2023-09-07,15.49,FOOD,HEALTHY EATING,Semi-Annual - 02 Issue
558066,33950,Title SIP,SIP,2023-01-23,2023-04-27,11.49,HOBBY,ACTIVITY / COLORING,Quarterly - 04 Issues
655700,64803,Simply Woman,Weeklies,2023-10-23,2023-11-09,4.99,WOMENS,EVERYDAY LIVING,Weekly - 52 Issues
648487,67373,Title SIP,SIP,2023-10-02,2024-01-04,15.49,HEALTH & FITNESS,WELLNESS/EMOTIONAL HEALTH,Quarterly - 04 Issues
651988,33958,Title SIP,SIP,2023-07-03,2023-10-05,11.49,HOBBY,ACTIVITY / COLORING,Quarterly - 04 Issues
655964,57983,Fame & Faces,Weeklies,2023-06-26,2023-07-10,8.49,ENTERTAINMENT,CELEBRITY PROFILE,Bi-Weekly - 26 Issues
657023,9379,Title SIP,SIP,2023-10-23,2024-01-25,15.49,ENTERTAINMENT,MUSIC,Quarterly - 04 Issues
674623,33961,Title SIP,SIP,2023-11-13,2024-02-15,11.49,HOBBY,ACTIVITY / COLORING,Quarterly - 04 Issues
676428,33983,Title SIP,SIP,2023-10-16,2024-01-18,15.49,ENTERTAINMENT,CELEBRITY PROFILE,Quarterly - 04 Issues
570074,57607,Starline Stories,Weeklies,2023-02-27,2023-03-13,8.49,ENTERTAINMENT,CELEBRITY PROFILE,Bi-Weekly - 26 Issues
579757,41248,Title SIP,SIP,2023-05-15,2023-08-17,14.49,FOOD,EVERYDAY EATING,Quarterly - 04 Issues
564147,33549,Echo of Fame,Weeklies,2023-01-09,2023-01-23,8.49,ENTERTAINMENT,CELEBRITY PROFILE,Weekly - 52 Issues
569462,57984,Fame & Faces,Weeklies,2023-03-06,2023-03-20,8.49,ENTERTAINMENT,CELEBRITY PROFILE,Weekly - 52 Issues
661907,57607,Starline Stories,Weeklies,2023-07-17,2023-07-31,8.49,ENTERTAINMENT,CELEBRITY PROFILE,Bi-Weekly - 26 Issues
675554,33980,Title SIP,SIP,2024-02-05,2024-05-09,15.49,HOME,DECORATING,Quarterly - 04 Issues
716571,9422,Title SIP,SIP,2024-04-08,2024-07-11,15.49,HUMAN CULTURE,MYSTERY/SCI-FI,Quarterly - 04 Issues
655352,33965,Title SIP,SIP,2023-09-18,2023-12-21,15.49,ENTERTAINMENT,CELEBRITY PROFILE,Semi-Annual - 02 Issue
645513,33607,Starline Stories,Weeklies,2023-07-24,2023-08-07,8.49,ENTERTAINMENT,CELEBRITY PROFILE,Bi-Weekly - 26 Issues
573498,33963,Title SIP,SIP,2023-04-24,2023-07-27,11.49,PUZZLES,LOGIC,Quarterly - 04 Issues
561526,64453,Everyday Bloom,Weeklies,2023-02-20,2023-03-16,6.99,WOMENS,EVERYDAY LIVING,Bi-Weekly - 26 Issues
636188,34017,Title SIP,SIP,2023-08-07,2023-11-09,15.49,ENTERTAINMENT,MUSIC,Quarterly - 04 Issues
644232,64457,Title SIP,SIP,2023-06-26,2023-09-28,8.49,PUZZLES,SUDOKU,Bi-Monthly - 06 Issues
565772,33549,Echo of Fame,Weeklies,2023-02-20,2023-03-06,8.49,ENTERTAINMENT,CELEBRITY PROFILE,Weekly - 52 Issues
707176,33583,Fame & Faces,Weeklies,2024-05-13,2024-05-27,8.49,ENTERTAINMENT,CELEBRITY PROFILE,Bi-Weekly - 26 Issues
670760,41317,Title SIP,SIP,2024-02-05,2024-05-09,15.49,NEWS & FINANCE,FINANCE,Quarterly - 04 Issues
554717,41242,Title SIP,SIP,2023-01-23,2023-04-27,14.49,HOME,DECORATING,Quarterly - 04 Issues
688055,57549,Echo of Fame,Weeklies,2024-03-11,2024-03-25,8.49,ENTERTAINMENT,TRIBUTE,Bi-Weekly - 26 Issues
699786,33966,Title SIP,SIP,2024-05-27,2024-08-29,15.49,HOME,DECORATING,Quarterly - 04 Issues
677244,67344,Title SIP,SIP,2024-01-08,2024-04-11,9.49,PUZZLES,WORD SEEK,Quarterly - 04 Issues
733825,9390,Title SIP,SIP,2024-04-29,2024-08-01,14.49,FOOD,EVERYDAY EATING,Quarterly - 04 Issues
684473,33951,Title SIP,SIP,2024-01-15,2024-04-18,11.49,PUZZLES,LOGIC,Quarterly - 04 Issues
718419,9289,Title SIP,SIP,2024-04-22,2024-07-25,16.490000000000002,ENTERTAINMENT,MUSIC,Quarterly - 04 Issues
744942,64453,Everyday Bloom,Weeklies,2024-06-03,2024-06-20,6.99,WOMENS,EVERYDAY LIVING,Bi-Weekly - 26 Issues
643718,64453,Everyday Bloom,Weeklies,2023-06-26,2023-07-20,6.99,WOMENS,EVERYDAY LIVING,Bi-Weekly - 26 Issues
582251,58006,Starline Stories,Weeklies,2023-05-29,2023-06-12,9.49,ENTERTAINMENT,CELEBRITY PROFILE,Weekly - 52 Issues
655317,58005,Spotlight Lives,Weeklies,2023-08-07,2023-08-21,8.49,ENTERTAINMENT,CELEBRITY PROFILE,Weekly - 52 Issues
577429,64836,Simply Woman,Weeklies,2023-04-24,2023-05-11,5.99,WOMENS,EVERYDAY LIVING,Weekly - 52 Issues
699319,64455,Title SIP,SIP,2024-05-27,2024-08-29,9.49,PUZZLES,WORD SEEK,Quarterly - 04 Issues
676590,67322,Title SIP,SIP,2023-11-06,2024-02-08,16.490000000000002,SPORT,BASEBALL,Semi-Annual - 02 Issue
574305,64470,Title SIP,SIP,2023-04-24,2023-07-27,15.49,ENTERTAINMENT,MUSIC,Semi-Annual - 02 Issue
554587,67314,Title SIP,SIP,2023-01-23,2023-04-27,15.49,PUZZLES,FILL-IN,Semi-Annual - 02 Issue
667961,33979,Title SIP,SIP,2023-10-09,2024-01-11,15.49,ENTERTAINMENT,TRIBUTE,Quarterly - 04 Issues
576058,33966,Title SIP,SIP,2023-05-22,2023-08-24,15.49,HOBBY,COMPUTER & MUSIC TECH,Quarterly - 04 Issues
671294,9297,Title SIP,SIP,2024-01-01,2024-04-04,15.49,ENTERTAINMENT,MUSIC,Quarterly - 04 Issues
652960,64467,Title SIP,SIP,2023-08-21,2023-11-23,16.490000000000002,HUMAN CULTURE,RELIGION,Semi-Annual - 02 Issue
632408,41315,Title SIP,SIP,2023-07-10,2023-10-12,14.49,OUTDOORS,SURVIVAL,Quarterly - 04 Issues
565538,41299,Title SIP,SIP,2023-03-20,2023-06-22,14.49,ENTERTAINMENT,MUSIC,Quarterly - 04 Issues
560823,64451,Everyday Bloom,Weeklies,2023-02-20,2023-03-16,5.99,WOMENS,EVERYDAY LIVING,Monthly - 12 Issues
575789,34018,Title SIP,SIP,2023-04-10,2023-07-13,15.49,ENTERTAINMENT,MOVIE / TELEVISION,Quarterly - 04 Issues
567413,34002,Title SIP,SIP,2023-03-27,2023-06-29,15.49,HEALTH & FITNESS,WELLNESS/EMOTIONAL HEALTH,Semi-Annual - 02 Issue
682314,41150,Title SIP,SIP,2023-10-30,2024-02-01,15.49,ENTERTAINMENT,MUSIC,Quarterly - 04 Issues
688254,33601,Spotlight Lives,Weeklies,2023-11-27,2023-12-11,8.49,ENTERTAINMENT,CELEBRITY PROFILE,Bi-Weekly - 26 Issues
663921,57549,Echo of Fame,Weeklies,2023-09-25,2023-10-09,8.49,ENTERTAINMENT,TRIBUTE,Bi-Weekly - 26 Issues
562519,57601,Spotlight Lives,Weeklies,2023-01-02,2023-01-16,8.49,ENTERTAINMENT,CELEBRITY PROFILE,Bi-Weekly - 26 Issues
565676,57607,Starline Stories,Weeklies,2023-02-27,2023-03-13,8.49,ENTERTAINMENT,CELEBRITY PROFILE,Bi-Weekly - 26 Issues
698028,64449,Simply Woman,Weeklies,2024-01-22,2024-02-08,4.99,WOMENS,EVERYDAY LIVING,Weekly - 52 Issues
695534,67306,Title SIP,SIP,2024-03-25,2024-06-27,15.49,ENTERTAINMENT,MOVIE / TELEVISION,Quarterly - 04 Issues
665941,33970,Title SIP,SIP,2023-10-30,2024-02-01,15.49,FOOD,HEALTHY EATING,Quarterly - 04 Issues
677264,9391,Title SIP,SIP,2023-12-04,2024-03-07,15.49,HOME,BUILDING,Quarterly - 04 Issues
580504,9383,Title SIP,SIP,2023-05-29,2023-08-31,15.49,HEALTH & FITNESS,WELLNESS/EMOTIONAL HEALTH,Quarterly - 04 Issues
567098,33583,Fame & Faces,Weeklies,2023-03-06,2023-03-20,8.49,ENTERTAINMENT,CELEBRITY PROFILE,Bi-Weekly - 26 Issues
565127,57607,Starline Stories,Weeklies,2023-02-13,2023-02-27,8.49,ENTERTAINMENT,CELEBRITY PROFILE,Bi-Weekly - 26 Issues
572179,34018,Title SIP,SIP,2023-04-10,2023-07-13,15.49,ENTERTAINMENT,MOVIE / TELEVISION,Quarterly - 04 Issues
674334,9416,Title SIP,SIP,2023-10-09,2024-01-11,15.49,FOOD,EVERYDAY EATING,Quarterly - 04 Issues
673063,57601,Spotlight Lives,Weeklies,2023-10-09,2023-10-23,8.49,ENTERTAINMENT,CELEBRITY PROFILE,Bi-Weekly - 26 Issues
652738,57601,Spotlight Lives,Weeklies,2023-07-17,2023-07-31,8.49,ENTERTAINMENT,CELEBRITY PROFILE,Bi-Weekly - 26 Issues
577924,64459,Title SIP,SIP,2023-05-22,2023-08-24,8.49,PUZZLES,XWORD,Quarterly - 04 Issues
717770,64451,Everyday Bloom,Weeklies,2024-04-29,2024-05-16,5.99,WOMENS,EVERYDAY LIVING,Monthly - 12 Issues
712073,64468,Title SIP,SIP,2024-06-03,2024-09-05,15.49,SPORT,BASEBALL,Quarterly - 04 Issues
687743,33979,Title SIP,SIP,2024-03-04,2024-06-06,15.49,PUZZLES,VARIETY,Quarterly - 04 Issues
688580,64459,Title SIP,SIP,2024-04-01,2024-07-04,9.49,PUZZLES,SUDOKU,Quarterly - 04 Issues
680490,41154,Title SIP,SIP,2024-01-01,2024-04-04,15.49,HEALTH & FITNESS,WELLNESS/EMOTIONAL HEALTH,Quarterly - 04 Issues
674948,67307,Title SIP,SIP,2024-01-22,2024-04-25,15.49,PUZZLES,FILL-IN,Quarterly - 04 Issues
563336,33955,Title SIP,SIP,2023-02-27,2023-06-01,11.49,HOBBY,ACTIVITY / COLORING,Quarterly - 04 Issues
697871,41093,Title SIP,SIP,2024-04-22,2024-07-25,16.490000000000002,ENTERTAINMENT,TRIBUTE,Quarterly - 04 Issues
554832,64836,Simply Woman,Weeklies,2023-01-02,2023-01-19,5.99,WOMENS,EVERYDAY LIVING,Weekly - 52 Issues
651709,67309,Title SIP,SIP,2023-05-29,2023-08-31,15.49,FOOD,HEALTHY EATING,Quarterly - 04 Issues
572662,9426,Title SIP,SIP,2023-04-17,2023-07-20,15.49,HUMAN CULTURE,TRAVEL,Quarterly - 04 Issues
651391,41155,Title SIP,SIP,2023-07-24,2023-10-26,14.49,SPORT,FOOTBALL,Quarterly - 04 Issues
643502,64478,Title SIP,SIP,2023-07-31,2023-11-02,15.49,ENTERTAINMENT,MUSIC,Quarterly - 04 Issues
563882,9293,Title SIP,SIP,2023-02-13,2023-05-18,15.49,ENTERTAINMENT,MOVIE / TELEVISION,Quarterly - 04 Issues
564305,64454,Title SIP,SIP,2023-03-27,2023-06-29,8.49,PUZZLES,XWORD,Quarterly - 04 Issues
652071,57601,Spotlight Lives,Weeklies,2023-07-03,2023-07-17,8.49,ENTERTAINMENT,CELEBRITY PROFILE,Bi-Weekly - 26 Issues
584999,33979,Title SIP,SIP,2023-06-12,2023-09-14,15.49,FOOD,HEALTHY EATING,Quarterly - 04 Issues
556161,64194,Title SIP,SIP,2023-01-09,2023-04-13,14.49,HOME,DECORATING,Monthly - 12 Issues
649274,33583,Fame & Faces,Weeklies,2023-07-24,2023-08-07,8.49,ENTERTAINMENT,CELEBRITY PROFILE,Bi-Weekly - 26 Issues
566943,33601,Spotlight Lives,Weeklies,2023-03-06,2023-03-20,8.49,ENTERTAINMENT,CELEBRITY PROFILE,Bi-Weekly - 26 Issues
584662,9428,Title SIP,SIP,2023-06-05,2023-09-07,15.49,HUMAN CULTURE,MYSTERY/SCI-FI,Quarterly - 04 Issues
688422,64803,Simply Woman,Weeklies,2023-11-20,2023-12-07,4.99,WOMENS,EVERYDAY LIVING,Weekly - 52 Issues
701244,57601,Spotlight Lives,Weeklies,2024-02-12,2024-02-26,8.49,ENTERTAINMENT,CELEBRITY PROFILE,Bi-Weekly - 26 Issues
674875,33962,Title SIP,SIP,2023-11-27,2024-02-29,11.49,HOBBY,ACTIVITY / COLORING,Quarterly - 04 Issues
562618,9295,Title SIP,SIP,2023-02-27,2023-06-01,15.49,FOOD,SPIRITS,Quarterly - 04 Issues
582988,57601,Spotlight Lives,Weeklies,2023-04-24,2023-05-08,8.49,ENTERTAINMENT,CELEBRITY PROFILE,Bi-Weekly - 26 Issues
684106,57549,Echo of Fame,Weeklies,2023-11-20,2023-12-04,8.49,ENTERTAINMENT,TRIBUTE,Bi-Weekly - 26 Issues
657720,67345,Title SIP,SIP,2023-09-25,2023-12-28,8.49,PUZZLES,WORD SEEK,Quarterly - 04 Issues
651633,64459,Title SIP,SIP,2023-09-11,2023-12-14,8.49,PUZZLES,WORD SEEK,Quarterly - 04 Issues
556418,67341,Title SIP,SIP,2023-01-09,2023-04-13,8.49,PUZZLES,SUDOKU,Quarterly - 04 Issues
665546,58005,Spotlight Lives,Weeklies,2023-10-02,2023-10-16,8.49,ENTERTAINMENT,CELEBRITY PROFILE,Weekly - 52 Issues
653391,57607,Starline Stories,Weeklies,2023-07-17,2023-07-31,8.49,ENTERTAINMENT,CELEBRITY PROFILE,Bi-Weekly - 26 Issues
664221,57601,Spotlight Lives,Weeklies,2023-09-25,2023-10-09,8.49,ENTERTAINMENT,CELEBRITY PROFILE,Bi-Weekly - 26 Issues
553719,9389,Title SIP,SIP,2023-01-16,2023-04-20,15.49,WOMENS,EVERYDAY LIVING,Quarterly - 04 Issues
579707,57549,Echo of Fame,Weeklies,2023-05-22,2023-06-05,8.49,ENTERTAINMENT,TRIBUTE,Bi-Weekly - 26 Issues
702422,33583,Fame & Faces,Weeklies,2024-04-15,2024-04-29,8.49,ENTERTAINMENT,CELEBRITY PROFILE,Bi-Weekly - 26 Issues
700282,64803,Simply Woman,Weeklies,2024-03-25,2024-04-11,4.99,WOMENS,EVERYDAY LIVING,Weekly - 52 Issues
710579,9426,Title SIP,SIP,2024-04-01,2024-07-04,15.49,HOBBY,ANIMAL,Quarterly - 04 Issues
715647,33955,Title SIP,SIP,2024-05-13,2024-08-15,14.49,FOOD,EVERYDAY EATING,Quarterly - 04 Issues
684258,67392,Everyday Bloom,Weeklies,2024-05-06,2024-05-23,5.99,WOMENS,EVERYDAY LIVING,Monthly - 12 Issues
683128,57984,Fame & Faces,Weeklies,2024-01-29,2024-02-12,8.49,ENTERTAINMENT,CELEBRITY PROFILE,Weekly - 52 Issues
674045,58005,Spotlight Lives,Weeklies,2023-12-11,2023-12-25,8.49,ENTERTAINMENT,CELEBRITY PROFILE,Weekly - 52 Issues
664119,33989,Title SIP,SIP,2023-10-30,2024-02-01,15.49,HOME,DECORATING,Quarterly - 04 Issues
700976,33976,Title SIP,SIP,2024-03-18,2024-06-20,15.49,HEALTH & FITNESS,PHYSICAL FITNESS,Quarterly - 04 Issues
683136,64453,Everyday Bloom,Weeklies,2024-04-01,2024-04-18,6.99,WOMENS,EVERYDAY LIVING,Bi-Weekly - 26 Issues
573913,33549,Echo of Fame,Weeklies,2023-04-03,2023-04-17,8.49,ENTERTAINMENT,CELEBRITY PROFILE,Weekly - 52 Issues
679297,41303,Title SIP,SIP,2023-11-06,2024-02-08,16.490000000000002,ENTERTAINMENT,CELEBRITY PROFILE,Quarterly - 04 Issues
578443,9415,Title SIP,SIP,2023-05-01,2023-08-03,15.49,ENTERTAINMENT,CELEBRITY PROFILE,Quarterly - 04 Issues
677334,33980,Title SIP,SIP,2023-10-16,2024-01-18,15.49,HOME,DECORATING,Quarterly - 04 Issues
579409,9381,Title SIP,SIP,2023-05-15,2023-08-17,15.49,ENTERTAINMENT,MUSIC,Quarterly - 04 Issues
666214,33954,Title SIP,SIP,2023-10-02,2024-01-04,11.49,HOBBY,ACTIVITY / COLORING,Quarterly - 04 Issues
673702,64464,Title SIP,SIP,2023-10-30,2024-02-01,15.49,FOOD,EVERYDAY EATING,Semi-Annual - 02 Issue
668518,9421,Title SIP,SIP,2023-11-20,2024-02-22,15.49,ENTERTAINMENT,CELEBRITY PROFILE,Quarterly - 04 Issues
566355,33990,Title SIP,SIP,2023-03-13,2023-06-15,15.49,ENTERTAINMENT,MOVIE / TELEVISION,Quarterly - 04 Issues
565995,41250,Title SIP,SIP,2023-02-27,2023-06-01,14.49,HOME,GARDEN,Quarterly - 04 Issues
583231,64449,Simply Woman,Weeklies,2023-05-15,2023-06-01,4.99,WOMENS,EVERYDAY LIVING,Weekly - 52 Issues
585845,64803,Simply Woman,Weeklies,2023-06-05,2023-06-22,4.99,WOMENS,EVERYDAY LIVING,Weekly - 52 Issues
565045,9412,Title SIP,SIP,2023-02-20,2023-05-25,15.49,ENTERTAINMENT,MOVIE / TELEVISION,Quarterly - 04 Issues
677821,33986,Title SIP,SIP,2023-12-11,2024-03-14,15.49,HOBBY,VIDEO GAMES,Semi-Annual - 02 Issue
653231,67392,Everyday Bloom,Weeklies,2023-08-28,2023-09-21,5.99,WOMENS,EVERYDAY LIVING,Monthly - 12 Issues
652873,67343,Title SIP,SIP,2023-09-04,2023-12-07,9.49,PUZZLES,SUDOKU,Quarterly - 04 Issues
643956,57549,Echo of Fame,Weeklies,2023-07-31,2023-08-14,8.49,ENTERTAINMENT,TRIBUTE,Bi-Weekly - 26 Issues
660648,9292,Title SIP,SIP,2023-07-31,2023-11-02,15.49,FOOD,EVERYDAY EATING,Quarterly - 04 Issues
578754,64449,Simply Woman,Weeklies,2023-05-01,2023-05-18,4.99,WOMENS,EVERYDAY LIVING,Weekly - 52 Issues
645127,64803,Simply Woman,Weeklies,2023-08-28,2023-09-14,4.99,WOMENS,EVERYDAY LIVING,Weekly - 52 Issues
663005,64803,Simply Woman,Weeklies,2023-10-23,2023-11-09,4.99,WOMENS,EVERYDAY LIVING,Weekly - 52 Issues
704939,64449,Simply Woman,Weeklies,2024-03-04,2024-03-21,4.99,WOMENS,EVERYDAY LIVING,Weekly - 52 Issues
678910,67326,Title SIP,SIP,2023-12-25,2024-03-28,15.49,ENTERTAINMENT,MUSIC,Semi-Annual - 02 Issue
702670,41318,Title SIP,SIP,2024-04-15,2024-07-18,15.49,AUTOMOTIVE,CONTEMPORARY CARS,Quarterly - 04 Issues
707381,58005,Spotlight Lives,Weeklies,2024-04-08,2024-04-22,8.49,ENTERTAINMENT,CELEBRITY PROFILE,Weekly - 52 Issues
576584,9379,Title SIP,SIP,2023-04-24,2023-07-27,15.49,FOOD,EVERYDAY EATING,Quarterly - 04 Issues
672814,41241,Title SIP,SIP,2023-11-20,2024-02-22,14.49,HOBBY,VIDEO GAMES,Quarterly - 04 Issues
563695,67392,Everyday Bloom,Weeklies,2023-03-13,2023-04-06,5.99,WOMENS,EVERYDAY LIVING,Monthly - 12 Issues
672100,33601,Spotlight Lives,Weeklies,2023-10-30,2023-11-13,8.49,ENTERTAINMENT,CELEBRITY PROFILE,Bi-Weekly - 26 Issues
680145,67340,Title SIP,SIP,2023-12-04,2024-03-07,8.49,PUZZLES,WORD SEEK,Quarterly - 04 Issues
555737,64192,Title SIP,SIP,2023-01-02,2023-04-06,11.45,HOBBY,ACTIVITY / COLORING,Monthly - 12 Issues
693546,9389,Title SIP,SIP,2024-04-22,2024-07-25,15.49,NEWS & FINANCE,NEWS & CURRENT EVENTS,Quarterly - 04 Issues
712474,9389,Title SIP,SIP,2024-04-22,2024-07-25,15.49,NEWS & FINANCE,NEWS & CURRENT EVENTS,Quarterly - 04 Issues
715543,33976,Title SIP,SIP,2024-04-29,2024-06-20,15.49,HEALTH & FITNESS,PHYSICAL FITNESS,Quarterly - 04 Issues
706197,33988,Title SIP,SIP,2024-04-29,2024-08-01,15.49,HOME,DECORATING,Quarterly - 04 Issues
679610,41096,Title SIP,SIP,2023-12-18,2024-03-21,15.49,HEALTH & FITNESS,PHYSICAL FITNESS,Quarterly - 04 Issues
710710,58006,Starline Stories,Weeklies,2024-05-13,2024-05-27,9.49,ENTERTAINMENT,CELEBRITY PROFILE,Weekly - 52 Issues
719623,33549,Echo of Fame,Weeklies,2024-04-15,2024-04-29,8.49,ENTERTAINMENT,CELEBRITY PROFILE,Weekly - 52 Issues
697129,9424,Title SIP,SIP,2024-02-05,2024-05-09,15.49,HEALTH & FITNESS,WELLNESS/EMOTIONAL HEALTH,Quarterly - 04 Issues
650576,57607,Starline Stories,Weeklies,2023-06-19,2023-07-03,8.49,ENTERTAINMENT,CELEBRITY PROFILE,Bi-Weekly - 26 Issues
678008,67309,Title SIP,SIP,2024-02-12,2024-05-16,15.49,ENTERTAINMENT,MOVIE / TELEVISION,Quarterly - 04 Issues
693600,57984,Fame & Faces,Weeklies,2024-03-04,2024-03-18,8.49,ENTERTAINMENT,CELEBRITY PROFILE,Weekly - 52 Issues
722604,64453,Everyday Bloom,Weeklies,2024-06-17,2024-07-04,6.99,WOMENS,EVERYDAY LIVING,Bi-Weekly - 26 Issues
709844,67370,Title SIP,SIP,2024-03-25,2024-06-27,15.49,ENTERTAINMENT,TRIBUTE,Quarterly - 04 Issues
641296,64836,Simply Woman,Weeklies,2023-07-10,2023-07-27,5.99,WOMENS,EVERYDAY LIVING,Weekly - 52 Issues
580223,33973,Title SIP,SIP,2023-06-05,2023-09-07,15.49,ENTERTAINMENT,MOVIE / TELEVISION,Quarterly - 04 Issues
578071,67315,Title SIP,SIP,2023-05-08,2023-08-10,15.49,ENTERTAINMENT,MOVIE / TELEVISION,Semi-Annual - 02 Issue
685369,9409,Title SIP,SIP,2023-11-27,2024-02-29,15.49,ENTERTAINMENT,CELEBRITY PROFILE,Quarterly - 04 Issues
704002,57607,Starline Stories,Weeklies,2024-04-08,2024-04-22,8.49,ENTERTAINMENT,CELEBRITY PROFILE,Bi-Weekly - 26 Issues
556168,67306,Title SIP,SIP,2023-01-16,2023-04-20,15.49,ENTERTAINMENT,CELEBRITY PROFILE,Quarterly - 04 Issues
560025,41303,Title SIP,SIP,2023-02-06,2023-05-11,16.490000000000002,HOME,BUILDING,Quarterly - 04 Issues
577136,57983,Fame & Faces,Weeklies,2023-05-08,2023-05-22,8.49,ENTERTAINMENT,CELEBRITY PROFILE,Bi-Weekly - 26 Issues
555708,64803,Simply Woman,Weeklies,2023-01-02,2023-01-19,4.99,WOMENS,EVERYDAY LIVING,Weekly - 52 Issues
656505,57549,Echo of Fame,Weeklies,2023-06-19,2023-07-03,8.49,ENTERTAINMENT,TRIBUTE,Bi-Weekly - 26 Issues
685351,9416,Title SIP,SIP,2024-01-15,2024-04-18,15.49,NEWS & FINANCE,FINANCE,Quarterly - 04 Issues
680371,67299,Title SIP,SIP,2024-01-01,2024-04-04,15.49,HOBBY,VIDEO GAMES,Semi-Annual - 02 Issue
683391,64469,Title SIP,SIP,2024-01-15,2024-04-18,15.49,SPORT,FOOTBALL,Quarterly - 04 Issues
682663,67305,Title SIP,SIP,2024-01-08,2024-04-11,15.49,ENTERTAINMENT,CELEBRITY PROFILE,Quarterly - 04 Issues
721736,9302,Title SIP,SIP,2024-06-03,2024-09-05,15.49,FOOD,EVERYDAY EATING,Quarterly - 04 Issues
673302,33965,Title SIP,SIP,2023-09-18,2023-12-21,15.49,ENTERTAINMENT,CELEBRITY PROFILE,Semi-Annual - 02 Issue
656811,57983,Fame & Faces,Weeklies,2023-08-07,2023-08-21,8.49,ENTERTAINMENT,CELEBRITY PROFILE,Bi-Weekly - 26 Issues
657990,57601,Spotlight Lives,Weeklies,2023-08-14,2023-08-28,8.49,ENTERTAINMENT,CELEBRITY PROFILE,Bi-Weekly - 26 Issues
667275,67313,Title SIP,SIP,2023-10-30,2024-02-01,9.49,PUZZLES,SUDOKU,Semi-Annual - 02 Issue
573619,67299,Title SIP,SIP,2023-03-20,2023-05-04,14.49,CRAFTS,VARIETY,Semi-Annual - 02 Issue
569019,34015,Title SIP,SIP,2023-04-10,2023-07-13,15.49,HUMAN CULTURE,TRAVEL,Quarterly - 04 Issues
670136,33549,Echo of Fame,Weeklies,2023-10-30,2023-11-13,8.49,ENTERTAINMENT,CELEBRITY PROFILE,Weekly - 52 Issues
573943,64449,Simply Woman,Weeklies,2023-04-03,2023-04-20,4.99,WOMENS,EVERYDAY LIVING,Weekly - 52 Issues
566876,33601,Spotlight Lives,Weeklies,2023-03-06,2023-03-20,8.49,ENTERTAINMENT,CELEBRITY PROFILE,Bi-Weekly - 26 Issues
693075,33981,Title SIP,SIP,2024-04-01,2024-07-04,15.49,HOME,DECORATING,Quarterly - 04 Issues
704963,57983,Fame & Faces,Weeklies,2024-06-17,2024-07-01,8.49,ENTERTAINMENT,CELEBRITY PROFILE,Bi-Weekly - 26 Issues
721914,33549,Echo of Fame,Weeklies,2024-06-10,2024-06-24,8.49,ENTERTAINMENT,CELEBRITY PROFILE,Weekly - 52 Issues
571364,33959,Title SIP,SIP,2023-04-03,2023-07-06,11.49,HOBBY,ACTIVITY / COLORING,Quarterly - 04 Issues
711254,33549,Echo of Fame,Weeklies,2024-05-27,2024-06-10,8.49,ENTERTAINMENT,CELEBRITY PROFILE,Weekly - 52 Issues
701266,33549,Echo of Fame,Weeklies,2024-02-05,2024-02-19,8.49,ENTERTAINMENT,CELEBRITY PROFILE,Weekly - 52 Issues
716628,9384,Title SIP,SIP,2024-04-15,2024-07-18,14.49,FOOD,EVERYDAY EATING,Quarterly - 04 Issues
726899,64451,Everyday Bloom,Weeklies,2024-06-24,2024-07-11,5.99,WOMENS,EVERYDAY LIVING,Monthly - 12 Issues
675140,33959,Title SIP,SIP,2024-02-26,2024-05-30,11.49,HOBBY,ACTIVITY / COLORING,Quarterly - 04 Issues
715900,67319,Title SIP,SIP,2024-05-06,2024-08-08,15.49,ENTERTAINMENT,CELEBRITY PROFILE,Semi-Annual - 02 Issue
647737,64836,Simply Woman,Weeklies,2023-07-24,2023-08-10,5.99,WOMENS,EVERYDAY LIVING,Weekly - 52 Issues
575721,9417,Title SIP,SIP,2023-05-08,2023-08-10,15.49,ENTERTAINMENT,CELEBRITY PROFILE,Quarterly - 04 Issues
573673,9379,Title SIP,SIP,2023-04-24,2023-07-27,15.49,FOOD,EVERYDAY EATING,Quarterly - 04 Issues
562431,64802,Title SIP,SIP,2023-03-06,2023-06-08,15.49,PUZZLES,FILL-IN,Quarterly - 04 Issues
655710,34004,Title SIP,SIP,2023-07-24,2023-10-26,15.49,HEALTH & FITNESS,WELLNESS/EMOTIONAL HEALTH,Quarterly - 04 Issues
638479,34013,Title SIP,SIP,2023-07-31,2023-11-02,15.49,ENTERTAINMENT,MOVIE / TELEVISION,Quarterly - 04 Issues
645869,41155,Title SIP,SIP,2023-07-24,2023-10-26,14.49,SPORT,FOOTBALL,Quarterly - 04 Issues
674320,58005,Spotlight Lives,Weeklies,2023-10-30,2023-11-13,8.49,ENTERTAINMENT,CELEBRITY PROFILE,Weekly - 52 Issues
585305,33583,Fame & Faces,Weeklies,2023-05-29,2023-06-12,8.49,ENTERTAINMENT,CELEBRITY PROFILE,Bi-Weekly - 26 Issues
653855,67306,Title SIP,SIP,2023-10-02,2024-01-04,15.49,FOOD,EVERYDAY EATING,Quarterly - 04 Issues
662184,9382,Title SIP,SIP,2023-10-30,2024-02-01,15.49,HEALTH & FITNESS,MINDFULNESS,Quarterly - 04 Issues
683274,34018,Title SIP,SIP,2023-11-27,2024-02-29,15.49,ENTERTAINMENT,CELEBRITY PROFILE,Quarterly - 04 Issues
634388,67324,Title SIP,SIP,2023-07-24,2023-10-26,15.49,SPORT,FOOTBALL,Semi-Annual - 02 Issue
559798,33969,Title SIP,SIP,2023-02-06,2023-05-11,15.49,ENTERTAINMENT,MUSIC,Quarterly - 04 Issues
571315,57601,Spotlight Lives,Weeklies,2023-03-27,2023-04-10,8.49,ENTERTAINMENT,CELEBRITY PROFILE,Bi-Weekly - 26 Issues
657166,57607,Starline Stories,Weeklies,2023-06-05,2023-06-19,8.49,ENTERTAINMENT,CELEBRITY PROFILE,Bi-Weekly - 26 Issues
708432,41246,Title SIP,SIP,2024-05-13,2024-08-15,15.49,HEALTH & FITNESS,WELLNESS/EMOTIONAL HEALTH,Quarterly - 04 Issues
708646,67341,Title SIP,SIP,2024-03-11,2024-06-13,8.49,PUZZLES,SUDOKU,Quarterly - 04 Issues
648802,64451,Everyday Bloom,Weeklies,2023-08-07,2023-08-31,5.99,WOMENS,EVERYDAY LIVING,Monthly - 12 Issues
581270,57983,Fame & Faces,Weeklies,2023-04-24,2023-05-08,8.49,ENTERTAINMENT,CELEBRITY PROFILE,Bi-Weekly - 26 Issues
578233,57983,Fame & Faces,Weeklies,2023-05-08,2023-05-22,8.49,ENTERTAINMENT,CELEBRITY PROFILE,Bi-Weekly - 26 Issues
648519,64802,Title SIP,SIP,2023-08-14,2023-11-16,15.49,HUMAN CULTURE,MYSTERY/SCI-FI,Quarterly - 04 Issues
570457,64449,Simply Woman,Weeklies,2023-03-20,2023-04-06,4.99,WOMENS,EVERYDAY LIVING,Weekly - 52 Issues
656827,57983,Fame & Faces,Weeklies,2023-10-23,2023-11-06,8.49,ENTERTAINMENT,CELEBRITY PROFILE,Bi-Weekly - 26 Issues
676309,57607,Starline Stories,Weeklies,2023-09-25,2023-10-09,8.49,ENTERTAINMENT,CELEBRITY PROFILE,Bi-Weekly - 26 Issues
653041,33607,Starline Stories,Weeklies,2023-08-07,2023-08-21,8.49,ENTERTAINMENT,CELEBRITY PROFILE,Bi-Weekly - 26 Issues
677404,33958,Title SIP,SIP,2024-02-12,2024-05-16,11.49,HOBBY,ACTIVITY / COLORING,Quarterly - 04 Issues
685344,64467,Title SIP,SIP,2024-02-12,2024-05-16,16.490000000000002,HUMAN CULTURE,RELIGION,Semi-Annual - 02 Issue
680849,67304,Title SIP,SIP,2024-01-01,2024-04-04,15.49,ENTERTAINMENT,CELEBRITY PROFILE,Quarterly - 04 Issues
681341,9424,Title SIP,SIP,2023-12-25,2024-03-28,15.49,HEALTH & FITNESS,WELLNESS/EMOTIONAL HEALTH,Quarterly - 04 Issues
685599,33583,Fame & Faces,Weeklies,2024-01-08,2024-01-22,8.49,ENTERTAINMENT,CELEBRITY PROFILE,Bi-Weekly - 26 Issues
714865,34004,Title SIP,SIP,2024-03-11,2024-06-13,15.49,HUMAN CULTURE,RELIGION,Quarterly - 04 Issues
682490,33963,Title SIP,SIP,2024-01-01,2024-04-04,11.49,HOBBY,ACTIVITY / COLORING,Quarterly - 04 Issues
741642,64453,Everyday Bloom,Weeklies,2024-05-13,2024-05-30,7.99,WOMENS,EVERYDAY LIVING,Bi-Weekly - 26 Issues
720341,33995,Title SIP,SIP,2024-05-27,2024-08-29,16.490000000000002,SPORT,FOOTBALL,Semi-Annual - 02 Issue
689526,33549,Echo of Fame,Weeklies,2024-03-18,2024-04-01,8.49,ENTERTAINMENT,CELEBRITY PROFILE,Weekly - 52 Issues
676446,67312,Title SIP,SIP,2024-02-05,2024-05-09,9.49,PUZZLES,XWORD,Semi-Annual - 02 Issue
670929,41250,Title SIP,SIP,2024-01-29,2024-05-02,14.49,OUTDOORS,SURVIVAL,Quarterly - 04 Issues
579248,67318,Title SIP,SIP,2023-06-05,2023-09-07,15.49,FAMILY,CHILDREN,Semi-Annual - 02 Issue
647649,34017,Title SIP,SIP,2023-08-07,2023-11-09,15.49,ENTERTAINMENT,MUSIC,Quarterly - 04 Issues
662832,64476,Title SIP,SIP,2023-10-23,2024-01-25,14.49,ENTERTAINMENT,TRIBUTE,Quarterly - 04 Issues
587872,9387,Title SIP,SIP,2023-06-12,2023-09-14,15.49,ENTERTAINMENT,MUSIC,Quarterly - 04 Issues
651181,9296,Title SIP,SIP,2023-08-14,2023-11-16,15.49,HUMAN CULTURE,TRAVEL,Quarterly - 04 Issues
654791,33974,Title SIP,SIP,2023-08-14,2023-11-16,15.49,HOBBY,VIDEO GAMES,Quarterly - 04 Issues
664052,33998,Title SIP,SIP,2023-11-06,2024-02-08,15.49,HUMAN CULTURE,RELIGION,Quarterly - 04 Issues
666237,64466,Title SIP,SIP,2023-10-30,2024-02-01,15.49,PUZZLES,VARIETY,Semi-Annual - 02 Issue
669485,33986,Title SIP,SIP,2023-12-11,2024-03-14,15.49,HOBBY,VIDEO GAMES,Semi-Annual - 02 Issue
571650,41299,Title SIP,SIP,2023-03-20,2023-06-22,14.49,ENTERTAINMENT,MUSIC,Quarterly - 04 Issues
652690,34002,Title SIP,SIP,2023-07-17,2023-10-19,15.49,HUMAN CULTURE,TRAVEL,Semi-Annual - 02 Issue
561917,64803,Simply Woman,Weeklies,2023-01-30,2023-02-16,4.99,WOMENS,EVERYDAY LIVING,Weekly - 52 Issues
662027,57983,Fame & Faces,Weeklies,2023-07-17,2023-07-31,8.49,ENTERTAINMENT,CELEBRITY PROFILE,Bi-Weekly - 26 Issues
647229,64449,Simply Woman,Weeklies,2023-07-24,2023-08-10,4.99,WOMENS,EVERYDAY LIVING,Weekly - 52 Issues
568032,57983,Fame & Faces,Weeklies,2023-02-27,2023-03-13,8.49,ENTERTAINMENT,CELEBRITY PROFILE,Bi-Weekly - 26 Issues
581853,33549,Echo of Fame,Weeklies,2023-05-15,2023-05-29,8.49,ENTERTAINMENT,CELEBRITY PROFILE,Weekly - 52 Issues
712093,67392,Everyday Bloom,Weeklies,2024-06-17,2024-07-04,5.99,WOMENS,EVERYDAY LIVING,Monthly - 12 Issues
680783,33549,Echo of Fame,Weeklies,2024-02-05,2024-02-19,8.49,ENTERTAINMENT,CELEBRITY PROFILE,Weekly - 52 Issues
674900,67328,Title SIP,SIP,2024-02-26,2024-05-30,15.49,ENTERTAINMENT,CELEBRITY PROFILE,Semi-Annual - 02 Issue
685449,41301,Title SIP,SIP,2024-01-22,2024-04-25,16.490000000000002,SPORT,FOOTBALL,Quarterly - 04 Issues
652664,33607,Starline Stories,Weeklies,2023-06-12,2023-06-26,8.49,ENTERTAINMENT,CELEBRITY PROFILE,Bi-Weekly - 26 Issues
664858,33985,Title SIP,SIP,2023-10-16,2024-01-18,15.49,FOOD,EVERYDAY EATING,Quarterly - 04 Issues
565553,33999,Title SIP,SIP,2023-03-13,2023-06-15,15.49,ENTERTAINMENT,MOVIE / TELEVISION,Quarterly - 04 Issues
653589,33601,Spotlight Lives,Weeklies,2023-08-21,2023-09-04,8.49,ENTERTAINMENT,CELEBRITY PROFILE,Bi-Weekly - 26 Issues
633377,33549,Echo of Fame,Weeklies,2023-06-26,2023-07-10,8.49,ENTERTAINMENT,CELEBRITY PROFILE,Weekly - 52 Issues
670774,64461,Title SIP,SIP,2023-11-13,2024-02-15,8.49,PUZZLES,SUDOKU,Quarterly - 04 Issues
654505,64460,Title SIP,SIP,2023-08-07,2023-11-09,9.49,PUZZLES,VARIETY,Quarterly - 04 Issues
555688,41156,Title SIP,SIP,2023-01-16,2023-04-20,14.49,HOME,DECORATING,Quarterly - 04 Issues
648960,34006,Title SIP,SIP,2023-07-24,2023-10-26,15.49,ENTERTAINMENT,MUSIC,Quarterly - 04 Issues
560735,41245,Title SIP,SIP,2023-02-06,2023-05-11,14.49,ENTERTAINMENT,MUSIC,Quarterly - 04 Issues
704493,33987,Title SIP,SIP,2024-05-27,2024-08-29,16.490000000000002,SPORT,FOOTBALL,Semi-Annual - 02 Issue
648789,33583,Fame & Faces,Weeklies,2023-07-24,2023-08-07,8.49,ENTERTAINMENT,CELEBRITY PROFILE,Bi-Weekly - 26 Issues
689540,57774,Title SIP,SIP,2024-03-25,2024-06-27,14.49,OUTDOORS,SURVIVAL,Quarterly - 04 Issues
716530,64453,Everyday Bloom,Weeklies,2024-06-10,2024-06-27,6.99,WOMENS,EVERYDAY LIVING,Bi-Weekly - 26 Issues
573406,33549,Echo of Fame,Weeklies,2023-04-03,2023-04-17,8.49,ENTERTAINMENT,CELEBRITY PROFILE,Weekly - 52 Issues
667403,67328,Title SIP,SIP,2023-10-23,2024-01-25,16.490000000000002,ENTERTAINMENT,CELEBRITY PROFILE,Semi-Annual - 02 Issue
669556,67309,Title SIP,SIP,2023-10-23,2024-01-25,15.49,ENTERTAINMENT,MOVIE / TELEVISION,Quarterly - 04 Issues
663095,41316,Title SIP,SIP,2023-12-04,2024-03-07,14.49,HOBBY,VIDEO GAMES,Quarterly - 04 Issues
671055,33961,Title SIP,SIP,2023-11-13,2024-02-15,11.49,HOBBY,ACTIVITY / COLORING,Quarterly - 04 Issues
582268,57984,Fame & Faces,Weeklies,2023-04-24,2023-05-08,8.49,ENTERTAINMENT,CELEBRITY PROFILE,Weekly - 52 Issues
664225,41151,Title SIP,SIP,2023-09-18,2023-12-21,15.49,HUMAN CULTURE,MYSTERY/SCI-FI,Quarterly - 04 Issues
651061,34019,Title SIP,SIP,2023-08-14,2023-11-16,15.49,HUMAN CULTURE,TRAVEL,Quarterly - 04 Issues
564838,33549,Echo of Fame,Weeklies,2023-02-20,2023-03-06,8.49,ENTERTAINMENT,CELEBRITY PROFILE,Weekly - 52 Issues
660286,33959,Title SIP,SIP,2023-07-10,2023-10-12,11.49,HOBBY,ACTIVITY / COLORING,Quarterly - 04 Issues
655299,57549,Echo of Fame,Weeklies,2023-08-28,2023-09-11,8.49,ENTERTAINMENT,TRIBUTE,Bi-Weekly - 26 Issues
562287,57549,Echo of Fame,Weeklies,2023-01-02,2023-01-16,8.49,ENTERTAINMENT,TRIBUTE,Bi-Weekly - 26 Issues
584861,67310,Title SIP,SIP,2023-06-12,2023-09-14,9.49,PUZZLES,VARIETY,Semi-Annual - 02 Issue
632357,9423,Title SIP,SIP,2023-07-03,2023-10-05,15.49,ENTERTAINMENT,MOVIE / TELEVISION,Quarterly - 04 Issues
557326,41155,Title SIP,SIP,2023-01-16,2023-04-20,14.49,FOOD,EVERYDAY EATING,Quarterly - 04 Issues
676541,34000,Title SIP,SIP,2023-12-04,2024-03-07,15.49,ENTERTAINMENT,MOVIE / TELEVISION,Semi-Annual - 02 Issue
663907,33964,Title SIP,SIP,2023-12-04,2024-03-07,21.49,ENTERTAINMENT,MUSIC,Quarterly - 04 Issues
573845,41095,Title SIP,SIP,2023-05-08,2023-08-10,15.49,HUMAN CULTURE,MYSTERY/SCI-FI,Quarterly - 04 Issues
664973,57983,Fame & Faces,Weeklies,2023-09-11,2023-09-25,8.49,ENTERTAINMENT,CELEBRITY PROFILE,Bi-Weekly - 26 Issues
654309,57983,Fame & Faces,Weeklies,2023-08-28,2023-09-11,8.49,ENTERTAINMENT,CELEBRITY PROFILE,Bi-Weekly - 26 Issues
639788,41318,Title SIP,SIP,2023-07-24,2023-10-26,14.49,HOBBY,VIDEO GAMES,Quarterly - 04 Issues
659093,33549,Echo of Fame,Weeklies,2023-08-07,2023-08-21,8.49,ENTERTAINMENT,CELEBRITY PROFILE,Weekly - 52 Issues
675523,33607,Starline Stories,Weeklies,2023-10-30,2023-11-13,8.49,ENTERTAINMENT,CELEBRITY PROFILE,Bi-Weekly - 26 Issues
562899,57601,Spotlight Lives,Weeklies,2023-02-13,2023-02-27,8.49,ENTERTAINMENT,CELEBRITY PROFILE,Bi-Weekly - 26 Issues
570734,64454,Title SIP,SIP,2023-03-27,2023-06-29,8.49,PUZZLES,XWORD,Quarterly - 04 Issues
699621,33549,Echo of Fame,Weeklies,2024-03-04,2024-03-18,8.49,ENTERTAINMENT,CELEBRITY PROFILE,Weekly - 52 Issues
714774,58005,Spotlight Lives,Weeklies,2024-04-15,2024-04-29,8.49,ENTERTAINMENT,CELEBRITY PROFILE,Weekly - 52 Issues
719021,33965,Title SIP,SIP,2024-05-27,2024-08-29,16.490000000000002,SPORT,FOOTBALL,Semi-Annual - 02 Issue
683797,33607,Starline Stories,Weeklies,2024-01-08,2024-01-22,8.49,ENTERTAINMENT,CELEBRITY PROFILE,Bi-Weekly - 26 Issues
680036,41152,Title SIP,SIP,2023-12-25,2024-03-28,15.49,HOME,DECORATING,Quarterly - 04 Issues
677601,57607,Starline Stories,Weeklies,2023-12-18,2024-01-01,8.49,ENTERTAINMENT,CELEBRITY PROFILE,Bi-Weekly - 26 Issues
688463,9307,Title SIP,SIP,2024-03-04,2024-06-06,15.49,ENTERTAINMENT,MUSIC,Quarterly - 04 Issues
669845,9298,Title SIP,SIP,2023-12-11,2024-03-14,15.49,PUZZLES,FILL-IN,Quarterly - 04 Issues
669523,33967,Title SIP,SIP,2023-09-25,2023-12-28,15.49,FOOD,EVERYDAY EATING,Quarterly - 04 Issues
693937,9299,Title SIP,SIP,2024-03-11,2024-06-13,15.49,ENTERTAINMENT,MUSIC,Quarterly - 04 Issues
711734,58005,Spotlight Lives,Weeklies,2024-05-27,2024-06-10,8.49,ENTERTAINMENT,CELEBRITY PROFILE,Weekly - 52 Issues
698625,9379,Title SIP,SIP,2024-02-26,2024-05-30,15.49,ENTERTAINMENT,MUSIC,Quarterly - 04 Issues
645195,33996,Title SIP,SIP,2023-07-10,2023-10-12,15.49,LIFESTYLE,SOCIAL,Quarterly - 04 Issues
564502,57983,Fame & Faces,Weeklies,2023-01-30,2023-02-13,8.49,ENTERTAINMENT,CELEBRITY PROFILE,Bi-Weekly - 26 Issues
572403,57607,Starline Stories,Weeklies,2023-04-10,2023-04-24,8.49,ENTERTAINMENT,CELEBRITY PROFILE,Bi-Weekly - 26 Issues
641672,33989,Title SIP,SIP,2023-07-03,2023-10-05,15.49,HOME,DECORATING,Quarterly - 04 Issues
654280,67305,Title SIP,SIP,2023-08-28,2023-11-30,15.49,ENTERTAINMENT,TRIBUTE,Quarterly - 04 Issues
658869,33979,Title SIP,SIP,2023-10-09,2024-01-11,15.49,ENTERTAINMENT,TRIBUTE,Quarterly - 04 Issues
584323,64468,Title SIP,SIP,2023-06-12,2023-09-14,14.49,LIFESTYLE,SOCIAL,Quarterly - 04 Issues
666458,34014,Title SIP,SIP,2023-12-11,2024-03-14,15.49,ENTERTAINMENT,MUSIC,Quarterly - 04 Issues
660542,67315,Title SIP,SIP,2023-10-16,2024-01-18,15.49,FOOD,EVERYDAY EATING,Semi-Annual - 02 Issue
659357,67370,Title SIP,SIP,2023-11-13,2024-02-15,15.49,HUMAN CULTURE,RELIGION,Quarterly - 04 Issues
650611,33997,Title SIP,SIP,2023-07-17,2023-10-19,15.49,HUMAN CULTURE,MYSTERY/SCI-FI,Quarterly - 04 Issues
566961,9413,Title SIP,SIP,2023-03-20,2023-06-22,15.49,HEALTH & FITNESS,WELLNESS/EMOTIONAL HEALTH,Quarterly - 04 Issues
661569,64471,Title SIP,SIP,2023-11-06,2024-02-08,15.49,SPORT,BASKETBALL,Semi-Annual - 02 Issue
670827,57610,Title SIP,SIP,2023-10-30,2024-01-01,7.49,ENTERTAINMENT,TRIBUTE,Quarterly - 04 Issues
654577,34000,Title SIP,SIP,2023-09-04,2023-12-07,15.49,FOOD,HEALTHY EATING,Semi-Annual - 02 Issue
679432,33964,Title SIP,SIP,2023-12-04,2024-03-07,19.49,ENTERTAINMENT,MUSIC,Quarterly - 04 Issues
663613,67319,Title SIP,SIP,2023-11-20,2024-02-22,15.49,HUMAN CULTURE,CALENDAR,Semi-Annual - 02 Issue
674755,33601,Spotlight Lives,Weeklies,2023-11-27,2023-12-11,8.49,ENTERTAINMENT,CELEBRITY PROFILE,Bi-Weekly - 26 Issues
556470,64194,Title SIP,SIP,2023-01-09,2023-04-13,14.49,HOME,DECORATING,Monthly - 12 Issues
645576,57984,Fame & Faces,Weeklies,2023-08-21,2023-09-04,8.49,ENTERTAINMENT,CELEBRITY PROFILE,Weekly - 52 Issues
568211,57983,Fame & Faces,Weeklies,2023-02-27,2023-03-13,8.49,ENTERTAINMENT,CELEBRITY PROFILE,Bi-Weekly - 26 Issues
668101,64461,Title SIP,SIP,2023-11-13,2024-02-15,8.49,PUZZLES,SUDOKU,Quarterly - 04 Issues
701216,9380,Title SIP,SIP,2024-03-18,2024-06-20,15.49,ENTERTAINMENT,MUSIC,Quarterly - 04 Issues
677890,9291,Title SIP,SIP,2023-12-18,2024-03-21,15.49,ENTERTAINMENT,MOVIE / TELEVISION,Quarterly - 04 Issues
721847,33981,Title SIP,SIP,2024-04-01,2024-07-04,15.49,HOME,DECORATING,Quarterly - 04 Issues
684591,33607,Starline Stories,Weeklies,2023-12-25,2024-01-08,8.49,ENTERTAINMENT,CELEBRITY PROFILE,Bi-Weekly - 26 Issues
676369,33973,Title SIP,SIP,2023-10-02,2024-01-04,15.49,HOBBY,VIDEO GAMES,Quarterly - 04 Issues
576638,64832,Title SIP,SIP,2023-05-22,2023-08-24,8.49,HOME,DECORATING,Quarterly - 04 Issues
571450,57983,Fame & Faces,Weeklies,2023-03-13,2023-03-27,8.49,ENTERTAINMENT,CELEBRITY PROFILE,Bi-Weekly - 26 Issues
672284,33607,Starline Stories,Weeklies,2023-10-02,2023-10-16,8.49,ENTERTAINMENT,CELEBRITY PROFILE,Bi-Weekly - 26 Issues
656589,67310,Title SIP,SIP,2023-10-02,2024-01-04,8.49,PUZZLES,WORD SEEK,Semi-Annual - 02 Issue
558293,9290,Title SIP,SIP,2023-02-06,2023-05-11,15.49,HUMAN CULTURE,TRAVEL,Quarterly - 04 Issues
675238,9290,Title SIP,SIP,2023-12-18,2024-03-21,15.49,HUMAN CULTURE,MYSTERY/SCI-FI,Quarterly - 04 Issues
707818,67302,Title SIP,SIP,2024-05-20,2024-08-22,15.49,ENTERTAINMENT,MOVIE / TELEVISION,Semi-Annual - 02 Issue
703628,33601,Spotlight Lives,Weeklies,2024-05-13,2024-05-27,8.49,ENTERTAINMENT,CELEBRITY PROFILE,Bi-Weekly - 26 Issues
710577,41246,Title SIP,SIP,2024-05-13,2024-08-15,15.49,HEALTH & FITNESS,WELLNESS/EMOTIONAL HEALTH,Quarterly - 04 Issues
703899,64449,Simply Woman,Weeklies,2024-02-19,2024-03-07,4.99,WOMENS,EVERYDAY LIVING,Weekly - 52 Issues
679550,9290,Title SIP,SIP,2023-12-18,2024-03-21,15.49,HUMAN CULTURE,MYSTERY/SCI-FI,Quarterly - 04 Issues
682931,33983,Title SIP,SIP,2024-01-29,2024-05-02,15.49,HOME,GARDEN,Quarterly - 04 Issues
693092,67316,Title SIP,SIP,2024-03-04,2024-06-06,15.49,ENTERTAINMENT,MOVIE / TELEVISION,Semi-Annual - 02 Issue
682608,33982,Title SIP,SIP,2023-10-30,2024-02-01,15.49,LIFESTYLE,SOCIAL,Quarterly - 04 Issues
700380,33549,Echo of Fame,Weeklies,2024-04-15,2024-04-29,8.49,ENTERTAINMENT,CELEBRITY PROFILE,Weekly - 52 Issues
692461,33549,Echo of Fame,Weeklies,2024-02-19,2024-03-04,8.49,ENTERTAINMENT,CELEBRITY PROFILE,Weekly - 52 Issues
562530,57549,Echo of Fame,Weeklies,2023-01-02,2023-01-16,8.49,ENTERTAINMENT,TRIBUTE,Bi-Weekly - 26 Issues
556408,33967,Title SIP,SIP,2023-01-23,2023-04-27,15.49,HEALTH & FITNESS,WELLNESS/EMOTIONAL HEALTH,Quarterly - 04 Issues
560694,57601,Spotlight Lives,Weeklies,2023-01-30,2023-02-13,8.49,ENTERTAINMENT,CELEBRITY PROFILE,Bi-Weekly - 26 Issues
579446,57607,Starline Stories,Weeklies,2023-04-10,2023-04-24,8.49,ENTERTAINMENT,CELEBRITY PROFILE,Bi-Weekly - 26 Issues
559204,9412,Title SIP,SIP,2023-02-20,2023-05-25,15.49,ENTERTAINMENT,MOVIE / TELEVISION,Quarterly - 04 Issues
557943,64478,Title SIP,SIP,2023-02-06,2023-05-11,15.49,ENTERTAINMENT,CELEBRITY PROFILE,Quarterly - 04 Issues
661495,41099,Title SIP,SIP,2023-09-11,2023-12-14,15.49,SPORT,OTHER SPORTS,Quarterly - 04 Issues
657551,9416,Title SIP,SIP,2023-10-09,2024-01-11,15.49,FOOD,EVERYDAY EATING,Quarterly - 04 Issues
680985,33607,Starline Stories,Weeklies,2023-11-13,2023-11-27,8.49,ENTERTAINMENT,CELEBRITY PROFILE,Bi-Weekly - 26 Issues
554046,67328,Title SIP,SIP,2023-01-09,2023-04-13,15.49,ENTERTAINMENT,MUSIC,Semi-Annual - 02 Issue
666219,64799,Title SIP,SIP,2023-11-06,2024-02-08,15.49,HUMAN CULTURE,MYSTERY/SCI-FI,Quarterly - 04 Issues
674295,34021,Title SIP,SIP,2023-12-04,2024-03-07,15.49,HUMAN CULTURE,HISTORY,Quarterly - 04 Issues
577520,57984,Fame & Faces,Weeklies,2023-05-01,2023-05-15,8.49,ENTERTAINMENT,CELEBRITY PROFILE,Weekly - 52 Issues
575257,41312,Title SIP,SIP,2023-05-01,2023-08-03,16.490000000000002,OUTDOORS,SURVIVAL,Quarterly - 04 Issues
650354,57549,Echo of Fame,Weeklies,2023-08-14,2023-08-28,8.49,ENTERTAINMENT,TRIBUTE,Bi-Weekly - 26 Issues
646590,57983,Fame & Faces,Weeklies,2023-06-05,2023-06-19,8.49,ENTERTAINMENT,CELEBRITY PROFILE,Bi-Weekly - 26 Issues
659861,57601,Spotlight Lives,Weeklies,2023-08-28,2023-09-11,8.49,ENTERTAINMENT,CELEBRITY PROFILE,Bi-Weekly - 26 Issues
656957,64473,Title SIP,SIP,2023-11-13,2024-02-15,15.49,ENTERTAINMENT,MUSIC,Semi-Annual - 02 Issue
654804,33583,Fame & Faces,Weeklies,2023-09-18,2023-10-02,8.49,ENTERTAINMENT,CELEBRITY PROFILE,Bi-Weekly - 26 Issues
584211,33955,Title SIP,SIP,2023-06-05,2023-09-07,11.49,PUZZLES,LOGIC,Quarterly - 04 Issues
578177,34011,Title SIP,SIP,2023-05-01,2023-08-03,15.49,FOOD,HEALTHY EATING,Quarterly - 04 Issues
645689,33983,Title SIP,SIP,2023-06-26,2023-09-28,15.49,ENTERTAINMENT,MUSIC,Quarterly - 04 Issues
556981,64803,Simply Woman,Weeklies,2023-01-16,2023-02-02,4.99,WOMENS,EVERYDAY LIVING,Weekly - 52 Issues
583642,9383,Title SIP,SIP,2023-05-29,2023-08-31,15.49,HEALTH & FITNESS,WELLNESS/EMOTIONAL HEALTH,Quarterly - 04 Issues
656986,9422,Title SIP,SIP,2023-06-19,2023-09-21,15.49,FOOD,HEALTHY EATING,Quarterly - 04 Issues
662513,33549,Echo of Fame,Weeklies,2023-08-21,2023-09-04,8.49,ENTERTAINMENT,CELEBRITY PROFILE,Weekly - 52 Issues
560356,67342,Title SIP,SIP,2023-01-16,2023-04-20,8.49,PUZZLES,WORD SEEK,Quarterly - 04 Issues
678780,57601,Spotlight Lives,Weeklies,2024-01-29,2024-02-12,8.49,ENTERTAINMENT,CELEBRITY PROFILE,Bi-Weekly - 26 Issues
665418,64467,Title SIP,SIP,2024-02-12,2024-05-16,16.490000000000002,HUMAN CULTURE,RELIGION,Semi-Annual - 02 Issue
712514,57601,Spotlight Lives,Weeklies,2024-06-03,2024-06-17,8.49,ENTERTAINMENT,CELEBRITY PROFILE,Bi-Weekly - 26 Issues
717627,58005,Spotlight Lives,Weeklies,2024-05-20,2024-06-03,8.49,ENTERTAINMENT,CELEBRITY PROFILE,Weekly - 52 Issues
714883,34021,Title SIP,SIP,2024-04-15,2024-07-18,15.49,FOOD,EVERYDAY EATING,Quarterly - 04 Issues
688584,9306,Title SIP,SIP,2024-02-26,2024-05-30,15.49,ENTERTAINMENT,MUSIC,Quarterly - 04 Issues
720586,41149,Title SIP,SIP,2024-04-29,2024-08-01,15.49,ENTERTAINMENT,CELEBRITY PROFILE,Quarterly - 04 Issues
695575,58006,Starline Stories,Weeklies,2024-03-18,2024-04-01,9.49,ENTERTAINMENT,CELEBRITY PROFILE,Weekly - 52 Issues
707392,57984,Fame & Faces,Weeklies,2024-04-08,2024-04-22,8.49,ENTERTAINMENT,CELEBRITY PROFILE,Weekly - 52 Issues
697928,58005,Spotlight Lives,Weeklies,2024-04-01,2024-04-15,8.49,ENTERTAINMENT,CELEBRITY PROFILE,Weekly - 52 Issues
671334,67345,Title SIP,SIP,2023-09-25,2023-12-28,8.49,PUZZLES,WORD SEEK,Quarterly - 04 Issues
677451,64803,Simply Woman,Weeklies,2023-12-04,2023-12-21,4.99,WOMENS,EVERYDAY LIVING,Weekly - 52 Issues
568889,33989,Title SIP,SIP,2023-02-27,2023-06-01,15.49,ENTERTAINMENT,MUSIC,Quarterly - 04 Issues
573195,9427,Title SIP,SIP,2023-05-08,2023-08-10,15.49,LIFESTYLE,SOCIAL,Quarterly - 04 Issues
643393,57549,Echo of Fame,Weeklies,2023-07-03,2023-07-17,8.49,ENTERTAINMENT,TRIBUTE,Bi-Weekly - 26 Issues
629358,67309,Title SIP,SIP,2023-05-29,2023-08-31,15.49,FOOD,HEALTHY EATING,Quarterly - 04 Issues
572038,67373,Title SIP,SIP,2023-04-17,2023-07-20,15.49,FOOD,EVERYDAY EATING,Quarterly - 04 Issues
577671,9416,Title SIP,SIP,2023-05-01,2023-08-03,15.49,ENTERTAINMENT,CELEBRITY PROFILE,Quarterly - 04 Issues
654051,41241,Title SIP,SIP,2023-08-14,2023-11-16,14.49,HOME,DECORATING,Quarterly - 04 Issues
656565,57983,Fame & Faces,Weeklies,2023-06-19,2023-07-03,8.49,ENTERTAINMENT,CELEBRITY PROFILE,Bi-Weekly - 26 Issues
643456,41155,Title SIP,SIP,2023-07-24,2023-10-26,14.49,SPORT,FOOTBALL,Quarterly - 04 Issues
679542,41309,Title SIP,SIP,2023-09-11,2023-12-14,16.490000000000002,ENTERTAINMENT,MUSIC,Quarterly - 04 Issues
638648,41092,Title SIP,SIP,2023-08-07,2023-11-09,15.49,ENTERTAINMENT,TRIBUTE,Quarterly - 04 Issues
670696,9421,Title SIP,SIP,2023-11-20,2024-02-22,15.49,ENTERTAINMENT,CELEBRITY PROFILE,Quarterly - 04 Issues
554200,64424,Title SIP,SIP,2023-01-02,2023-04-06,14.49,NEWS & FINANCE,FINANCE,Quarterly - 04 Issues
567236,9303,Title SIP,SIP,2023-03-27,2023-06-29,15.49,FAMILY,CHILDREN,Quarterly - 04 Issues
651379,33607,Starline Stories,Weeklies,2023-09-04,2023-09-18,8.49,ENTERTAINMENT,CELEBRITY PROFILE,Bi-Weekly - 26 Issues
563523,67312,Title SIP,SIP,2023-03-13,2023-06-15,8.49,PUZZLES,WORD SEEK,Semi-Annual - 02 Issue
576684,41090,Title SIP,SIP,2023-05-01,2023-08-03,15.49,ENTERTAINMENT,CELEBRITY PROFILE,Quarterly - 04 Issues
668018,33967,Title SIP,SIP,2023-12-25,2024-03-28,15.49,HOME,DECORATING,Quarterly - 04 Issues
699366,57983,Fame & Faces,Weeklies,2024-05-06,2024-05-20,8.49,ENTERTAINMENT,CELEBRITY PROFILE,Bi-Weekly - 26 Issues
679815,67374,Title SIP,SIP,2024-01-29,2024-05-02,15.49,ENTERTAINMENT,MOVIE / TELEVISION,Quarterly - 04 Issues
670747,58005,Spotlight Lives,Weeklies,2023-12-25,2024-01-08,8.49,ENTERTAINMENT,CELEBRITY PROFILE,Weekly - 52 Issues
649205,64449,Simply Woman,Weeklies,2023-08-07,2023-08-24,4.99,WOMENS,EVERYDAY LIVING,Weekly - 52 Issues
555082,64242,Title SIP,SIP,2023-01-02,2023-04-06,15.49,ENTERTAINMENT,MOVIE / TELEVISION,Monthly - 12 Issues
561116,64451,Everyday Bloom,Weeklies,2023-02-20,2023-03-16,5.99,WOMENS,EVERYDAY LIVING,Monthly - 12 Issues
655804,33968,Title SIP,SIP,2023-09-25,2023-12-28,15.49,ENTERTAINMENT,MOVIE / TELEVISION,Quarterly - 04 Issues
585521,33956,Title SIP,SIP,2023-06-19,2023-09-21,11.49,PUZZLES,LOGIC,Quarterly - 04 Issues
670821,9428,Title SIP,SIP,2023-11-13,2024-02-15,15.49,AUTOMOTIVE,HIGH PERFORMANCE,Quarterly - 04 Issues
557133,33965,Title SIP,SIP,2023-01-23,2023-04-27,15.49,HOBBY,COLLECTOR/MINIATURES,Semi-Annual - 02 Issue
639513,33995,Title SIP,SIP,2023-07-10,2023-10-12,15.49,HOBBY,COMICS,Semi-Annual - 02 Issue
677834,41247,Title SIP,SIP,2024-02-19,2024-05-23,14.49,HOBBY,VIDEO GAMES,Quarterly - 04 Issues
691743,64454,Title SIP,SIP,2024-05-20,2024-08-22,9.49,PUZZLES,WORD SEEK,Quarterly - 04 Issues
701267,67315,Title SIP,SIP,2024-02-19,2024-05-23,15.49,PUZZLES,FILL-IN,Semi-Annual - 02 Issue
690546,67322,Title SIP,SIP,2024-04-08,2024-07-11,15.49,ENTERTAINMENT,MOVIE / TELEVISION,Semi-Annual - 02 Issue
714034,34023,Title SIP,SIP,2024-04-29,2024-08-01,15.49,FOOD,SPIRITS,Quarterly - 04 Issues
635483,64836,Simply Woman,Weeklies,2023-06-19,2023-07-06,5.99,WOMENS,EVERYDAY LIVING,Weekly - 52 Issues
707772,67319,Title SIP,SIP,2024-05-06,2024-08-08,15.49,ENTERTAINMENT,CELEBRITY PROFILE,Semi-Annual - 02 Issue
660742,9306,Title SIP,SIP,2023-09-25,2023-12-28,15.49,ENTERTAINMENT,MOVIE / TELEVISION,Quarterly - 04 Issues
560454,64467,Title SIP,SIP,2023-02-20,2023-05-25,16.490000000000002,HUMAN CULTURE,RELIGION,Semi-Annual - 02 Issue
564687,57607,Starline Stories,Weeklies,2023-01-30,2023-02-13,8.49,ENTERTAINMENT,CELEBRITY PROFILE,Bi-Weekly - 26 Issues
575104,64451,Everyday Bloom,Weeklies,2023-05-15,2023-06-08,5.99,WOMENS,EVERYDAY LIVING,Monthly - 12 Issues
587606,57549,Echo of Fame,Weeklies,2023-05-22,2023-06-05,8.49,ENTERTAINMENT,TRIBUTE,Bi-Weekly - 26 Issues
569274,33607,Starline Stories,Weeklies,2023-03-20,2023-04-03,8.49,ENTERTAINMENT,CELEBRITY PROFILE,Bi-Weekly - 26 Issues
574118,9417,Title SIP,SIP,2023-05-08,2023-08-10,15.49,ENTERTAINMENT,CELEBRITY PROFILE,Quarterly - 04 Issues
554278,33514,Title SIP,SIP,2023-01-09,2023-04-13,16.490000000000002,FOOD,EVERYDAY EATING,Bi-Monthly - 06 Issues
565106,57983,Fame & Faces,Weeklies,2023-01-16,2023-01-30,8.49,ENTERTAINMENT,CELEBRITY PROFILE,Bi-Weekly - 26 Issues
566482,64836,Simply Woman,Weeklies,2023-02-13,2023-03-02,5.99,WOMENS,EVERYDAY LIVING,Weekly - 52 Issues
663432,57601,Spotlight Lives,Weeklies,2023-10-09,2023-10-23,8.49,ENTERTAINMENT,CELEBRITY PROFILE,Bi-Weekly - 26 Issues
659636,33549,Echo of Fame,Weeklies,2023-08-21,2023-09-04,8.49,ENTERTAINMENT,CELEBRITY PROFILE,Weekly - 52 Issues
656899,64454,Title SIP,SIP,2023-11-06,2024-02-08,8.49,PUZZLES,XWORD,Quarterly - 04 Issues
681280,67325,Title SIP,SIP,2024-01-08,2024-04-11,15.49,ENTERTAINMENT,MUSIC,Semi-Annual - 02 Issue
685809,67314,Title SIP,SIP,2024-03-11,2024-06-13,15.49,SPORT,OTHER SPORTS,Semi-Annual - 02 Issue
670031,34000,Title SIP,SIP,2023-12-04,2024-03-07,15.49,ENTERTAINMENT,MOVIE / TELEVISION,Semi-Annual - 02 Issue
669225,57549,Echo of Fame,Weeklies,2023-09-11,2023-09-25,8.49,ENTERTAINMENT,TRIBUTE,Bi-Weekly - 26 Issues
714165,33601,Spotlight Lives,Weeklies,2024-02-19,2024-03-04,8.49,ENTERTAINMENT,CELEBRITY PROFILE,Bi-Weekly - 26 Issues
676255,64802,Title SIP,SIP,2024-01-01,2024-04-04,15.49,ENTERTAINMENT,MOVIE / TELEVISION,Quarterly - 04 Issues
710373,57549,Echo of Fame,Weeklies,2024-05-06,2024-05-20,8.49,ENTERTAINMENT,TRIBUTE,Bi-Weekly - 26 Issues
712119,64453,Everyday Bloom,Weeklies,2024-04-08,2024-04-25,6.99,WOMENS,EVERYDAY LIVING,Bi-Weekly - 26 Issues
720883,57984,Fame & Faces,Weeklies,2024-04-22,2024-05-06,8.49,ENTERTAINMENT,CELEBRITY PROFILE,Weekly - 52 Issues
707264,41311,Title SIP,SIP,2024-02-12,2024-05-16,16.490000000000002,SPORT,FOOTBALL,Quarterly - 04 Issues
558572,64453,Everyday Bloom,Weeklies,2023-01-30,2023-02-23,6.99,WOMENS,EVERYDAY LIVING,Bi-Weekly - 26 Issues
578946,41247,Title SIP,SIP,2023-05-29,2023-08-31,14.49,HOME,DECORATING,Quarterly - 04 Issues
573695,33950,Title SIP,SIP,2023-04-24,2023-07-27,11.49,HOBBY,ACTIVITY / COLORING,Quarterly - 04 Issues
562903,57549,Echo of Fame,Weeklies,2023-01-30,2023-02-13,8.49,ENTERTAINMENT,TRIBUTE,Bi-Weekly - 26 Issues
578375,64451,Everyday Bloom,Weeklies,2023-05-15,2023-06-08,5.99,WOMENS,EVERYDAY LIVING,Monthly - 12 Issues
570447,9413,Title SIP,SIP,2023-03-20,2023-06-22,15.49,HEALTH & FITNESS,WELLNESS/EMOTIONAL HEALTH,Quarterly - 04 Issues
650123,41096,Title SIP,SIP,2023-09-11,2023-12-14,15.49,ENTERTAINMENT,MOVIE / TELEVISION,Quarterly - 04 Issues
655530,9289,Title SIP,SIP,2023-07-24,2023-10-26,15.49,ENTERTAINMENT,MUSIC,Quarterly - 04 Issues
678085,64460,Title SIP,SIP,2023-11-27,2024-02-29,9.49,PUZZLES,WORD SEEK,Quarterly - 04 Issues
674874,9415,Title SIP,SIP,2023-10-09,2024-01-11,15.49,HUMAN CULTURE,HISTORY,Quarterly - 04 Issues
662730,67310,Title SIP,SIP,2023-10-02,2024-01-04,8.49,PUZZLES,WORD SEEK,Semi-Annual - 02 Issue
670587,64451,Everyday Bloom,Weeklies,2023-10-30,2023-11-23,5.99,WOMENS,EVERYDAY LIVING,Monthly - 12 Issues
574773,41240,Title SIP,SIP,2023-05-01,2023-08-03,14.49,HOBBY,VIDEO GAMES,Quarterly - 04 Issues
667969,67325,Title SIP,SIP,2023-08-28,2023-11-30,15.49,FOOD,EVERYDAY EATING,Semi-Annual - 02 Issue
645925,67314,Title SIP,SIP,2023-07-17,2023-10-19,15.49,FAMILY,PETS,Semi-Annual - 02 Issue
553611,67301,Title SIP,SIP,2023-01-09,2023-04-13,15.49,WOMENS,EVERYDAY LIVING,Quarterly - 04 Issues
672412,64799,Title SIP,SIP,2023-11-06,2024-02-08,15.49,HUMAN CULTURE,MYSTERY/SCI-FI,Quarterly - 04 Issues
677250,57607,Starline Stories,Weeklies,2023-12-04,2023-12-18,8.49,ENTERTAINMENT,CELEBRITY PROFILE,Bi-Weekly - 26 Issues
573316,33962,Title SIP,SIP,2023-04-17,2023-07-20,11.49,PUZZLES,LOGIC,Quarterly - 04 Issues
671487,57607,Starline Stories,Weeklies,2023-10-09,2023-10-23,8.49,ENTERTAINMENT,CELEBRITY PROFILE,Bi-Weekly - 26 Issues
566447,33601,Spotlight Lives,Weeklies,2023-02-20,2023-03-06,8.49,ENTERTAINMENT,CELEBRITY PROFILE,Bi-Weekly - 26 Issues
584792,57607,Starline Stories,Weeklies,2023-05-22,2023-06-05,8.49,ENTERTAINMENT,CELEBRITY PROFILE,Bi-Weekly - 26 Issues
582974,67311,Title SIP,SIP,2023-06-19,2023-09-21,8.49,PUZZLES,XWORD,Semi-Annual - 02 Issue
725811,67323,Title SIP,SIP,2024-06-03,2024-09-05,15.49,HOBBY,VIDEO GAMES,Semi-Annual - 02 Issue
680429,41154,Title SIP,SIP,2024-01-01,2024-04-04,15.49,HEALTH & FITNESS,WELLNESS/EMOTIONAL HEALTH,Quarterly - 04 Issues
675453,33985,Title SIP,SIP,2024-01-29,2024-05-02,15.49,HOME,GARDEN,Quarterly - 04 Issues
663799,34013,Title SIP,SIP,2023-11-20,2024-02-22,15.49,HEALTH & FITNESS,WELLNESS/EMOTIONAL HEALTH,Quarterly - 04 Issues
673483,33583,Fame & Faces,Weeklies,2023-10-16,2023-10-30,8.49,ENTERTAINMENT,CELEBRITY PROFILE,Bi-Weekly - 26 Issues
659737,33607,Starline Stories,Weeklies,2023-09-18,2023-10-02,8.49,ENTERTAINMENT,CELEBRITY PROFILE,Bi-Weekly - 26 Issues
585315,33977,Title SIP,SIP,2023-06-12,2023-09-14,15.49,ENTERTAINMENT,CELEBRITY PROFILE,Quarterly - 04 Issues
668052,9420,Title SIP,SIP,2023-11-06,2024-02-08,15.49,ENTERTAINMENT,MUSIC,Quarterly - 04 Issues
561381,33601,Spotlight Lives,Weeklies,2023-01-23,2023-02-06,8.49,ENTERTAINMENT,CELEBRITY PROFILE,Bi-Weekly - 26 Issues
567713,64461,Title SIP,SIP,2023-04-03,2023-07-06,8.49,PUZZLES,SUDOKU,Quarterly - 04 Issues
660027,67344,Title SIP,SIP,2023-09-18,2023-12-21,8.49,PUZZLES,SUDOKU,Quarterly - 04 Issues
699357,9426,Title SIP,SIP,2024-04-01,2024-07-04,15.49,HOBBY,ANIMAL,Quarterly - 04 Issues
713120,57601,Spotlight Lives,Weeklies,2024-06-17,2024-07-01,8.49,ENTERTAINMENT,CELEBRITY PROFILE,Bi-Weekly - 26 Issues
688910,67310,Title SIP,SIP,2024-01-15,2024-04-18,8.49,PUZZLES,WORD SEEK,Semi-Annual - 02 Issue
707453,33958,Title SIP,SIP,2024-05-13,2024-08-15,11.49,HOBBY,ACTIVITY / COLORING,Quarterly - 04 Issues
721534,33583,Fame & Faces,Weeklies,2024-05-27,2024-06-10,8.49,ENTERTAINMENT,CELEBRITY PROFILE,Bi-Weekly - 26 Issues
719989,57607,Starline Stories,Weeklies,2024-02-26,2024-03-11,8.49,ENTERTAINMENT,CELEBRITY PROFILE,Bi-Weekly - 26 Issues
697549,64449,Simply Woman,Weeklies,2024-01-22,2024-02-08,4.99,WOMENS,EVERYDAY LIVING,Weekly - 52 Issues
698543,64453,Everyday Bloom,Weeklies,2024-04-29,2024-05-16,6.99,WOMENS,EVERYDAY LIVING,Bi-Weekly - 26 Issues
701465,57601,Spotlight Lives,Weeklies,2024-03-25,2024-04-08,8.49,ENTERTAINMENT,CELEBRITY PROFILE,Bi-Weekly - 26 Issues
683604,67374,Title SIP,SIP,2024-01-29,2024-05-02,15.49,ENTERTAINMENT,MOVIE / TELEVISION,Quarterly - 04 Issues
570798,67372,Title SIP,SIP,2023-04-03,2023-07-06,15.49,HOBBY,COLLECTOR/MINIATURES,Quarterly - 04 Issues
678049,64476,Title SIP,SIP,2023-10-23,2024-01-25,14.49,ENTERTAINMENT,TRIBUTE,Quarterly - 04 Issues
642129,41317,Title SIP,SIP,2023-07-17,2023-10-19,14.49,HOME,DECORATING,Quarterly - 04 Issues
657651,67325,Title SIP,SIP,2023-08-28,2023-11-30,15.49,FOOD,EVERYDAY EATING,Semi-Annual - 02 Issue
661333,57601,Spotlight Lives,Weeklies,2023-10-09,2023-10-23,8.49,ENTERTAINMENT,CELEBRITY PROFILE,Bi-Weekly - 26 Issues
666411,33985,Title SIP,SIP,2023-10-16,2024-01-18,15.49,FOOD,EVERYDAY EATING,Quarterly - 04 Issues
554098,67327,Title SIP,SIP,2023-01-09,2023-04-13,15.49,SPORT,COMMEMORATIVE,Semi-Annual - 02 Issue
274050,67309,Title SIP,SIP,2023-01-02,2023-04-06,15.49,ENTERTAINMENT,CELEBRITY PROFILE,Quarterly - 04 Issues
278852,67309,Title SIP,SIP,2023-01-02,2023-04-06,15.49,ENTERTAINMENT,CELEBRITY PROFILE,Quarterly - 04 Issues
581461,9382,Title SIP,SIP,2023-05-22,2023-08-24,15.49,ENTERTAINMENT,MOVIE / TELEVISION,Quarterly - 04 Issues
670572,34015,Title SIP,SIP,2023-11-20,2024-02-22,15.49,ENTERTAINMENT,CELEBRITY PROFILE,Quarterly - 04 Issues
642435,64803,Simply Woman,Weeklies,2023-06-19,2023-07-06,4.99,WOMENS,EVERYDAY LIVING,Weekly - 52 Issues
644940,41299,Title SIP,SIP,2023-06-26,2023-09-28,14.49,OUTDOORS,SURVIVAL,Quarterly - 04 Issues
555073,64195,Title SIP,SIP,2023-01-09,2023-04-13,14.49,OUTDOORS,SURVIVAL,Monthly - 12 Issues
574140,41155,Title SIP,SIP,2023-04-17,2023-07-20,14.49,HOME,DECORATING,Quarterly - 04 Issues
657076,33583,Fame & Faces,Weeklies,2023-09-18,2023-10-02,8.49,ENTERTAINMENT,CELEBRITY PROFILE,Bi-Weekly - 26 Issues
659273,33549,Echo of Fame,Weeklies,2023-08-07,2023-08-21,8.49,ENTERTAINMENT,CELEBRITY PROFILE,Weekly - 52 Issues
564067,57549,Echo of Fame,Weeklies,2023-02-27,2023-03-13,8.49,ENTERTAINMENT,TRIBUTE,Bi-Weekly - 26 Issues
564438,57983,Fame & Faces,Weeklies,2023-01-16,2023-01-30,8.49,ENTERTAINMENT,CELEBRITY PROFILE,Bi-Weekly - 26 Issues
567401,33982,Title SIP,SIP,2023-03-13,2023-06-15,15.49,ENTERTAINMENT,MOVIE / TELEVISION,Quarterly - 04 Issues
583047,41246,Title SIP,SIP,2023-05-15,2023-08-17,14.49,HOME,DECORATING,Quarterly - 04 Issues
564268,64449,Simply Woman,Weeklies,2023-02-06,2023-02-23,4.99,WOMENS,EVERYDAY LIVING,Weekly - 52 Issues
583535,64803,Simply Woman,Weeklies,2023-05-22,2023-06-08,4.99,WOMENS,EVERYDAY LIVING,Weekly - 52 Issues
695357,9293,Title SIP,SIP,2024-06-03,2024-09-05,16.490000000000002,ENTERTAINMENT,CELEBRITY PROFILE,Quarterly - 04 Issues
712013,9293,Title SIP,SIP,2024-06-03,2024-09-05,16.490000000000002,ENTERTAINMENT,CELEBRITY PROFILE,Quarterly - 04 Issues
679310,33962,Title SIP,SIP,2023-11-27,2024-02-29,11.49,HOBBY,ACTIVITY / COLORING,Quarterly - 04 Issues
675292,33601,Spotlight Lives,Weeklies,2023-10-30,2023-11-13,8.49,ENTERTAINMENT,CELEBRITY PROFILE,Bi-Weekly - 26 Issues
569335,33961,Title SIP,SIP,2023-04-10,2023-07-13,11.49,HOBBY,ACTIVITY / COLORING,Quarterly - 04 Issues
660359,9292,Title SIP,SIP,2023-07-31,2023-11-02,15.49,FOOD,EVERYDAY EATING,Quarterly - 04 Issues
647062,34011,Title SIP,SIP,2023-07-31,2023-11-02,15.49,ENTERTAINMENT,TRIBUTE,Quarterly - 04 Issues
666504,33549,Echo of Fame,Weeklies,2023-10-30,2023-11-13,8.49,ENTERTAINMENT,CELEBRITY PROFILE,Weekly - 52 Issues
663303,57549,Echo of Fame,Weeklies,2023-10-23,2023-11-06,8.49,ENTERTAINMENT,TRIBUTE,Bi-Weekly - 26 Issues
656088,33601,Spotlight Lives,Weeklies,2023-06-12,2023-06-26,8.49,ENTERTAINMENT,CELEBRITY PROFILE,Bi-Weekly - 26 Issues
255246,64451,Everyday Bloom,Weeklies,2023-01-09,2023-02-02,5.99,WOMENS,EVERYDAY LIVING,Monthly - 12 Issues
708753,64451,Everyday Bloom,Weeklies,2024-05-13,2024-05-30,6.99,WOMENS,EVERYDAY LIVING,Monthly - 12 Issues
726159,57549,Echo of Fame,Weeklies,2024-05-20,2024-06-03,8.49,ENTERTAINMENT,TRIBUTE,Bi-Weekly - 26 Issues
708154,57983,Fame & Faces,Weeklies,2024-03-25,2024-04-08,8.49,ENTERTAINMENT,CELEBRITY PROFILE,Bi-Weekly - 26 Issues
713493,33601,Spotlight Lives,Weeklies,2024-05-27,2024-06-10,8.49,ENTERTAINMENT,CELEBRITY PROFILE,Bi-Weekly - 26 Issues
702196,64449,Simply Woman,Weeklies,2024-04-01,2024-04-18,4.99,WOMENS,EVERYDAY LIVING,Weekly - 52 Issues
687324,33549,Echo of Fame,Weeklies,2024-02-05,2024-02-19,8.49,ENTERTAINMENT,CELEBRITY PROFILE,Weekly - 52 Issues
692949,64449,Simply Woman,Weeklies,2024-04-29,2024-05-16,4.99,WOMENS,EVERYDAY LIVING,Weekly - 52 Issues
705522,57983,Fame & Faces,Weeklies,2024-01-29,2024-02-12,8.49,ENTERTAINMENT,CELEBRITY PROFILE,Bi-Weekly - 26 Issues
716985,33549,Echo of Fame,Weeklies,2024-03-18,2024-04-01,8.49,ENTERTAINMENT,CELEBRITY PROFILE,Weekly - 52 Issues
694633,9381,Title SIP,SIP,2024-03-25,2024-06-27,15.49,ENTERTAINMENT,MUSIC,Quarterly - 04 Issues
686196,64449,Simply Woman,Weeklies,2024-04-15,2024-05-02,4.99,WOMENS,EVERYDAY LIVING,Weekly - 52 Issues
678806,64453,Everyday Bloom,Weeklies,2024-01-22,2024-02-12,6.99,WOMENS,EVERYDAY LIVING,Bi-Weekly - 26 Issues
651645,33984,Title SIP,SIP,2023-06-12,2023-09-14,15.49,FOOD,EVERYDAY EATING,Quarterly - 04 Issues
555320,64363,Title SIP,SIP,2023-01-02,2023-04-06,14.49,HOBBY,ACTIVITY / COLORING,Monthly - 12 Issues
680183,34011,Title SIP,SIP,2024-02-19,2024-05-23,15.49,HOME,DECORATING,Quarterly - 04 Issues
717108,9387,Title SIP,SIP,2024-04-08,2024-07-11,15.49,ENTERTAINMENT,TRIBUTE,Quarterly - 04 Issues
706644,58006,Starline Stories,Weeklies,2024-03-25,2024-04-08,9.49,ENTERTAINMENT,CELEBRITY PROFILE,Weekly - 52 Issues
651856,33974,Title SIP,SIP,2023-08-14,2023-11-16,15.49,HOBBY,VIDEO GAMES,Quarterly - 04 Issues
563758,64453,Everyday Bloom,Weeklies,2023-03-13,2023-04-06,6.99,WOMENS,EVERYDAY LIVING,Bi-Weekly - 26 Issues
667089,33549,Echo of Fame,Weeklies,2023-12-11,2023-12-25,8.49,ENTERTAINMENT,CELEBRITY PROFILE,Weekly - 52 Issues
557573,64478,Title SIP,SIP,2023-02-06,2023-05-11,15.49,ENTERTAINMENT,CELEBRITY PROFILE,Quarterly - 04 Issues
580065,33972,Title SIP,SIP,2023-06-05,2023-09-07,15.49,FOOD,EVERYDAY EATING,Quarterly - 04 Issues
556974,67324,Title SIP,SIP,2023-02-06,2023-05-11,15.49,ENTERTAINMENT,TRIBUTE,Semi-Annual - 02 Issue
651291,33997,Title SIP,SIP,2023-07-17,2023-10-19,15.49,HUMAN CULTURE,MYSTERY/SCI-FI,Quarterly - 04 Issues
676073,67392,Everyday Bloom,Weeklies,2023-12-11,2024-01-04,5.99,WOMENS,EVERYDAY LIVING,Monthly - 12 Issues
651974,67327,Title SIP,SIP,2023-09-11,2023-12-14,15.49,CRAFTS,VARIETY,Semi-Annual - 02 Issue
659332,34014,Title SIP,SIP,2023-07-31,2023-11-02,15.49,HOBBY,VIDEO GAMES,Quarterly - 04 Issues
660606,9414,Title SIP,SIP,2023-09-18,2023-12-21,15.49,HOME,DECORATING,Quarterly - 04 Issues
653368,41315,Title SIP,SIP,2023-07-10,2023-10-12,14.49,OUTDOORS,SURVIVAL,Quarterly - 04 Issues
562674,67304,Title SIP,SIP,2023-03-06,2023-06-08,15.49,ENTERTAINMENT,CELEBRITY PROFILE,Quarterly - 04 Issues
649091,67302,Title SIP,SIP,2023-07-10,2023-10-12,15.49,HUMAN CULTURE,TRAVEL,Semi-Annual - 02 Issue
663579,64451,Everyday Bloom,Weeklies,2023-10-30,2023-11-23,5.99,WOMENS,EVERYDAY LIVING,Monthly - 12 Issues
574256,41091,Title SIP,SIP,2023-04-17,2023-07-20,15.49,SPORT,BASKETBALL,Quarterly - 04 Issues
572090,9303,Title SIP,SIP,2023-03-27,2023-06-29,15.49,FAMILY,CHILDREN,Quarterly - 04 Issues
638376,33970,Title SIP,SIP,2023-07-03,2023-10-05,15.49,ENTERTAINMENT,MOVIE / TELEVISION,Quarterly - 04 Issues
633983,64457,Title SIP,SIP,2023-06-26,2023-09-28,8.49,PUZZLES,SUDOKU,Bi-Monthly - 06 Issues
655003,33549,Echo of Fame,Weeklies,2023-07-10,2023-07-24,8.49,ENTERTAINMENT,CELEBRITY PROFILE,Weekly - 52 Issues
705601,33583,Fame & Faces,Weeklies,2024-04-29,2024-05-13,8.49,ENTERTAINMENT,CELEBRITY PROFILE,Bi-Weekly - 26 Issues
707995,64453,Everyday Bloom,Weeklies,2024-06-17,2024-07-04,6.99,WOMENS,EVERYDAY LIVING,Bi-Weekly - 26 Issues
661624,33997,Title SIP,SIP,2023-11-06,2024-02-08,15.49,HOME,GARDEN,Quarterly - 04 Issues
673091,67314,Title SIP,SIP,2023-12-11,2024-03-14,15.49,HUMAN CULTURE,HISTORY,Semi-Annual - 02 Issue
571154,9304,Title SIP,SIP,2023-03-27,2023-06-29,15.49,HOME,DECORATING,Quarterly - 04 Issues
571879,33986,Title SIP,SIP,2023-04-24,2023-07-27,15.49,LIFESTYLE,SOCIAL,Semi-Annual - 02 Issue
569501,57774,Title SIP,SIP,2023-04-03,2023-07-06,14.49,HOME,GARDEN,Quarterly - 04 Issues
560516,33549,Echo of Fame,Weeklies,2023-01-23,2023-02-06,8.49,ENTERTAINMENT,CELEBRITY PROFILE,Weekly - 52 Issues
654971,9425,Title SIP,SIP,2023-09-04,2023-12-07,15.49,FOOD,SPIRITS,Quarterly - 04 Issues
653427,57607,Starline Stories,Weeklies,2023-07-31,2023-08-14,8.49,ENTERTAINMENT,CELEBRITY PROFILE,Bi-Weekly - 26 Issues
579844,64449,Simply Woman,Weeklies,2023-05-15,2023-06-01,4.99,WOMENS,EVERYDAY LIVING,Weekly - 52 Issues
665523,64455,Title SIP,SIP,2023-11-20,2024-02-22,8.49,PUZZLES,WORD SEEK,Quarterly - 04 Issues
651452,67342,Title SIP,SIP,2023-08-28,2023-11-30,8.49,PUZZLES,WORD SEEK,Quarterly - 04 Issues
577595,41240,Title SIP,SIP,2023-05-01,2023-08-03,14.49,HOBBY,VIDEO GAMES,Quarterly - 04 Issues
565167,57601,Spotlight Lives,Weeklies,2023-01-16,2023-01-30,8.49,ENTERTAINMENT,CELEBRITY PROFILE,Bi-Weekly - 26 Issues
554436,64242,Title SIP,SIP,2023-01-02,2023-04-06,15.49,ENTERTAINMENT,MOVIE / TELEVISION,Monthly - 12 Issues
665126,41315,Title SIP,SIP,2023-10-16,2024-01-18,14.49,OUTDOORS,SURVIVAL,Quarterly - 04 Issues
706857,64832,Title SIP,SIP,2024-05-06,2024-06-27,11.49,HOME,DECORATING,Quarterly - 04 Issues
707979,67343,Title SIP,SIP,2024-03-25,2024-06-27,9.49,PUZZLES,XWORD,Quarterly - 04 Issues
699603,57601,Spotlight Lives,Weeklies,2024-06-17,2024-07-01,8.49,ENTERTAINMENT,CELEBRITY PROFILE,Bi-Weekly - 26 Issues
725184,33583,Fame & Faces,Weeklies,2024-06-24,2024-07-08,8.49,ENTERTAINMENT,CELEBRITY PROFILE,Bi-Weekly - 26 Issues
698125,67373,Title SIP,SIP,2024-01-22,2024-04-25,15.49,ENTERTAINMENT,MOVIE / TELEVISION,Quarterly - 04 Issues
692103,57607,Starline Stories,Weeklies,2024-05-06,2024-05-20,8.49,ENTERTAINMENT,CELEBRITY PROFILE,Bi-Weekly - 26 Issues
707811,9307,Title SIP,SIP,2024-03-04,2024-06-06,15.49,ENTERTAINMENT,MUSIC,Quarterly - 04 Issues
702537,9384,Title SIP,SIP,2024-04-15,2024-07-18,14.49,FOOD,EVERYDAY EATING,Quarterly - 04 Issues
707491,41306,Title SIP,SIP,2024-04-08,2024-07-11,15.49,SPORT,FOOTBALL,Quarterly - 04 Issues
718225,57607,Starline Stories,Weeklies,2024-03-11,2024-03-25,8.49,ENTERTAINMENT,CELEBRITY PROFILE,Bi-Weekly - 26 Issues
687747,9305,Title SIP,SIP,2024-01-08,2024-04-11,15.49,ENTERTAINMENT,TRIBUTE,Quarterly - 04 Issues
672839,9306,Title SIP,SIP,2023-09-25,2023-12-28,15.49,ENTERTAINMENT,MOVIE / TELEVISION,Quarterly - 04 Issues
655792,57549,Echo of Fame,Weeklies,2023-07-03,2023-07-17,8.49,ENTERTAINMENT,TRIBUTE,Bi-Weekly - 26 Issues
675384,33607,Starline Stories,Weeklies,2023-12-11,2023-12-25,8.49,ENTERTAINMENT,CELEBRITY PROFILE,Bi-Weekly - 26 Issues
658890,33965,Title SIP,SIP,2023-09-18,2023-12-21,15.49,ENTERTAINMENT,CELEBRITY PROFILE,Semi-Annual - 02 Issue
582305,33973,Title SIP,SIP,2023-06-05,2023-09-07,15.49,ENTERTAINMENT,MOVIE / TELEVISION,Quarterly - 04 Issues
564596,33583,Fame & Faces,Weeklies,2023-02-20,2023-03-06,8.49,ENTERTAINMENT,CELEBRITY PROFILE,Bi-Weekly - 26 Issues
676979,41315,Title SIP,SIP,2023-10-16,2024-01-18,14.49,OUTDOORS,SURVIVAL,Quarterly - 04 Issues
579269,64451,Everyday Bloom,Weeklies,2023-05-15,2023-06-08,5.99,WOMENS,EVERYDAY LIVING,Monthly - 12 Issues
559780,33972,Title SIP,SIP,2023-02-06,2023-05-11,15.49,ENTERTAINMENT,MOVIE / TELEVISION,Quarterly - 04 Issues
558061,33953,Title SIP,SIP,2023-01-30,2023-05-04,11.49,PUZZLES,LOGIC,Quarterly - 04 Issues
668656,34010,Title SIP,SIP,2023-11-13,2024-02-15,15.49,ENTERTAINMENT,MOVIE / TELEVISION,Quarterly - 04 Issues
665020,64451,Everyday Bloom,Weeklies,2023-10-30,2023-11-23,5.99,WOMENS,EVERYDAY LIVING,Monthly - 12 Issues
641953,57549,Echo of Fame,Weeklies,2023-06-19,2023-07-03,8.49,ENTERTAINMENT,TRIBUTE,Bi-Weekly - 26 Issues
676890,57549,Echo of Fame,Weeklies,2023-12-04,2023-12-18,8.49,ENTERTAINMENT,TRIBUTE,Bi-Weekly - 26 Issues
721906,57607,Starline Stories,Weeklies,2024-04-22,2024-05-06,8.49,ENTERTAINMENT,CELEBRITY PROFILE,Bi-Weekly - 26 Issues
671724,9292,Title SIP,SIP,2023-12-18,2024-03-21,15.49,FOREIGN LANGUAGE,FOREIGN LANGUAGE,Quarterly - 04 Issues
569632,34012,Title SIP,SIP,2023-04-10,2023-07-13,15.49,ENTERTAINMENT,TRIBUTE,Quarterly - 04 Issues
659499,67311,Title SIP,SIP,2023-10-09,2024-01-11,8.49,PUZZLES,WORD SEEK,Semi-Annual - 02 Issue
578642,33953,Title SIP,SIP,2023-05-15,2023-08-17,11.49,HOBBY,ACTIVITY / COLORING,Quarterly - 04 Issues
685786,33607,Starline Stories,Weeklies,2023-11-27,2023-12-11,8.49,ENTERTAINMENT,CELEBRITY PROFILE,Bi-Weekly - 26 Issues
656125,57607,Starline Stories,Weeklies,2023-07-31,2023-08-14,8.49,ENTERTAINMENT,CELEBRITY PROFILE,Bi-Weekly - 26 Issues
674287,67313,Title SIP,SIP,2024-02-12,2024-05-16,9.49,PUZZLES,WORD SEEK,Semi-Annual - 02 Issue
707978,64803,Simply Woman,Weeklies,2024-06-03,2024-06-20,4.99,WOMENS,EVERYDAY LIVING,Weekly - 52 Issues
681470,41097,Title SIP,SIP,2023-12-25,2024-03-28,15.49,FOOD,HEALTHY EATING,Bi-Monthly - 06 Issues
678744,9295,Title SIP,SIP,2023-12-18,2024-03-21,15.49,HEALTH & FITNESS,WELLNESS/EMOTIONAL HEALTH,Quarterly - 04 Issues
710013,34016,Title SIP,SIP,2024-06-03,2024-09-05,15.49,SPORT,OTHER SPORTS,Quarterly - 04 Issues
691954,64476,Title SIP,SIP,2024-02-26,2024-05-30,14.49,ENTERTAINMENT,TRIBUTE,Quarterly - 04 Issues
701536,57549,Echo of Fame,Weeklies,2024-03-25,2024-04-08,8.49,ENTERTAINMENT,TRIBUTE,Bi-Weekly - 26 Issues
708331,67392,Everyday Bloom,Weeklies,2024-05-06,2024-05-23,5.99,WOMENS,EVERYDAY LIVING,Monthly - 12 Issues
711776,64832,Title SIP,SIP,2024-05-06,2024-06-27,11.49,HOME,DECORATING,Quarterly - 04 Issues
727779,64453,Everyday Bloom,Weeklies,2024-06-10,2024-06-27,6.99,WOMENS,EVERYDAY LIVING,Bi-Weekly - 26 Issues
686491,41315,Title SIP,SIP,2024-01-22,2024-04-25,15.49,OUTDOORS,SURVIVAL,Quarterly - 04 Issues
707780,33995,Title SIP,SIP,2024-05-27,2024-08-29,16.490000000000002,SPORT,FOOTBALL,Semi-Annual - 02 Issue
651903,33607,Starline Stories,Weeklies,2023-09-04,2023-09-18,8.49,ENTERTAINMENT,CELEBRITY PROFILE,Bi-Weekly - 26 Issues
714298,57983,Fame & Faces,Weeklies,2024-06-17,2024-07-01,8.49,ENTERTAINMENT,CELEBRITY PROFILE,Bi-Weekly - 26 Issues
703034,41241,Title SIP,SIP,2024-05-20,2024-08-22,16.490000000000002,HEALTH & FITNESS,WELLNESS/EMOTIONAL HEALTH,Quarterly - 04 Issues
633608,9411,Title SIP,SIP,2023-07-24,2023-10-26,15.49,SPORT,OTHER SPORTS,Quarterly - 04 Issues
561158,33583,Fame & Faces,Weeklies,2023-01-09,2023-01-23,8.49,ENTERTAINMENT,CELEBRITY PROFILE,Bi-Weekly - 26 Issues
576467,33583,Fame & Faces,Weeklies,2023-05-01,2023-05-15,8.49,ENTERTAINMENT,CELEBRITY PROFILE,Bi-Weekly - 26 Issues
556365,67323,Title SIP,SIP,2023-01-09,2023-04-13,16.490000000000002,SPORT,COMMEMORATIVE,Semi-Annual - 02 Issue
555101,67306,Title SIP,SIP,2023-01-16,2023-04-20,15.49,ENTERTAINMENT,CELEBRITY PROFILE,Quarterly - 04 Issues
668863,9308,Title SIP,SIP,2023-09-25,2023-12-28,15.49,PUZZLES,XWORD,Quarterly - 04 Issues
557569,41300,Title SIP,SIP,2023-01-30,2023-05-04,16.490000000000002,HUMAN CULTURE,HISTORY,Quarterly - 04 Issues
579186,33952,Title SIP,SIP,2023-05-15,2023-08-17,11.49,HOBBY,ACTIVITY / COLORING,Quarterly - 04 Issues
648244,9296,Title SIP,SIP,2023-08-14,2023-11-16,15.49,HUMAN CULTURE,TRAVEL,Quarterly - 04 Issues
670771,9420,Title SIP,SIP,2023-11-06,2024-02-08,15.49,ENTERTAINMENT,MUSIC,Quarterly - 04 Issues
571093,9414,Title SIP,SIP,2023-04-03,2023-07-06,15.49,FOOD,HEALTHY EATING,Quarterly - 04 Issues
658152,33953,Title SIP,SIP,2023-09-11,2023-12-14,11.49,HOBBY,ACTIVITY / COLORING,Quarterly - 04 Issues
651263,64451,Everyday Bloom,Weeklies,2023-09-18,2023-10-12,5.99,WOMENS,EVERYDAY LIVING,Monthly - 12 Issues
579800,33955,Title SIP,SIP,2023-06-05,2023-09-07,11.49,PUZZLES,LOGIC,Quarterly - 04 Issues
647500,33549,Echo of Fame,Weeklies,2023-06-26,2023-07-10,8.49,ENTERTAINMENT,CELEBRITY PROFILE,Weekly - 52 Issues
373068,64453,Everyday Bloom,Weeklies,2023-01-09,2023-02-02,6.99,WOMENS,EVERYDAY LIVING,Bi-Weekly - 26 Issues
680761,9418,Title SIP,SIP,2024-01-22,2024-04-25,15.49,WOMENS,EVERYDAY LIVING,Quarterly - 04 Issues
700418,67312,Title SIP,SIP,2024-05-06,2024-08-08,9.49,PUZZLES,WORD SEEK,Semi-Annual - 02 Issue
681220,41240,Title SIP,SIP,2024-01-08,2024-04-11,15.49,HEALTH & FITNESS,WELLNESS/EMOTIONAL HEALTH,Quarterly - 04 Issues
673623,67311,Title SIP,SIP,2024-01-22,2024-04-25,9.49,PUZZLES,SUDOKU,Semi-Annual - 02 Issue
691086,33962,Title SIP,SIP,2024-04-08,2024-07-11,11.49,HOBBY,ACTIVITY / COLORING,Quarterly - 04 Issues
689971,58006,Starline Stories,Weeklies,2024-02-05,2024-02-19,9.49,ENTERTAINMENT,CELEBRITY PROFILE,Weekly - 52 Issues
671832,67319,Title SIP,SIP,2023-11-20,2024-02-22,15.49,HUMAN CULTURE,CALENDAR,Semi-Annual - 02 Issue
585341,57607,Starline Stories,Weeklies,2023-05-22,2023-06-05,8.49,ENTERTAINMENT,CELEBRITY PROFILE,Bi-Weekly - 26 Issues
568979,57984,Fame & Faces,Weeklies,2023-03-13,2023-03-27,8.49,ENTERTAINMENT,CELEBRITY PROFILE,Weekly - 52 Issues
667711,64449,Simply Woman,Weeklies,2023-10-02,2023-10-19,4.99,WOMENS,EVERYDAY LIVING,Weekly - 52 Issues
582860,33601,Spotlight Lives,Weeklies,2023-05-29,2023-06-12,8.49,ENTERTAINMENT,CELEBRITY PROFILE,Bi-Weekly - 26 Issues
579530,41095,Title SIP,SIP,2023-05-08,2023-08-10,15.49,HUMAN CULTURE,MYSTERY/SCI-FI,Quarterly - 04 Issues
709982,33583,Fame & Faces,Weeklies,2024-06-10,2024-06-24,8.49,ENTERTAINMENT,CELEBRITY PROFILE,Bi-Weekly - 26 Issues
733602,33549,Echo of Fame,Weeklies,2024-04-01,2024-04-15,8.49,ENTERTAINMENT,CELEBRITY PROFILE,Weekly - 52 Issues
696432,34018,Title SIP,SIP,2024-03-11,2024-06-13,15.49,FOOD,EVERYDAY EATING,Quarterly - 04 Issues
715994,33607,Starline Stories,Weeklies,2024-06-24,2024-07-08,8.49,ENTERTAINMENT,CELEBRITY PROFILE,Bi-Weekly - 26 Issues
726524,33583,Fame & Faces,Weeklies,2024-06-10,2024-06-24,8.49,ENTERTAINMENT,CELEBRITY PROFILE,Bi-Weekly - 26 Issues
676867,33583,Fame & Faces,Weeklies,2024-02-05,2024-02-19,8.49,ENTERTAINMENT,CELEBRITY PROFILE,Bi-Weekly - 26 Issues
681454,67372,Title SIP,SIP,2024-01-15,2024-04-18,15.49,ENTERTAINMENT,MOVIE / TELEVISION,Quarterly - 04 Issues
690230,41315,Title SIP,SIP,2024-01-22,2024-04-25,15.49,OUTDOORS,SURVIVAL,Quarterly - 04 Issues
691299,9306,Title SIP,SIP,2024-02-26,2024-05-30,15.49,ENTERTAINMENT,MUSIC,Quarterly - 04 Issues
713576,64453,Everyday Bloom,Weeklies,2024-04-29,2024-05-16,6.99,WOMENS,EVERYDAY LIVING,Bi-Weekly - 26 Issues
684432,67308,Title SIP,SIP,2024-02-05,2024-05-09,15.49,ENTERTAINMENT,TRIBUTE,Quarterly - 04 Issues
701218,57607,Starline Stories,Weeklies,2024-04-08,2024-04-22,8.49,ENTERTAINMENT,CELEBRITY PROFILE,Bi-Weekly - 26 Issues
708981,64460,Title SIP,SIP,2024-06-03,2024-09-05,9.49,PUZZLES,XWORD,Quarterly - 04 Issues
648807,64836,Simply Woman,Weeklies,2023-07-17,2023-08-03,5.99,WOMENS,EVERYDAY LIVING,Weekly - 52 Issues
570699,64836,Simply Woman,Weeklies,2023-04-03,2023-04-20,5.99,WOMENS,EVERYDAY LIVING,Weekly - 52 Issues
637280,41317,Title SIP,SIP,2023-07-17,2023-10-19,14.49,HOME,DECORATING,Quarterly - 04 Issues
574061,33601,Spotlight Lives,Weeklies,2023-04-03,2023-04-17,8.49,ENTERTAINMENT,CELEBRITY PROFILE,Bi-Weekly - 26 Issues
672602,67328,Title SIP,SIP,2023-10-23,2024-01-25,16.490000000000002,ENTERTAINMENT,CELEBRITY PROFILE,Semi-Annual - 02 Issue
646463,64478,Title SIP,SIP,2023-07-31,2023-11-02,15.49,ENTERTAINMENT,MUSIC,Quarterly - 04 Issues
661800,33980,Title SIP,SIP,2023-10-16,2024-01-18,15.49,HOME,DECORATING,Quarterly - 04 Issues
636307,41315,Title SIP,SIP,2023-07-10,2023-10-12,14.49,OUTDOORS,SURVIVAL,Quarterly - 04 Issues
582740,33549,Echo of Fame,Weeklies,2023-05-29,2023-06-12,8.49,ENTERTAINMENT,CELEBRITY PROFILE,Weekly - 52 Issues
643744,67303,Title SIP,SIP,2023-05-29,2023-08-31,15.49,ENTERTAINMENT,CELEBRITY PROFILE,Quarterly - 04 Issues
659206,33982,Title SIP,SIP,2023-07-03,2023-10-05,15.49,ENTERTAINMENT,MUSIC,Quarterly - 04 Issues
658216,67317,Title SIP,SIP,2023-10-16,2024-01-18,15.49,ENTERTAINMENT,MUSIC,Semi-Annual - 02 Issue
584803,33979,Title SIP,SIP,2023-06-12,2023-09-14,15.49,FOOD,HEALTHY EATING,Quarterly - 04 Issues
567625,57601,Spotlight Lives,Weeklies,2023-02-27,2023-03-13,8.49,ENTERTAINMENT,CELEBRITY PROFILE,Bi-Weekly - 26 Issues
567045,33996,Title SIP,SIP,2023-03-06,2023-06-08,15.49,FOOD,HEALTHY EATING,Quarterly - 04 Issues
670372,41309,Title SIP,SIP,2023-09-11,2023-12-14,16.490000000000002,ENTERTAINMENT,MUSIC,Quarterly - 04 Issues
662657,41096,Title SIP,SIP,2023-12-18,2024-03-21,15.49,HEALTH & FITNESS,PHYSICAL FITNESS,Quarterly - 04 Issues
679918,33583,Fame & Faces,Weeklies,2024-01-08,2024-01-22,8.49,ENTERTAINMENT,CELEBRITY PROFILE,Bi-Weekly - 26 Issues
669849,33996,Title SIP,SIP,2024-01-22,2024-04-25,15.49,FOOD,HEALTHY EATING,Quarterly - 04 Issues
570669,34012,Title SIP,SIP,2023-04-10,2023-07-13,15.49,ENTERTAINMENT,TRIBUTE,Quarterly - 04 Issues
556752,64195,Title SIP,SIP,2023-01-09,2023-04-13,14.49,OUTDOORS,SURVIVAL,Monthly - 12 Issues
639669,57983,Fame & Faces,Weeklies,2023-06-19,2023-07-03,8.49,ENTERTAINMENT,CELEBRITY PROFILE,Bi-Weekly - 26 Issues
661150,67304,Title SIP,SIP,2023-08-21,2023-11-23,15.49,ENTERTAINMENT,CELEBRITY PROFILE,Quarterly - 04 Issues
667714,64453,Everyday Bloom,Weeklies,2023-10-30,2023-11-23,6.99,WOMENS,EVERYDAY LIVING,Bi-Weekly - 26 Issues
646231,64457,Title SIP,SIP,2023-06-26,2023-09-28,8.49,PUZZLES,SUDOKU,Bi-Monthly - 06 Issues
654091,67340,Title SIP,SIP,2023-08-14,2023-11-16,8.49,PUZZLES,XWORD,Quarterly - 04 Issues
655997,57607,Starline Stories,Weeklies,2023-10-23,2023-11-06,8.49,ENTERTAINMENT,CELEBRITY PROFILE,Bi-Weekly - 26 Issues
702085,64458,Title SIP,SIP,2024-01-29,2024-05-02,15.49,FOOD,EVERYDAY EATING,Quarterly - 04 Issues
695695,33999,Title SIP,SIP,2024-04-01,2024-07-04,15.49,FOOD,HEALTHY EATING,Quarterly - 04 Issues
693846,33963,Title SIP,SIP,2024-04-22,2024-07-25,11.49,HOBBY,ACTIVITY / COLORING,Quarterly - 04 Issues
711011,64451,Everyday Bloom,Weeklies,2024-06-10,2024-06-27,5.99,WOMENS,EVERYDAY LIVING,Monthly - 12 Issues
684150,57601,Spotlight Lives,Weeklies,2024-01-01,2024-01-15,8.49,ENTERTAINMENT,CELEBRITY PROFILE,Bi-Weekly - 26 Issues
698936,41248,Title SIP,SIP,2024-03-04,2024-06-06,14.49,HOBBY,VIDEO GAMES,Quarterly - 04 Issues
688121,64803,Simply Woman,Weeklies,2024-01-01,2024-01-18,4.99,WOMENS,EVERYDAY LIVING,Weekly - 52 Issues
702493,64457,Title SIP,SIP,2024-04-29,2024-08-01,11.49,PUZZLES,SUDOKU,Bi-Monthly - 06 Issues
712845,67341,Title SIP,SIP,2024-03-11,2024-06-13,9.49,PUZZLES,SUDOKU,Quarterly - 04 Issues
689212,33607,Starline Stories,Weeklies,2024-01-22,2024-02-05,8.49,ENTERTAINMENT,CELEBRITY PROFILE,Bi-Weekly - 26 Issues
711710,9387,Title SIP,SIP,2024-04-08,2024-07-11,15.49,ENTERTAINMENT,TRIBUTE,Quarterly - 04 Issues
704673,64457,Title SIP,SIP,2024-04-29,2024-08-01,9.49,PUZZLES,SUDOKU,Bi-Monthly - 06 Issues
563836,64457,Title SIP,SIP,2023-03-06,2023-06-08,8.49,PUZZLES,SUDOKU,Bi-Monthly - 06 Issues
688804,67313,Title SIP,SIP,2024-05-13,2024-08-15,9.49,PUZZLES,XWORD,Semi-Annual - 02 Issue
698766,64453,Everyday Bloom,Weeklies,2024-05-06,2024-05-23,6.99,WOMENS,EVERYDAY LIVING,Bi-Weekly - 26 Issues
665279,58006,Starline Stories,Weeklies,2023-07-31,2023-08-14,9.49,ENTERTAINMENT,CELEBRITY PROFILE,Weekly - 52 Issues
656352,33952,Title SIP,SIP,2023-09-04,2023-12-07,11.49,HOBBY,ACTIVITY / COLORING,Quarterly - 04 Issues
575001,57549,Echo of Fame,Weeklies,2023-04-10,2023-04-24,8.49,ENTERTAINMENT,TRIBUTE,Bi-Weekly - 26 Issues
581067,67315,Title SIP,SIP,2023-05-08,2023-08-10,15.49,ENTERTAINMENT,MOVIE / TELEVISION,Semi-Annual - 02 Issue
638853,41156,Title SIP,SIP,2023-07-03,2023-10-05,14.49,HOME,BUILDING,Quarterly - 04 Issues
675915,67321,Title SIP,SIP,2023-12-11,2024-03-14,16.490000000000002,SPORT,BASKETBALL,Semi-Annual - 02 Issue
564390,67374,Title SIP,SIP,2023-01-23,2023-04-27,15.49,FOOD,HEALTHY EATING,Quarterly - 04 Issues
555745,9409,Title SIP,SIP,2023-01-09,2023-04-13,15.49,HEALTH & FITNESS,PHYSICAL FITNESS,Quarterly - 04 Issues
650412,33549,Echo of Fame,Weeklies,2023-07-10,2023-07-24,8.49,ENTERTAINMENT,CELEBRITY PROFILE,Weekly - 52 Issues
656359,41309,Title SIP,SIP,2023-09-11,2023-12-14,16.490000000000002,ENTERTAINMENT,MUSIC,Quarterly - 04 Issues
670852,57610,Title SIP,SIP,2023-10-30,2024-01-01,7.49,ENTERTAINMENT,TRIBUTE,Quarterly - 04 Issues
675808,67318,Title SIP,SIP,2023-11-13,2024-02-15,15.49,ENTERTAINMENT,MOVIE / TELEVISION,Semi-Annual - 02 Issue
649622,9413,Title SIP,SIP,2023-09-04,2023-12-07,15.49,ENTERTAINMENT,MUSIC,Quarterly - 04 Issues
572971,57607,Starline Stories,Weeklies,2023-03-27,2023-04-10,8.49,ENTERTAINMENT,CELEBRITY PROFILE,Bi-Weekly - 26 Issues
648636,57601,Spotlight Lives,Weeklies,2023-09-11,2023-09-25,8.49,ENTERTAINMENT,CELEBRITY PROFILE,Bi-Weekly - 26 Issues
666987,67312,Title SIP,SIP,2023-10-23,2024-01-25,8.49,PUZZLES,XWORD,Semi-Annual - 02 Issue
568971,33960,Title SIP,SIP,2023-04-17,2023-07-20,11.49,HOBBY,ACTIVITY / COLORING,Quarterly - 04 Issues
658860,33968,Title SIP,SIP,2023-09-25,2023-12-28,15.49,ENTERTAINMENT,MOVIE / TELEVISION,Quarterly - 04 Issues
644911,67319,Title SIP,SIP,2023-06-19,2023-09-21,15.49,SPORT,COMMEMORATIVE,Semi-Annual - 02 Issue
666105,67342,Title SIP,SIP,2023-08-28,2023-11-30,8.49,PUZZLES,WORD SEEK,Quarterly - 04 Issues
579926,33607,Starline Stories,Weeklies,2023-04-17,2023-05-01,8.49,ENTERTAINMENT,CELEBRITY PROFILE,Bi-Weekly - 26 Issues
674393,64449,Simply Woman,Weeklies,2023-10-30,2023-11-16,5.99,WOMENS,EVERYDAY LIVING,Weekly - 52 Issues
653554,64449,Simply Woman,Weeklies,2023-07-24,2023-08-10,4.99,WOMENS,EVERYDAY LIVING,Weekly - 52 Issues
682915,67308,Title SIP,SIP,2024-02-05,2024-05-09,15.49,ENTERTAINMENT,TRIBUTE,Quarterly - 04 Issues
701605,33549,Echo of Fame,Weeklies,2024-01-08,2024-01-22,8.49,ENTERTAINMENT,CELEBRITY PROFILE,Weekly - 52 Issues
658065,64461,Title SIP,SIP,2023-07-24,2023-10-26,8.49,PUZZLES,SUDOKU,Quarterly - 04 Issues
683626,34018,Title SIP,SIP,2023-11-27,2024-02-29,15.49,ENTERTAINMENT,CELEBRITY PROFILE,Quarterly - 04 Issues
653335,57549,Echo of Fame,Weeklies,2023-06-05,2023-06-19,8.49,ENTERTAINMENT,TRIBUTE,Bi-Weekly - 26 Issues
562816,57984,Fame & Faces,Weeklies,2023-01-09,2023-01-23,8.49,ENTERTAINMENT,CELEBRITY PROFILE,Weekly - 52 Issues
586106,33583,Fame & Faces,Weeklies,2023-05-15,2023-05-29,8.49,ENTERTAINMENT,CELEBRITY PROFILE,Bi-Weekly - 26 Issues
659510,64458,Title SIP,SIP,2023-08-21,2023-11-23,15.49,FOOD,EVERYDAY EATING,Quarterly - 04 Issues
657867,33583,Fame & Faces,Weeklies,2023-08-21,2023-09-04,8.49,ENTERTAINMENT,CELEBRITY PROFILE,Bi-Weekly - 26 Issues
677896,57607,Starline Stories,Weeklies,2023-12-04,2023-12-18,8.49,ENTERTAINMENT,CELEBRITY PROFILE,Bi-Weekly - 26 Issues
660420,64457,Title SIP,SIP,2023-10-16,2024-01-18,8.49,PUZZLES,SUDOKU,Bi-Monthly - 06 Issues
699757,41312,Title SIP,SIP,2024-02-19,2024-05-23,16.490000000000002,ENTERTAINMENT,MUSIC,Quarterly - 04 Issues
683757,33607,Starline Stories,Weeklies,2024-01-22,2024-02-05,8.49,ENTERTAINMENT,CELEBRITY PROFILE,Bi-Weekly - 26 Issues
701454,33959,Title SIP,SIP,2024-02-26,2024-05-30,11.49,HOBBY,ACTIVITY / COLORING,Quarterly - 04 Issues
716871,33962,Title SIP,SIP,2024-04-08,2024-07-11,11.49,HOBBY,ACTIVITY / COLORING,Quarterly - 04 Issues
714209,57984,Fame & Faces,Weeklies,2024-05-20,2024-06-03,8.49,ENTERTAINMENT,CELEBRITY PROFILE,Weekly - 52 Issues
558425,57984,Fame & Faces,Weeklies,2023-01-23,2023-02-06,8.49,ENTERTAINMENT,CELEBRITY PROFILE,Weekly - 52 Issues
682127,33976,Title SIP,SIP,2023-10-23,2024-01-25,15.49,ENTERTAINMENT,MOVIE / TELEVISION,Quarterly - 04 Issues
669599,67305,Title SIP,SIP,2023-08-28,2023-11-30,15.49,ENTERTAINMENT,TRIBUTE,Quarterly - 04 Issues
648590,57549,Echo of Fame,Weeklies,2023-06-19,2023-07-03,8.49,ENTERTAINMENT,TRIBUTE,Bi-Weekly - 26 Issues
704282,57983,Fame & Faces,Weeklies,2024-04-22,2024-05-06,8.49,ENTERTAINMENT,CELEBRITY PROFILE,Bi-Weekly - 26 Issues
738505,57983,Fame & Faces,Weeklies,2024-06-03,2024-06-17,8.49,ENTERTAINMENT,CELEBRITY PROFILE,Bi-Weekly - 26 Issues
724304,34000,Title SIP,SIP,2024-05-27,2024-08-29,16.490000000000002,SPORT,FOOTBALL,Semi-Annual - 02 Issue
724782,9383,Title SIP,SIP,2024-04-01,2024-07-04,15.49,FOOD,EVERYDAY EATING,Quarterly - 04 Issues
566321,67305,Title SIP,SIP,2023-03-13,2023-06-15,15.49,ENTERTAINMENT,MUSIC,Quarterly - 04 Issues
581221,33583,Fame & Faces,Weeklies,2023-05-01,2023-05-15,8.49,ENTERTAINMENT,CELEBRITY PROFILE,Bi-Weekly - 26 Issues
653870,33583,Fame & Faces,Weeklies,2023-07-10,2023-07-24,8.49,ENTERTAINMENT,CELEBRITY PROFILE,Bi-Weekly - 26 Issues
692694,33601,Spotlight Lives,Weeklies,2023-12-11,2023-12-25,8.49,ENTERTAINMENT,CELEBRITY PROFILE,Bi-Weekly - 26 Issues
582162,33583,Fame & Faces,Weeklies,2023-05-01,2023-05-15,8.49,ENTERTAINMENT,CELEBRITY PROFILE,Bi-Weekly - 26 Issues
659564,64449,Simply Woman,Weeklies,2023-07-10,2023-07-27,4.99,WOMENS,EVERYDAY LIVING,Weekly - 52 Issues
670035,33998,Title SIP,SIP,2023-11-06,2024-02-08,15.49,HUMAN CULTURE,RELIGION,Quarterly - 04 Issues
559840,64462,Title SIP,SIP,2023-02-13,2023-05-18,16.490000000000002,HUMAN CULTURE,RELIGION,Semi-Annual - 02 Issue
669346,41091,Title SIP,SIP,2023-08-21,2023-11-23,15.49,SPORT,COMMEMORATIVE,Quarterly - 04 Issues
582644,64473,Title SIP,SIP,2023-06-05,2023-09-07,15.49,FOOD,HEALTHY EATING,Semi-Annual - 02 Issue
648498,64462,Title SIP,SIP,2023-10-23,2024-01-25,16.490000000000002,HUMAN CULTURE,RELIGION,Semi-Annual - 02 Issue
639965,33982,Title SIP,SIP,2023-07-03,2023-10-05,15.49,ENTERTAINMENT,MUSIC,Quarterly - 04 Issues
650944,64832,Title SIP,SIP,2023-08-21,2023-11-23,11.49,HOME,DECORATING,Quarterly - 04 Issues
669671,67341,Title SIP,SIP,2023-12-11,2024-03-14,8.49,PUZZLES,SUDOKU,Quarterly - 04 Issues
564767,9290,Title SIP,SIP,2023-02-06,2023-05-11,15.49,HUMAN CULTURE,TRAVEL,Quarterly - 04 Issues
678768,33990,Title SIP,SIP,2023-10-30,2024-02-01,15.49,HUMAN CULTURE,CALENDAR,Quarterly - 04 Issues
705100,34012,Title SIP,SIP,2024-03-04,2024-06-06,15.49,HOME,BUILDING,Quarterly - 04 Issues
690638,67343,Title SIP,SIP,2024-03-25,2024-06-27,8.49,PUZZLES,XWORD,Quarterly - 04 Issues
705598,33601,Spotlight Lives,Weeklies,2024-04-15,2024-04-29,8.49,ENTERTAINMENT,CELEBRITY PROFILE,Bi-Weekly - 26 Issues
656122,33986,Title SIP,SIP,2023-09-04,2023-12-07,15.49,HOME,DECORATING,Semi-Annual - 02 Issue
649989,67326,Title SIP,SIP,2023-06-26,2023-09-28,15.49,HUMAN CULTURE,HISTORY,Semi-Annual - 02 Issue
562630,33549,Echo of Fame,Weeklies,2023-01-09,2023-01-23,8.49,ENTERTAINMENT,CELEBRITY PROFILE,Weekly - 52 Issues
663292,67342,Title SIP,SIP,2023-08-28,2023-11-30,8.49,PUZZLES,WORD SEEK,Quarterly - 04 Issues
648373,57983,Fame & Faces,Weeklies,2023-07-17,2023-07-31,8.49,ENTERTAINMENT,CELEBRITY PROFILE,Bi-Weekly - 26 Issues
653154,33607,Starline Stories,Weeklies,2023-06-12,2023-06-26,8.49,ENTERTAINMENT,CELEBRITY PROFILE,Bi-Weekly - 26 Issues
645941,67313,Title SIP,SIP,2023-07-10,2023-10-12,8.49,PUZZLES,XWORD,Semi-Annual - 02 Issue
555449,67340,Title SIP,SIP,2023-01-02,2023-04-06,8.49,PUZZLES,XWORD,Quarterly - 04 Issues
665310,64457,Title SIP,SIP,2023-10-16,2024-01-18,8.49,PUZZLES,SUDOKU,Bi-Monthly - 06 Issues
571108,57984,Fame & Faces,Weeklies,2023-02-27,2023-03-13,8.49,ENTERTAINMENT,CELEBRITY PROFILE,Weekly - 52 Issues
671576,57601,Spotlight Lives,Weeklies,2023-11-06,2023-11-20,8.49,ENTERTAINMENT,CELEBRITY PROFILE,Bi-Weekly - 26 Issues
552785,64192,Title SIP,SIP,2023-01-02,2023-04-06,11.45,HOBBY,ACTIVITY / COLORING,Monthly - 12 Issues
710313,34016,Title SIP,SIP,2024-06-03,2024-09-05,15.49,SPORT,OTHER SPORTS,Quarterly - 04 Issues
695582,57549,Echo of Fame,Weeklies,2024-03-25,2024-04-08,8.49,ENTERTAINMENT,TRIBUTE,Bi-Weekly - 26 Issues
680599,64465,Title SIP,SIP,2024-02-19,2024-05-23,15.49,SPORT,COMMEMORATIVE,Quarterly - 04 Issues
704036,64459,Title SIP,SIP,2024-04-01,2024-07-04,9.49,PUZZLES,SUDOKU,Quarterly - 04 Issues
706058,57551,Title SIP,SIP,2024-05-20,2024-08-22,7.49,PUZZLES,SUDOKU,Quarterly - 04 Issues
714348,41152,Title SIP,SIP,2024-03-25,2024-06-27,15.49,HOME,DECORATING,Quarterly - 04 Issues
701642,64453,Everyday Bloom,Weeklies,2024-04-22,2024-05-09,6.99,WOMENS,EVERYDAY LIVING,Bi-Weekly - 26 Issues
688099,57984,Fame & Faces,Weeklies,2024-03-04,2024-03-18,8.49,ENTERTAINMENT,CELEBRITY PROFILE,Weekly - 52 Issues
648970,33995,Title SIP,SIP,2023-07-10,2023-10-12,15.49,HOBBY,COMICS,Semi-Annual - 02 Issue
677502,9417,Title SIP,SIP,2023-10-16,2024-01-18,15.49,HOBBY,ANIMAL,Quarterly - 04 Issues
667810,57607,Starline Stories,Weeklies,2023-09-25,2023-10-09,8.49,ENTERTAINMENT,CELEBRITY PROFILE,Bi-Weekly - 26 Issues
674524,57983,Fame & Faces,Weeklies,2024-01-15,2024-01-29,8.49,ENTERTAINMENT,CELEBRITY PROFILE,Bi-Weekly - 26 Issues
705022,64451,Everyday Bloom,Weeklies,2024-04-29,2024-05-16,5.99,WOMENS,EVERYDAY LIVING,Monthly - 12 Issues
711266,57607,Starline Stories,Weeklies,2024-06-03,2024-06-17,8.49,ENTERTAINMENT,CELEBRITY PROFILE,Bi-Weekly - 26 Issues
715332,33601,Spotlight Lives,Weeklies,2024-06-24,2024-07-08,8.49,ENTERTAINMENT,CELEBRITY PROFILE,Bi-Weekly - 26 Issues
706265,9418,Title SIP,SIP,2024-05-20,2024-08-22,15.49,HUMAN CULTURE,HISTORY,Quarterly - 04 Issues
671732,67344,Title SIP,SIP,2024-01-08,2024-04-11,8.49,PUZZLES,WORD SEEK,Quarterly - 04 Issues
658536,41090,Title SIP,SIP,2023-12-04,2024-03-07,15.49,FOOD,EVERYDAY EATING,Quarterly - 04 Issues
562963,64467,Title SIP,SIP,2023-02-20,2023-05-25,16.490000000000002,HUMAN CULTURE,RELIGION,Semi-Annual - 02 Issue
666295,64470,Title SIP,SIP,2023-10-02,2024-01-04,15.49,ENTERTAINMENT,MOVIE / TELEVISION,Semi-Annual - 02 Issue
656391,67304,Title SIP,SIP,2023-08-21,2023-11-23,15.49,ENTERTAINMENT,CELEBRITY PROFILE,Quarterly - 04 Issues
662672,67316,Title SIP,SIP,2023-10-30,2024-02-01,15.49,HUMAN CULTURE,HISTORY,Semi-Annual - 02 Issue
663328,64832,Title SIP,SIP,2023-08-21,2023-11-23,11.49,HOME,DECORATING,Quarterly - 04 Issues
671761,34016,Title SIP,SIP,2023-11-20,2024-02-22,15.49,ENTERTAINMENT,TRIBUTE,Quarterly - 04 Issues
653032,41299,Title SIP,SIP,2023-06-26,2023-09-28,14.49,OUTDOORS,SURVIVAL,Quarterly - 04 Issues
690707,57601,Spotlight Lives,Weeklies,2023-12-04,2023-12-18,8.49,ENTERTAINMENT,CELEBRITY PROFILE,Bi-Weekly - 26 Issues
585982,33978,Title SIP,SIP,2023-06-12,2023-09-14,15.49,ENTERTAINMENT,TRIBUTE,Quarterly - 04 Issues
663135,64803,Simply Woman,Weeklies,2023-09-25,2023-10-12,4.99,WOMENS,EVERYDAY LIVING,Weekly - 52 Issues
673872,33583,Fame & Faces,Weeklies,2023-11-13,2023-11-27,8.49,ENTERTAINMENT,CELEBRITY PROFILE,Bi-Weekly - 26 Issues
569564,57601,Spotlight Lives,Weeklies,2023-02-27,2023-03-13,8.49,ENTERTAINMENT,CELEBRITY PROFILE,Bi-Weekly - 26 Issues
570246,57984,Fame & Faces,Weeklies,2023-03-20,2023-04-03,8.49,ENTERTAINMENT,CELEBRITY PROFILE,Weekly - 52 Issues
688601,64451,Everyday Bloom,Weeklies,2024-01-01,2024-01-22,5.99,WOMENS,EVERYDAY LIVING,Monthly - 12 Issues
587310,57984,Fame & Faces,Weeklies,2023-05-22,2023-06-05,8.49,ENTERTAINMENT,CELEBRITY PROFILE,Weekly - 52 Issues
645637,64477,Title SIP,SIP,2023-07-10,2023-10-12,15.49,ENTERTAINMENT,TRIBUTE,Quarterly - 04 Issues
653643,64469,Title SIP,SIP,2023-09-25,2023-12-28,15.49,HEALTH & FITNESS,PHYSICAL FITNESS,Quarterly - 04 Issues
645870,9385,Title SIP,SIP,2023-06-19,2023-09-21,15.49,HEALTH & FITNESS,PHYSICAL FITNESS,Quarterly - 04 Issues
688909,9388,Title SIP,SIP,2023-11-27,2024-02-29,15.49,REGIONAL,EAST,Quarterly - 04 Issues
687162,67302,Title SIP,SIP,2023-12-04,2024-03-07,15.49,ENTERTAINMENT,MOVIE / TELEVISION,Semi-Annual - 02 Issue
565684,34002,Title SIP,SIP,2023-03-27,2023-06-29,15.49,HEALTH & FITNESS,WELLNESS/EMOTIONAL HEALTH,Semi-Annual - 02 Issue
583585,33968,Title SIP,SIP,2023-05-29,2023-08-31,15.49,ENTERTAINMENT,CELEBRITY PROFILE,Quarterly - 04 Issues
562922,33984,Title SIP,SIP,2023-02-20,2023-05-25,15.49,FOOD,HEALTHY EATING,Quarterly - 04 Issues
682065,67340,Title SIP,SIP,2023-12-04,2024-03-07,8.49,PUZZLES,WORD SEEK,Quarterly - 04 Issues
648972,64803,Simply Woman,Weeklies,2023-07-03,2023-07-20,4.99,WOMENS,EVERYDAY LIVING,Weekly - 52 Issues
567813,33549,Echo of Fame,Weeklies,2023-03-06,2023-03-20,8.49,ENTERTAINMENT,CELEBRITY PROFILE,Weekly - 52 Issues
656889,33966,Title SIP,SIP,2023-09-25,2023-12-28,15.49,HUMAN CULTURE,MYSTERY/SCI-FI,Quarterly - 04 Issues
567753,34004,Title SIP,SIP,2023-03-20,2023-06-22,15.49,ENTERTAINMENT,TRIBUTE,Quarterly - 04 Issues
566754,33549,Echo of Fame,Weeklies,2023-03-06,2023-03-20,8.49,ENTERTAINMENT,CELEBRITY PROFILE,Weekly - 52 Issues
579442,34024,Title SIP,SIP,2023-05-22,2023-08-24,15.49,ENTERTAINMENT,MUSIC,Quarterly - 04 Issues
647638,34010,Title SIP,SIP,2023-07-24,2023-10-26,15.49,FAMILY,EDUCATIONAL,Quarterly - 04 Issues
690290,57983,Fame & Faces,Weeklies,2024-01-15,2024-01-29,8.49,ENTERTAINMENT,CELEBRITY PROFILE,Bi-Weekly - 26 Issues
696059,33989,Title SIP,SIP,2024-02-12,2024-05-16,15.49,HOME,GARDEN,Quarterly - 04 Issues
709551,41301,Title SIP,SIP,2024-01-22,2024-04-25,16.490000000000002,SPORT,FOOTBALL,Quarterly - 04 Issues
677463,64453,Everyday Bloom,Weeklies,2024-01-01,2024-01-22,6.99,WOMENS,EVERYDAY LIVING,Bi-Weekly - 26 Issues
699852,58006,Starline Stories,Weeklies,2024-03-04,2024-03-18,9.49,ENTERTAINMENT,CELEBRITY PROFILE,Weekly - 52 Issues
675757,64453,Everyday Bloom,Weeklies,2023-12-11,2024-01-04,6.99,WOMENS,EVERYDAY LIVING,Bi-Weekly - 26 Issues
651275,64453,Everyday Bloom,Weeklies,2023-09-18,2023-10-12,6.99,WOMENS,EVERYDAY LIVING,Bi-Weekly - 26 Issues
565480,64454,Title SIP,SIP,2023-03-27,2023-06-29,8.49,PUZZLES,XWORD,Quarterly - 04 Issues
577424,67341,Title SIP,SIP,2023-05-01,2023-08-03,8.49,PUZZLES,SUDOKU,Quarterly - 04 Issues
716549,64451,Everyday Bloom,Weeklies,2024-06-10,2024-06-27,5.99,WOMENS,EVERYDAY LIVING,Monthly - 12 Issues
688241,64449,Simply Woman,Weeklies,2024-01-08,2024-01-25,4.99,WOMENS,EVERYDAY LIVING,Weekly - 52 Issues
666635,67327,Title SIP,SIP,2024-01-08,2024-04-11,15.49,ENTERTAINMENT,MOVIE / TELEVISION,Semi-Annual - 02 Issue
677811,41095,Title SIP,SIP,2023-12-18,2024-03-21,15.49,HUMAN CULTURE,HISTORY,Quarterly - 04 Issues
702871,58006,Starline Stories,Weeklies,2024-04-01,2024-04-15,9.49,ENTERTAINMENT,CELEBRITY PROFILE,Weekly - 52 Issues
650826,33950,Title SIP,SIP,2023-08-21,2023-11-23,11.49,HOBBY,ACTIVITY / COLORING,Quarterly - 04 Issues
660704,33961,Title SIP,SIP,2023-07-31,2023-11-02,11.49,HOBBY,ACTIVITY / COLORING,Quarterly - 04 Issues
659174,9415,Title SIP,SIP,2023-10-09,2024-01-11,15.49,HUMAN CULTURE,HISTORY,Quarterly - 04 Issues
650151,67392,Everyday Bloom,Weeklies,2023-07-17,2023-08-10,5.99,WOMENS,EVERYDAY LIVING,Monthly - 12 Issues
578938,33601,Spotlight Lives,Weeklies,2023-05-15,2023-05-29,8.49,ENTERTAINMENT,CELEBRITY PROFILE,Bi-Weekly - 26 Issues
579029,41242,Title SIP,SIP,2023-05-08,2023-08-10,14.49,HOME,DECORATING,Quarterly - 04 Issues
630198,33970,Title SIP,SIP,2023-07-03,2023-10-05,15.49,ENTERTAINMENT,MOVIE / TELEVISION,Quarterly - 04 Issues
676619,41315,Title SIP,SIP,2023-10-16,2024-01-18,14.49,OUTDOORS,SURVIVAL,Quarterly - 04 Issues
667591,33973,Title SIP,SIP,2023-10-02,2024-01-04,15.49,HOBBY,VIDEO GAMES,Quarterly - 04 Issues
582617,64803,Simply Woman,Weeklies,2023-05-22,2023-06-08,4.99,WOMENS,EVERYDAY LIVING,Weekly - 52 Issues
649874,33549,Echo of Fame,Weeklies,2023-08-07,2023-08-21,8.49,ENTERTAINMENT,CELEBRITY PROFILE,Weekly - 52 Issues
554903,67340,Title SIP,SIP,2023-01-02,2023-04-06,8.49,PUZZLES,XWORD,Quarterly - 04 Issues
665033,57983,Fame & Faces,Weeklies,2023-09-11,2023-09-25,8.49,ENTERTAINMENT,CELEBRITY PROFILE,Bi-Weekly - 26 Issues
668791,64449,Simply Woman,Weeklies,2023-10-16,2023-11-02,4.99,WOMENS,EVERYDAY LIVING,Weekly - 52 Issues
709709,33960,Title SIP,SIP,2024-05-27,2024-08-29,11.49,HOBBY,ACTIVITY / COLORING,Quarterly - 04 Issues
669801,58006,Starline Stories,Weeklies,2023-10-23,2023-11-06,9.49,ENTERTAINMENT,CELEBRITY PROFILE,Weekly - 52 Issues
571566,41154,Title SIP,SIP,2023-04-17,2023-07-20,14.49,OUTDOORS,SURVIVAL,Quarterly - 04 Issues
556166,67340,Title SIP,SIP,2023-01-02,2023-04-06,8.49,PUZZLES,XWORD,Quarterly - 04 Issues
661708,33583,Fame & Faces,Weeklies,2023-07-24,2023-08-07,8.49,ENTERTAINMENT,CELEBRITY PROFILE,Bi-Weekly - 26 Issues
561952,64803,Simply Woman,Weeklies,2023-02-13,2023-03-02,4.99,WOMENS,EVERYDAY LIVING,Weekly - 52 Issues
657189,64449,Simply Woman,Weeklies,2023-09-18,2023-10-05,4.99,WOMENS,EVERYDAY LIVING,Weekly - 52 Issues
665131,33607,Starline Stories,Weeklies,2023-09-18,2023-10-02,8.49,ENTERTAINMENT,CELEBRITY PROFILE,Bi-Weekly - 26 Issues
586225,57607,Starline Stories,Weeklies,2023-05-22,2023-06-05,8.49,ENTERTAINMENT,CELEBRITY PROFILE,Bi-Weekly - 26 Issues
582664,33980,Title SIP,SIP,2023-06-19,2023-09-21,15.49,HOBBY,COMICS,Quarterly - 04 Issues
575938,33965,Title SIP,SIP,2023-05-22,2023-08-24,15.49,HUMAN CULTURE,MYSTERY/SCI-FI,Semi-Annual - 02 Issue
692149,64478,Title SIP,SIP,2023-12-18,2024-03-21,15.49,FOOD,HEALTHY EATING,Quarterly - 04 Issues
713279,64803,Simply Woman,Weeklies,2024-04-08,2024-04-25,4.99,WOMENS,EVERYDAY LIVING,Weekly - 52 Issues
685061,64803,Simply Woman,Weeklies,2023-12-18,2024-01-04,4.99,WOMENS,EVERYDAY LIVING,Weekly - 52 Issues
682948,64449,Simply Woman,Weeklies,2024-02-05,2024-02-22,4.99,WOMENS,EVERYDAY LIVING,Weekly - 52 Issues
681358,33997,Title SIP,SIP,2024-01-29,2024-05-02,15.49,FOOD,HEALTHY EATING,Quarterly - 04 Issues
695328,33607,Starline Stories,Weeklies,2023-12-25,2024-01-08,8.49,ENTERTAINMENT,CELEBRITY PROFILE,Bi-Weekly - 26 Issues
683942,33607,Starline Stories,Weeklies,2024-02-05,2024-02-19,8.49,ENTERTAINMENT,CELEBRITY PROFILE,Bi-Weekly - 26 Issues
696859,33972,Title SIP,SIP,2024-04-29,2024-08-01,15.49,OUTDOORS,OTHER SPORTS,Quarterly - 04 Issues
681056,67304,Title SIP,SIP,2024-01-01,2024-04-04,15.49,ENTERTAINMENT,CELEBRITY PROFILE,Quarterly - 04 Issues
677888,9304,Title SIP,SIP,2024-02-12,2024-05-16,15.49,ENTERTAINMENT,MUSIC,Quarterly - 04 Issues
718972,57984,Fame & Faces,Weeklies,2024-06-24,2024-07-08,9.49,ENTERTAINMENT,CELEBRITY PROFILE,Weekly - 52 Issues
685597,57984,Fame & Faces,Weeklies,2024-01-15,2024-01-29,8.49,ENTERTAINMENT,CELEBRITY PROFILE,Weekly - 52 Issues
572194,57774,Title SIP,SIP,2023-04-03,2023-07-06,14.49,HOME,GARDEN,Quarterly - 04 Issues
655690,57983,Fame & Faces,Weeklies,2023-07-17,2023-07-31,8.49,ENTERTAINMENT,CELEBRITY PROFILE,Bi-Weekly - 26 Issues
651089,64449,Simply Woman,Weeklies,2023-08-21,2023-09-07,4.99,WOMENS,EVERYDAY LIVING,Weekly - 52 Issues
665576,57983,Fame & Faces,Weeklies,2023-09-11,2023-09-25,8.49,ENTERTAINMENT,CELEBRITY PROFILE,Bi-Weekly - 26 Issues
652569,64449,Simply Woman,Weeklies,2023-08-21,2023-09-07,4.99,WOMENS,EVERYDAY LIVING,Weekly - 52 Issues
703032,33998,Title SIP,SIP,2024-04-15,2024-07-18,15.49,FOOD,HEALTHY EATING,Quarterly - 04 Issues
687916,64461,Title SIP,SIP,2024-02-19,2024-05-23,8.49,PUZZLES,WORD SEEK,Quarterly - 04 Issues
661120,64453,Everyday Bloom,Weeklies,2023-10-09,2023-11-02,6.99,WOMENS,EVERYDAY LIVING,Bi-Weekly - 26 Issues
634877,64453,Everyday Bloom,Weeklies,2023-08-07,2023-08-31,6.99,WOMENS,EVERYDAY LIVING,Bi-Weekly - 26 Issues
702271,33601,Spotlight Lives,Weeklies,2024-03-18,2024-04-01,8.49,ENTERTAINMENT,CELEBRITY PROFILE,Bi-Weekly - 26 Issues
663412,33963,Title SIP,SIP,2023-08-21,2023-11-23,11.49,PUZZLES,LOGIC,Quarterly - 04 Issues
673528,9382,Title SIP,SIP,2023-10-30,2024-02-01,15.49,HEALTH & FITNESS,MINDFULNESS,Quarterly - 04 Issues
677146,64476,Title SIP,SIP,2023-10-23,2024-01-25,14.49,ENTERTAINMENT,TRIBUTE,Quarterly - 04 Issues
671702,64477,Title SIP,SIP,2023-11-27,2024-02-29,15.49,ENTERTAINMENT,CELEBRITY PROFILE,Quarterly - 04 Issues
651144,33952,Title SIP,SIP,2023-09-04,2023-12-07,11.49,HOBBY,ACTIVITY / COLORING,Quarterly - 04 Issues
632528,67314,Title SIP,SIP,2023-07-17,2023-10-19,15.49,FAMILY,PETS,Semi-Annual - 02 Issue
574080,9426,Title SIP,SIP,2023-04-17,2023-07-20,15.49,HUMAN CULTURE,TRAVEL,Quarterly - 04 Issues
656727,34000,Title SIP,SIP,2023-09-04,2023-12-07,15.49,FOOD,HEALTHY EATING,Semi-Annual - 02 Issue
655294,9389,Title SIP,SIP,2023-08-14,2023-10-12,15.49,SPORT,FOOTBALL,Quarterly - 04 Issues
659477,67320,Title SIP,SIP,2023-11-13,2024-02-15,15.49,ENTERTAINMENT,MOVIE / TELEVISION,Semi-Annual - 02 Issue
580030,41244,Title SIP,SIP,2023-05-22,2023-08-24,14.49,OUTDOORS,SURVIVAL,Quarterly - 04 Issues
575620,33601,Spotlight Lives,Weeklies,2023-04-17,2023-05-01,8.49,ENTERTAINMENT,CELEBRITY PROFILE,Bi-Weekly - 26 Issues
562003,33601,Spotlight Lives,Weeklies,2023-01-23,2023-02-06,8.49,ENTERTAINMENT,CELEBRITY PROFILE,Bi-Weekly - 26 Issues
668372,58006,Starline Stories,Weeklies,2023-10-30,2023-11-13,9.49,ENTERTAINMENT,CELEBRITY PROFILE,Weekly - 52 Issues
676616,33549,Echo of Fame,Weeklies,2023-11-27,2023-12-11,8.49,ENTERTAINMENT,CELEBRITY PROFILE,Weekly - 52 Issues
662830,33601,Spotlight Lives,Weeklies,2023-09-04,2023-09-18,8.49,ENTERTAINMENT,CELEBRITY PROFILE,Bi-Weekly - 26 Issues
695795,64467,Title SIP,SIP,2024-05-13,2024-08-15,16.490000000000002,HUMAN CULTURE,RELIGION,Semi-Annual - 02 Issue
684053,9300,Title SIP,SIP,2024-01-15,2024-04-18,15.49,ENTERTAINMENT,MUSIC,Quarterly - 04 Issues
677106,33961,Title SIP,SIP,2024-01-29,2024-05-02,11.49,HOBBY,ACTIVITY / COLORING,Quarterly - 04 Issues
700931,64453,Everyday Bloom,Weeklies,2024-03-25,2024-04-11,6.99,WOMENS,EVERYDAY LIVING,Bi-Weekly - 26 Issues
663374,34006,Title SIP,SIP,2023-11-13,2024-02-15,15.49,ENTERTAINMENT,MOVIE / TELEVISION,Quarterly - 04 Issues
656010,57774,Title SIP,SIP,2023-07-24,2023-10-26,14.49,OUTDOORS,SURVIVAL,Quarterly - 04 Issues
671440,9387,Title SIP,SIP,2023-11-20,2024-02-22,15.49,ENTERTAINMENT,MUSIC,Quarterly - 04 Issues
566942,33958,Title SIP,SIP,2023-03-20,2023-06-22,11.49,HOBBY,ACTIVITY / COLORING,Quarterly - 04 Issues
584324,33977,Title SIP,SIP,2023-06-12,2023-09-14,15.49,ENTERTAINMENT,CELEBRITY PROFILE,Quarterly - 04 Issues
656439,57549,Echo of Fame,Weeklies,2023-08-28,2023-09-11,8.49,ENTERTAINMENT,TRIBUTE,Bi-Weekly - 26 Issues
575699,67341,Title SIP,SIP,2023-05-01,2023-08-03,8.49,PUZZLES,SUDOKU,Quarterly - 04 Issues
642817,64457,Title SIP,SIP,2023-06-26,2023-09-28,8.49,PUZZLES,SUDOKU,Bi-Monthly - 06 Issues
651602,9300,Title SIP,SIP,2023-09-04,2023-12-07,15.49,ENTERTAINMENT,MOVIE / TELEVISION,Quarterly - 04 Issues
677403,9305,Title SIP,SIP,2024-01-08,2024-04-11,15.49,ENTERTAINMENT,TRIBUTE,Quarterly - 04 Issues
705633,67392,Everyday Bloom,Weeklies,2024-04-22,2024-05-09,5.99,WOMENS,EVERYDAY LIVING,Monthly - 12 Issues
697313,34018,Title SIP,SIP,2024-03-11,2024-06-13,15.49,FOOD,EVERYDAY EATING,Quarterly - 04 Issues
678629,67344,Title SIP,SIP,2024-01-08,2024-04-11,8.49,PUZZLES,WORD SEEK,Quarterly - 04 Issues
709124,64449,Simply Woman,Weeklies,2024-04-01,2024-04-18,4.99,WOMENS,EVERYDAY LIVING,Weekly - 52 Issues
723279,41304,Title SIP,SIP,2024-05-20,2024-08-22,15.49,HUMAN CULTURE,TRAVEL,Quarterly - 04 Issues
690006,9422,Title SIP,SIP,2024-04-08,2024-07-11,15.49,HUMAN CULTURE,MYSTERY/SCI-FI,Quarterly - 04 Issues
727363,57549,Echo of Fame,Weeklies,2024-06-03,2024-06-17,8.49,ENTERTAINMENT,TRIBUTE,Bi-Weekly - 26 Issues
707561,67326,Title SIP,SIP,2024-05-13,2024-08-15,17.490000000000002,SPORT,OTHER SPORTS,Semi-Annual - 02 Issue
681201,33983,Title SIP,SIP,2024-01-29,2024-05-02,15.49,HOME,GARDEN,Quarterly - 04 Issues
710244,58006,Starline Stories,Weeklies,2024-04-15,2024-04-29,9.49,ENTERTAINMENT,CELEBRITY PROFILE,Weekly - 52 Issues
563481,57601,Spotlight Lives,Weeklies,2023-01-16,2023-01-30,8.49,ENTERTAINMENT,CELEBRITY PROFILE,Bi-Weekly - 26 Issues
558460,41300,Title SIP,SIP,2023-01-30,2023-05-04,16.490000000000002,HUMAN CULTURE,HISTORY,Quarterly - 04 Issues
727422,57983,Fame & Faces,Weeklies,2024-03-25,2024-04-08,8.49,ENTERTAINMENT,CELEBRITY PROFILE,Bi-Weekly - 26 Issues
704384,57983,Fame & Faces,Weeklies,2024-02-26,2024-03-11,8.49,ENTERTAINMENT,CELEBRITY PROFILE,Bi-Weekly - 26 Issues
707324,67320,Title SIP,SIP,2024-03-25,2024-06-27,15.49,ENTERTAINMENT,CELEBRITY PROFILE,Semi-Annual - 02 Issue
689224,33992,Title SIP,SIP,2024-05-13,2024-08-15,16.490000000000002,FOOD,SPIRITS,Quarterly - 04 Issues
685553,33984,Title SIP,SIP,2024-01-22,2024-04-25,15.49,HOME,GARDEN,Quarterly - 04 Issues
706335,58006,Starline Stories,Weeklies,2024-06-10,2024-06-24,9.49,ENTERTAINMENT,CELEBRITY PROFILE,Weekly - 52 Issues
655841,33950,Title SIP,SIP,2023-08-21,2023-11-23,11.49,HOBBY,ACTIVITY / COLORING,Quarterly - 04 Issues
574530,67372,Title SIP,SIP,2023-04-03,2023-07-06,15.49,HOBBY,COLLECTOR/MINIATURES,Quarterly - 04 Issues
675463,64803,Simply Woman,Weeklies,2023-11-06,2023-11-23,4.99,WOMENS,EVERYDAY LIVING,Weekly - 52 Issues
653457,67322,Title SIP,SIP,2023-07-03,2023-10-05,15.49,ENTERTAINMENT,MOVIE / TELEVISION,Semi-Annual - 02 Issue
561109,67374,Title SIP,SIP,2023-01-23,2023-04-27,15.49,FOOD,HEALTHY EATING,Quarterly - 04 Issues
634578,34002,Title SIP,SIP,2023-07-17,2023-10-19,15.49,HUMAN CULTURE,TRAVEL,Semi-Annual - 02 Issue
684886,9298,Title SIP,SIP,2023-12-11,2024-03-14,15.49,PUZZLES,FILL-IN,Quarterly - 04 Issues
662771,64476,Title SIP,SIP,2023-10-23,2024-01-25,14.49,ENTERTAINMENT,TRIBUTE,Quarterly - 04 Issues
648230,9423,Title SIP,SIP,2023-07-03,2023-10-05,15.49,ENTERTAINMENT,MOVIE / TELEVISION,Quarterly - 04 Issues
667252,33996,Title SIP,SIP,2023-10-09,2024-01-11,15.49,FOOD,HEALTHY EATING,Quarterly - 04 Issues
675112,67319,Title SIP,SIP,2023-11-20,2024-02-22,15.49,HUMAN CULTURE,CALENDAR,Semi-Annual - 02 Issue
662356,33997,Title SIP,SIP,2023-11-06,2024-02-08,15.49,HOME,GARDEN,Quarterly - 04 Issues
658841,57983,Fame & Faces,Weeklies,2023-08-28,2023-09-11,8.49,ENTERTAINMENT,CELEBRITY PROFILE,Bi-Weekly - 26 Issues
641617,57983,Fame & Faces,Weeklies,2023-06-05,2023-06-19,8.49,ENTERTAINMENT,CELEBRITY PROFILE,Bi-Weekly - 26 Issues
681418,57983,Fame & Faces,Weeklies,2024-01-15,2024-01-29,8.49,ENTERTAINMENT,CELEBRITY PROFILE,Bi-Weekly - 26 Issues
680333,9425,Title SIP,SIP,2024-01-01,2024-04-04,15.49,HOBBY,ANIMAL,Quarterly - 04 Issues
708403,57607,Starline Stories,Weeklies,2024-02-26,2024-03-11,8.49,ENTERTAINMENT,CELEBRITY PROFILE,Bi-Weekly - 26 Issues
663170,33974,Title SIP,SIP,2023-08-14,2023-11-16,15.49,HOBBY,VIDEO GAMES,Quarterly - 04 Issues
563833,33984,Title SIP,SIP,2023-02-20,2023-05-25,15.49,FOOD,HEALTHY EATING,Quarterly - 04 Issues
561049,33981,Title SIP,SIP,2023-02-13,2023-05-18,15.49,HOBBY,VIDEO GAMES,Quarterly - 04 Issues
567557,64449,Simply Woman,Weeklies,2023-03-06,2023-03-23,4.99,WOMENS,EVERYDAY LIVING,Weekly - 52 Issues
666564,64468,Title SIP,SIP,2023-11-20,2024-02-22,15.49,ENTERTAINMENT,MOVIE / TELEVISION,Quarterly - 04 Issues
651375,33549,Echo of Fame,Weeklies,2023-08-07,2023-08-21,8.49,ENTERTAINMENT,CELEBRITY PROFILE,Weekly - 52 Issues
661222,57607,Starline Stories,Weeklies,2023-08-28,2023-09-11,8.49,ENTERTAINMENT,CELEBRITY PROFILE,Bi-Weekly - 26 Issues
700223,41249,Title SIP,SIP,2024-05-27,2024-08-29,14.49,HOBBY,VIDEO GAMES,Quarterly - 04 Issues
704185,33583,Fame & Faces,Weeklies,2024-01-22,2024-02-05,8.49,ENTERTAINMENT,CELEBRITY PROFILE,Bi-Weekly - 26 Issues
714358,64449,Simply Woman,Weeklies,2024-06-24,2024-07-11,4.99,WOMENS,EVERYDAY LIVING,Weekly - 52 Issues
685817,64453,Everyday Bloom,Weeklies,2024-04-01,2024-04-18,6.99,WOMENS,EVERYDAY LIVING,Bi-Weekly - 26 Issues
694928,41156,Title SIP,SIP,2024-03-25,2024-06-27,15.49,FOOD,HEALTHY EATING,Quarterly - 04 Issues
683800,9415,Title SIP,SIP,2024-01-15,2024-04-18,15.49,ENTERTAINMENT,MOVIE / TELEVISION,Quarterly - 04 Issues
697800,57549,Echo of Fame,Weeklies,2024-04-08,2024-04-22,8.49,ENTERTAINMENT,TRIBUTE,Bi-Weekly - 26 Issues
697205,64449,Simply Woman,Weeklies,2024-03-18,2024-04-04,4.99,WOMENS,EVERYDAY LIVING,Weekly - 52 Issues
721966,58006,Starline Stories,Weeklies,2024-04-22,2024-05-06,9.49,ENTERTAINMENT,CELEBRITY PROFILE,Weekly - 52 Issues
558557,64453,Everyday Bloom,Weeklies,2023-01-30,2023-02-23,6.99,WOMENS,EVERYDAY LIVING,Bi-Weekly - 26 Issues
657034,64836,Simply Woman,Weeklies,2023-08-07,2023-08-24,5.99,WOMENS,EVERYDAY LIVING,Weekly - 52 Issues
651879,58005,Spotlight Lives,Weeklies,2023-08-14,2023-08-28,8.49,ENTERTAINMENT,CELEBRITY PROFILE,Weekly - 52 Issues
698659,58005,Spotlight Lives,Weeklies,2024-04-22,2024-05-06,8.49,ENTERTAINMENT,CELEBRITY PROFILE,Weekly - 52 Issues
653081,41240,Title SIP,SIP,2023-08-14,2023-11-16,14.49,FOOD,HEALTHY EATING,Quarterly - 04 Issues
645079,57549,Echo of Fame,Weeklies,2023-07-31,2023-08-14,8.49,ENTERTAINMENT,TRIBUTE,Bi-Weekly - 26 Issues
631508,64454,Title SIP,SIP,2023-07-17,2023-10-19,8.49,PUZZLES,XWORD,Quarterly - 04 Issues
693228,33963,Title SIP,SIP,2024-01-01,2024-04-04,11.49,HOBBY,ACTIVITY / COLORING,Quarterly - 04 Issues
721729,9380,Title SIP,SIP,2024-03-18,2024-06-20,15.49,ENTERTAINMENT,MUSIC,Quarterly - 04 Issues
676803,58005,Spotlight Lives,Weeklies,2024-01-08,2024-01-22,8.49,ENTERTAINMENT,CELEBRITY PROFILE,Weekly - 52 Issues
649221,33607,Starline Stories,Weeklies,2023-07-24,2023-08-07,8.49,ENTERTAINMENT,CELEBRITY PROFILE,Bi-Weekly - 26 Issues
559264,57984,Fame & Faces,Weeklies,2023-01-30,2023-02-13,8.49,ENTERTAINMENT,CELEBRITY PROFILE,Weekly - 52 Issues
650727,64449,Simply Woman,Weeklies,2023-07-24,2023-08-10,4.99,WOMENS,EVERYDAY LIVING,Weekly - 52 Issues
633907,33996,Title SIP,SIP,2023-07-10,2023-10-12,15.49,LIFESTYLE,SOCIAL,Quarterly - 04 Issues
647175,57607,Starline Stories,Weeklies,2023-07-03,2023-07-17,8.49,ENTERTAINMENT,CELEBRITY PROFILE,Bi-Weekly - 26 Issues
574725,67374,Title SIP,SIP,2023-04-24,2023-07-27,15.49,FAMILY,PETS,Quarterly - 04 Issues
657753,33979,Title SIP,SIP,2023-10-09,2024-01-11,15.49,ENTERTAINMENT,TRIBUTE,Quarterly - 04 Issues
652497,33962,Title SIP,SIP,2023-08-07,2023-11-09,11.49,HOBBY,ACTIVITY / COLORING,Quarterly - 04 Issues
666734,41092,Title SIP,SIP,2023-11-27,2024-02-29,15.49,SPORT,BASKETBALL,Quarterly - 04 Issues
576924,64803,Simply Woman,Weeklies,2023-04-24,2023-05-11,4.99,WOMENS,EVERYDAY LIVING,Weekly - 52 Issues
580918,9421,Title SIP,SIP,2023-06-12,2023-09-14,15.49,WOMENS,FASHION,Quarterly - 04 Issues
665923,9306,Title SIP,SIP,2023-09-25,2023-12-28,15.49,ENTERTAINMENT,MOVIE / TELEVISION,Quarterly - 04 Issues
576781,41240,Title SIP,SIP,2023-05-01,2023-08-03,14.49,HOBBY,VIDEO GAMES,Quarterly - 04 Issues
670661,34011,Title SIP,SIP,2023-11-13,2024-02-15,15.49,ENTERTAINMENT,MOVIE / TELEVISION,Quarterly - 04 Issues
355307,67322,Title SIP,SIP,2023-01-02,2023-04-06,15.49,FOOD,EVERYDAY EATING,Semi-Annual - 02 Issue
674850,34014,Title SIP,SIP,2023-12-11,2024-03-14,15.49,ENTERTAINMENT,MUSIC,Quarterly - 04 Issues
642323,34006,Title SIP,SIP,2023-07-24,2023-10-26,15.49,ENTERTAINMENT,MUSIC,Quarterly - 04 Issues
642919,34022,Title SIP,SIP,2023-08-21,2023-11-23,15.49,HUMAN CULTURE,HISTORY,Semi-Annual - 02 Issue
568923,57607,Starline Stories,Weeklies,2023-03-13,2023-03-27,8.49,ENTERTAINMENT,CELEBRITY PROFILE,Bi-Weekly - 26 Issues
564408,57549,Echo of Fame,Weeklies,2023-02-13,2023-02-27,8.49,ENTERTAINMENT,TRIBUTE,Bi-Weekly - 26 Issues
580236,33971,Title SIP,SIP,2023-06-05,2023-09-07,15.49,HUMAN CULTURE,TRAVEL,Quarterly - 04 Issues
689574,9290,Title SIP,SIP,2023-12-18,2024-03-21,15.49,HUMAN CULTURE,MYSTERY/SCI-FI,Quarterly - 04 Issues
703454,64803,Simply Woman,Weeklies,2024-05-06,2024-05-23,4.99,WOMENS,EVERYDAY LIVING,Weekly - 52 Issues
559532,64836,Simply Woman,Weeklies,2023-01-23,2023-02-09,5.99,WOMENS,EVERYDAY LIVING,Weekly - 52 Issues
666001,33993,Title SIP,SIP,2023-10-30,2024-02-01,15.49,HOME,GARDEN,Quarterly - 04 Issues
580822,33965,Title SIP,SIP,2023-05-22,2023-08-24,15.49,HUMAN CULTURE,MYSTERY/SCI-FI,Semi-Annual - 02 Issue
569735,57983,Fame & Faces,Weeklies,2023-03-13,2023-03-27,8.49,ENTERTAINMENT,CELEBRITY PROFILE,Bi-Weekly - 26 Issues
652078,34011,Title SIP,SIP,2023-07-31,2023-11-02,15.49,ENTERTAINMENT,TRIBUTE,Quarterly - 04 Issues
564110,41250,Title SIP,SIP,2023-02-27,2023-06-01,14.49,HOME,GARDEN,Quarterly - 04 Issues
562967,9295,Title SIP,SIP,2023-02-27,2023-06-01,15.49,FOOD,SPIRITS,Quarterly - 04 Issues
676769,41097,Title SIP,SIP,2023-12-25,2024-03-28,15.49,FOOD,HEALTHY EATING,Bi-Monthly - 06 Issues
691710,64803,Simply Woman,Weeklies,2024-02-26,2024-03-14,4.99,WOMENS,EVERYDAY LIVING,Weekly - 52 Issues
682579,41300,Title SIP,SIP,2024-01-08,2024-04-11,16.490000000000002,SPORT,FOOTBALL,Quarterly - 04 Issues
697429,67374,Title SIP,SIP,2024-01-29,2024-05-02,15.49,ENTERTAINMENT,MOVIE / TELEVISION,Quarterly - 04 Issues
712111,41249,Title SIP,SIP,2024-05-27,2024-08-29,14.49,HOBBY,VIDEO GAMES,Quarterly - 04 Issues
704950,33967,Title SIP,SIP,2024-04-29,2024-08-01,15.49,HEALTH & FITNESS,PHYSICAL FITNESS,Quarterly - 04 Issues
708269,57607,Starline Stories,Weeklies,2024-05-06,2024-05-20,8.49,ENTERTAINMENT,CELEBRITY PROFILE,Bi-Weekly - 26 Issues
676463,33983,Title SIP,SIP,2024-01-29,2024-05-02,15.49,HOME,GARDEN,Quarterly - 04 Issues
690063,33583,Fame & Faces,Weeklies,2024-04-15,2024-04-29,8.49,ENTERTAINMENT,CELEBRITY PROFILE,Bi-Weekly - 26 Issues
682416,41152,Title SIP,SIP,2024-03-25,2024-06-27,15.49,HOME,DECORATING,Quarterly - 04 Issues
706553,58005,Spotlight Lives,Weeklies,2024-04-22,2024-05-06,8.49,ENTERTAINMENT,CELEBRITY PROFILE,Weekly - 52 Issues
734922,57983,Fame & Faces,Weeklies,2024-04-08,2024-04-22,8.49,ENTERTAINMENT,CELEBRITY PROFILE,Bi-Weekly - 26 Issues
686596,33964,Title SIP,SIP,2024-01-22,2024-04-25,19.49,ENTERTAINMENT,MUSIC,Quarterly - 04 Issues
684617,67322,Title SIP,SIP,2024-04-08,2024-07-11,15.49,ENTERTAINMENT,MOVIE / TELEVISION,Semi-Annual - 02 Issue
686410,64453,Everyday Bloom,Weeklies,2024-02-12,2024-03-04,6.99,WOMENS,EVERYDAY LIVING,Bi-Weekly - 26 Issues
560636,57601,Spotlight Lives,Weeklies,2023-01-30,2023-02-13,8.49,ENTERTAINMENT,CELEBRITY PROFILE,Bi-Weekly - 26 Issues
647240,33583,Fame & Faces,Weeklies,2023-09-04,2023-09-18,8.49,ENTERTAINMENT,CELEBRITY PROFILE,Bi-Weekly - 26 Issues
579379,33601,Spotlight Lives,Weeklies,2023-05-01,2023-05-15,8.49,ENTERTAINMENT,CELEBRITY PROFILE,Bi-Weekly - 26 Issues
662879,33962,Title SIP,SIP,2023-08-07,2023-11-09,11.49,HOBBY,ACTIVITY / COLORING,Quarterly - 04 Issues
653420,33990,Title SIP,SIP,2023-10-30,2024-02-01,15.49,HUMAN CULTURE,CALENDAR,Quarterly - 04 Issues
647937,64477,Title SIP,SIP,2023-07-10,2023-10-12,15.49,ENTERTAINMENT,TRIBUTE,Quarterly - 04 Issues
655870,9412,Title SIP,SIP,2023-08-07,2023-11-09,15.49,ENTERTAINMENT,MOVIE / TELEVISION,Quarterly - 04 Issues
673492,64473,Title SIP,SIP,2023-11-13,2024-02-15,15.49,ENTERTAINMENT,MUSIC,Semi-Annual - 02 Issue
665858,41093,Title SIP,SIP,2023-12-11,2024-03-14,15.49,ENTERTAINMENT,MUSIC,Quarterly - 04 Issues
569600,33961,Title SIP,SIP,2023-04-10,2023-07-13,11.49,HOBBY,ACTIVITY / COLORING,Quarterly - 04 Issues
671547,64449,Simply Woman,Weeklies,2023-10-16,2023-11-02,4.99,WOMENS,EVERYDAY LIVING,Weekly - 52 Issues
555897,33514,Title SIP,SIP,2023-01-09,2023-04-13,16.490000000000002,FOOD,EVERYDAY EATING,Bi-Monthly - 06 Issues
582101,57607,Starline Stories,Weeklies,2023-05-08,2023-05-22,8.49,ENTERTAINMENT,CELEBRITY PROFILE,Bi-Weekly - 26 Issues
557132,64449,Simply Woman,Weeklies,2023-01-09,2023-01-26,4.99,WOMENS,EVERYDAY LIVING,Weekly - 52 Issues
652660,64449,Simply Woman,Weeklies,2023-08-07,2023-08-24,4.99,WOMENS,EVERYDAY LIVING,Weekly - 52 Issues
577342,9417,Title SIP,SIP,2023-05-08,2023-08-10,15.49,ENTERTAINMENT,CELEBRITY PROFILE,Quarterly - 04 Issues
657127,67309,Title SIP,SIP,2023-10-23,2024-01-25,15.49,ENTERTAINMENT,MOVIE / TELEVISION,Quarterly - 04 Issues
645329,67320,Title SIP,SIP,2023-06-26,2023-09-28,15.49,ENTERTAINMENT,TRIBUTE,Semi-Annual - 02 Issue
677977,33962,Title SIP,SIP,2023-11-27,2024-02-29,11.49,HOBBY,ACTIVITY / COLORING,Quarterly - 04 Issues
575343,57601,Spotlight Lives,Weeklies,2023-04-24,2023-05-08,8.49,ENTERTAINMENT,CELEBRITY PROFILE,Bi-Weekly - 26 Issues
577334,41150,Title SIP,SIP,2023-05-15,2023-08-17,15.49,ENTERTAINMENT,MOVIE / TELEVISION,Quarterly - 04 Issues
572098,41155,Title SIP,SIP,2023-04-17,2023-07-20,14.49,HOME,DECORATING,Quarterly - 04 Issues
641049,33997,Title SIP,SIP,2023-07-17,2023-10-19,15.49,HUMAN CULTURE,MYSTERY/SCI-FI,Quarterly - 04 Issues
580051,57983,Fame & Faces,Weeklies,2023-04-24,2023-05-08,8.49,ENTERTAINMENT,CELEBRITY PROFILE,Bi-Weekly - 26 Issues
562350,57607,Starline Stories,Weeklies,2023-01-02,2023-01-16,8.49,ENTERTAINMENT,CELEBRITY PROFILE,Bi-Weekly - 26 Issues
579068,67392,Everyday Bloom,Weeklies,2023-06-05,2023-06-29,5.99,WOMENS,EVERYDAY LIVING,Monthly - 12 Issues
713092,64833,Title SIP,SIP,2024-06-03,2024-09-05,11.49,HUMAN CULTURE,SOCIAL,Quarterly - 04 Issues
726405,41095,Title SIP,SIP,2024-05-27,2024-08-29,15.49,ENTERTAINMENT,TRIBUTE,Quarterly - 04 Issues
719681,57983,Fame & Faces,Weeklies,2024-06-03,2024-06-17,8.49,ENTERTAINMENT,CELEBRITY PROFILE,Bi-Weekly - 26 Issues
683692,57607,Starline Stories,Weeklies,2023-12-18,2024-01-01,8.49,ENTERTAINMENT,CELEBRITY PROFILE,Bi-Weekly - 26 Issues
677301,33967,Title SIP,SIP,2023-12-25,2024-03-28,15.49,HOME,DECORATING,Quarterly - 04 Issues
574194,67374,Title SIP,SIP,2023-04-24,2023-07-27,15.49,FAMILY,PETS,Quarterly - 04 Issues
584129,33968,Title SIP,SIP,2023-05-29,2023-08-31,15.49,ENTERTAINMENT,CELEBRITY PROFILE,Quarterly - 04 Issues
570732,34013,Title SIP,SIP,2023-04-03,2023-07-06,15.49,ENTERTAINMENT,MUSIC,Quarterly - 04 Issues
667641,57549,Echo of Fame,Weeklies,2023-10-09,2023-10-23,8.49,ENTERTAINMENT,TRIBUTE,Bi-Weekly - 26 Issues
559860,57607,Starline Stories,Weeklies,2023-01-02,2023-01-16,8.49,ENTERTAINMENT,CELEBRITY PROFILE,Bi-Weekly - 26 Issues
657424,64457,Title SIP,SIP,2023-10-16,2024-01-18,8.49,PUZZLES,SUDOKU,Bi-Monthly - 06 Issues
664078,67317,Title SIP,SIP,2023-10-16,2024-01-18,15.49,ENTERTAINMENT,MUSIC,Semi-Annual - 02 Issue
690494,64803,Simply Woman,Weeklies,2024-02-26,2024-03-14,4.99,WOMENS,EVERYDAY LIVING,Weekly - 52 Issues
683883,9414,Title SIP,SIP,2024-03-11,2024-06-13,15.49,HUMAN CULTURE,TRAVEL,Quarterly - 04 Issues
737082,9292,Title SIP,SIP,2024-05-13,2024-08-15,15.49,ENTERTAINMENT,MUSIC,Quarterly - 04 Issues
701358,64453,Everyday Bloom,Weeklies,2024-06-24,2024-07-11,6.99,WOMENS,EVERYDAY LIVING,Bi-Weekly - 26 Issues
582674,58005,Spotlight Lives,Weeklies,2023-05-29,2023-06-12,8.49,ENTERTAINMENT,CELEBRITY PROFILE,Weekly - 52 Issues
665872,33607,Starline Stories,Weeklies,2023-09-04,2023-09-18,8.49,ENTERTAINMENT,CELEBRITY PROFILE,Bi-Weekly - 26 Issues
583351,64449,Simply Woman,Weeklies,2023-05-15,2023-06-01,4.99,WOMENS,EVERYDAY LIVING,Weekly - 52 Issues
688687,9414,Title SIP,SIP,2024-03-11,2024-06-13,15.49,HUMAN CULTURE,TRAVEL,Quarterly - 04 Issues
695738,33583,Fame & Faces,Weeklies,2024-03-18,2024-04-01,8.49,ENTERTAINMENT,CELEBRITY PROFILE,Bi-Weekly - 26 Issues
702130,34020,Title SIP,SIP,2024-04-15,2024-07-18,15.49,FOOD,EVERYDAY EATING,Quarterly - 04 Issues
587734,33956,Title SIP,SIP,2023-06-19,2023-09-21,11.49,PUZZLES,LOGIC,Quarterly - 04 Issues
572676,9416,Title SIP,SIP,2023-05-01,2023-08-03,15.49,ENTERTAINMENT,CELEBRITY PROFILE,Quarterly - 04 Issues
663197,33549,Echo of Fame,Weeklies,2023-12-11,2023-12-25,8.49,ENTERTAINMENT,CELEBRITY PROFILE,Weekly - 52 Issues
651547,64803,Simply Woman,Weeklies,2023-10-09,2023-10-26,4.99,WOMENS,EVERYDAY LIVING,Weekly - 52 Issues
580566,67316,Title SIP,SIP,2023-05-22,2023-08-24,15.49,ENTERTAINMENT,MUSIC,Semi-Annual - 02 Issue
581728,67308,Title SIP,SIP,2023-05-01,2023-08-03,15.49,FOOD,EVERYDAY EATING,Quarterly - 04 Issues
557584,64477,Title SIP,SIP,2023-01-16,2023-04-20,15.49,ENTERTAINMENT,CELEBRITY PROFILE,Quarterly - 04 Issues
657114,67303,Title SIP,SIP,2023-05-29,2023-08-31,15.49,ENTERTAINMENT,CELEBRITY PROFILE,Quarterly - 04 Issues
576383,64832,Title SIP,SIP,2023-05-22,2023-08-24,11.49,HOME,DECORATING,Quarterly - 04 Issues
564832,33601,Spotlight Lives,Weeklies,2023-02-20,2023-03-06,8.49,ENTERTAINMENT,CELEBRITY PROFILE,Bi-Weekly - 26 Issues
650356,67325,Title SIP,SIP,2023-08-28,2023-11-30,15.49,FOOD,EVERYDAY EATING,Semi-Annual - 02 Issue
300580,67322,Title SIP,SIP,2023-01-02,2023-04-06,15.49,FOOD,EVERYDAY EATING,Semi-Annual - 02 Issue
558743,67323,Title SIP,SIP,2023-01-09,2023-04-13,16.490000000000002,SPORT,COMMEMORATIVE,Semi-Annual - 02 Issue
665481,33955,Title SIP,SIP,2023-10-09,2024-01-11,11.49,HOBBY,ACTIVITY / COLORING,Quarterly - 04 Issues
664180,33583,Fame & Faces,Weeklies,2023-10-02,2023-10-16,8.49,ENTERTAINMENT,CELEBRITY PROFILE,Bi-Weekly - 26 Issues
590426,33978,Title SIP,SIP,2023-06-12,2023-09-14,15.49,ENTERTAINMENT,TRIBUTE,Quarterly - 04 Issues
560855,33974,Title SIP,SIP,2023-02-06,2023-05-11,15.49,FAMILY,EDUCATIONAL,Quarterly - 04 Issues
664391,64449,Simply Woman,Weeklies,2023-10-16,2023-11-02,4.99,WOMENS,EVERYDAY LIVING,Weekly - 52 Issues
557085,67392,Everyday Bloom,Weeklies,2023-01-30,2023-02-23,5.99,WOMENS,EVERYDAY LIVING,Monthly - 12 Issues
720419,33966,Title SIP,SIP,2024-05-27,2024-08-29,15.49,HOME,DECORATING,Quarterly - 04 Issues
719904,67321,Title SIP,SIP,2024-05-27,2024-08-29,16.490000000000002,SPORT,FOOTBALL,Semi-Annual - 02 Issue
705940,64466,Title SIP,SIP,2024-02-19,2024-05-23,15.49,SPORT,COMMEMORATIVE,Semi-Annual - 02 Issue
654814,9293,Title SIP,SIP,2023-08-07,2023-11-09,15.49,SPORT,GOLF,Quarterly - 04 Issues
685674,9391,Title SIP,SIP,2023-12-04,2024-03-07,15.49,HOME,BUILDING,Quarterly - 04 Issues
577324,41247,Title SIP,SIP,2023-05-29,2023-08-31,14.49,HOME,DECORATING,Quarterly - 04 Issues
571302,9301,Title SIP,SIP,2023-03-27,2023-06-29,15.49,HOBBY,COMICS,Quarterly - 04 Issues
663304,33607,Starline Stories,Weeklies,2023-10-16,2023-10-30,8.49,ENTERTAINMENT,CELEBRITY PROFILE,Bi-Weekly - 26 Issues
665516,57601,Spotlight Lives,Weeklies,2023-09-11,2023-09-25,8.49,ENTERTAINMENT,CELEBRITY PROFILE,Bi-Weekly - 26 Issues
639864,33549,Echo of Fame,Weeklies,2023-06-12,2023-06-26,8.49,ENTERTAINMENT,CELEBRITY PROFILE,Weekly - 52 Issues
579584,57601,Spotlight Lives,Weeklies,2023-04-24,2023-05-08,8.49,ENTERTAINMENT,CELEBRITY PROFILE,Bi-Weekly - 26 Issues
659474,57984,Fame & Faces,Weeklies,2023-09-25,2023-10-09,8.49,ENTERTAINMENT,CELEBRITY PROFILE,Weekly - 52 Issues
693743,41312,Title SIP,SIP,2024-02-19,2024-05-23,16.490000000000002,ENTERTAINMENT,MUSIC,Quarterly - 04 Issues
730954,33549,Echo of Fame,Weeklies,2024-06-24,2024-07-08,8.49,ENTERTAINMENT,CELEBRITY PROFILE,Weekly - 52 Issues
727585,33958,Title SIP,SIP,2024-05-13,2024-08-15,11.49,HOBBY,ACTIVITY / COLORING,Quarterly - 04 Issues
666036,67326,Title SIP,SIP,2023-12-25,2024-03-28,15.49,ENTERTAINMENT,MUSIC,Semi-Annual - 02 Issue
688622,33549,Echo of Fame,Weeklies,2024-02-19,2024-03-04,8.49,ENTERTAINMENT,CELEBRITY PROFILE,Weekly - 52 Issues
672425,64459,Title SIP,SIP,2024-01-01,2024-04-04,9.49,PUZZLES,XWORD,Quarterly - 04 Issues
676691,41097,Title SIP,SIP,2023-12-25,2024-03-28,15.49,FOOD,HEALTHY EATING,Bi-Monthly - 06 Issues
684077,33601,Spotlight Lives,Weeklies,2024-03-18,2024-04-01,8.49,ENTERTAINMENT,CELEBRITY PROFILE,Bi-Weekly - 26 Issues
710470,33607,Starline Stories,Weeklies,2024-05-13,2024-05-27,8.49,ENTERTAINMENT,CELEBRITY PROFILE,Bi-Weekly - 26 Issues
562865,64453,Everyday Bloom,Weeklies,2023-03-13,2023-04-06,6.99,WOMENS,EVERYDAY LIVING,Bi-Weekly - 26 Issues
582529,64836,Simply Woman,Weeklies,2023-05-15,2023-06-01,5.99,WOMENS,EVERYDAY LIVING,Weekly - 52 Issues
576610,34000,Title SIP,SIP,2023-05-01,2023-08-03,15.49,ENTERTAINMENT,MOVIE / TELEVISION,Semi-Annual - 02 Issue
677606,67327,Title SIP,SIP,2024-01-08,2024-04-11,15.49,ENTERTAINMENT,MOVIE / TELEVISION,Semi-Annual - 02 Issue
571451,9301,Title SIP,SIP,2023-03-27,2023-06-29,15.49,HOBBY,COMICS,Quarterly - 04 Issues
721849,41093,Title SIP,SIP,2024-04-22,2024-07-25,16.490000000000002,ENTERTAINMENT,TRIBUTE,Quarterly - 04 Issues
564508,33549,Echo of Fame,Weeklies,2023-02-06,2023-02-20,8.49,ENTERTAINMENT,CELEBRITY PROFILE,Weekly - 52 Issues
648129,9424,Title SIP,SIP,2023-08-07,2023-11-09,15.49,HUMAN CULTURE,TRAVEL,Quarterly - 04 Issues
583211,41245,Title SIP,SIP,2023-06-12,2023-09-14,14.49,HOBBY,VIDEO GAMES,Quarterly - 04 Issues
567162,57984,Fame & Faces,Weeklies,2023-02-20,2023-03-06,8.49,ENTERTAINMENT,CELEBRITY PROFILE,Weekly - 52 Issues
647859,33583,Fame & Faces,Weeklies,2023-07-10,2023-07-24,8.49,ENTERTAINMENT,CELEBRITY PROFILE,Bi-Weekly - 26 Issues
683279,64471,Title SIP,SIP,2023-11-06,2024-02-08,15.49,SPORT,BASKETBALL,Semi-Annual - 02 Issue
630188,9386,Title SIP,SIP,2023-06-26,2023-09-28,15.49,HUMAN CULTURE,HISTORY,Quarterly - 04 Issues
650468,57983,Fame & Faces,Weeklies,2023-09-25,2023-10-09,8.49,ENTERTAINMENT,CELEBRITY PROFILE,Bi-Weekly - 26 Issues
579127,57983,Fame & Faces,Weeklies,2023-05-22,2023-06-05,8.49,ENTERTAINMENT,CELEBRITY PROFILE,Bi-Weekly - 26 Issues
668985,64449,Simply Woman,Weeklies,2023-09-18,2023-10-05,4.99,WOMENS,EVERYDAY LIVING,Weekly - 52 Issues
675715,64459,Title SIP,SIP,2024-01-01,2024-04-04,8.49,PUZZLES,XWORD,Quarterly - 04 Issues
651664,9301,Title SIP,SIP,2023-09-04,2023-12-07,15.49,ENTERTAINMENT,MOVIE / TELEVISION,Quarterly - 04 Issues
647534,34013,Title SIP,SIP,2023-07-31,2023-11-02,15.49,ENTERTAINMENT,MOVIE / TELEVISION,Quarterly - 04 Issues
581092,41152,Title SIP,SIP,2023-05-22,2023-08-24,15.49,ENTERTAINMENT,CELEBRITY PROFILE,Quarterly - 04 Issues
571982,34013,Title SIP,SIP,2023-04-03,2023-07-06,15.49,ENTERTAINMENT,MUSIC,Quarterly - 04 Issues
650039,57607,Starline Stories,Weeklies,2023-06-05,2023-06-19,8.49,ENTERTAINMENT,CELEBRITY PROFILE,Bi-Weekly - 26 Issues
668785,57549,Echo of Fame,Weeklies,2023-09-11,2023-09-25,8.49,ENTERTAINMENT,TRIBUTE,Bi-Weekly - 26 Issues
667945,67310,Title SIP,SIP,2023-10-02,2024-01-04,8.49,PUZZLES,WORD SEEK,Semi-Annual - 02 Issue
671962,67313,Title SIP,SIP,2023-10-30,2024-02-01,9.49,PUZZLES,SUDOKU,Semi-Annual - 02 Issue
665109,64453,Everyday Bloom,Weeklies,2023-12-11,2024-01-04,6.99,WOMENS,EVERYDAY LIVING,Bi-Weekly - 26 Issues
698209,57601,Spotlight Lives,Weeklies,2024-01-29,2024-02-12,8.49,ENTERTAINMENT,CELEBRITY PROFILE,Bi-Weekly - 26 Issues
670028,9425,Title SIP,SIP,2024-01-01,2024-04-04,15.49,HOBBY,ANIMAL,Quarterly - 04 Issues
700043,67392,Everyday Bloom,Weeklies,2024-05-20,2024-06-06,5.99,WOMENS,EVERYDAY LIVING,Monthly - 12 Issues
702616,67310,Title SIP,SIP,2024-04-22,2024-07-25,9.49,PUZZLES,VARIETY,Semi-Annual - 02 Issue
703516,33607,Starline Stories,Weeklies,2024-04-01,2024-04-15,8.49,ENTERTAINMENT,CELEBRITY PROFILE,Bi-Weekly - 26 Issues
665654,67371,Title SIP,SIP,2023-11-20,2024-02-22,15.49,FOOD,HEALTHY EATING,Quarterly - 04 Issues
693434,64803,Simply Woman,Weeklies,2024-03-25,2024-04-11,4.99,WOMENS,EVERYDAY LIVING,Weekly - 52 Issues
698227,34020,Title SIP,SIP,2024-04-15,2024-07-18,15.49,FOOD,EVERYDAY EATING,Quarterly - 04 Issues
556338,41242,Title SIP,SIP,2023-01-23,2023-04-27,14.49,HOME,DECORATING,Quarterly - 04 Issues
728665,9297,Title SIP,SIP,2024-04-22,2024-07-25,15.49,PUZZLES,FILL-IN,Quarterly - 04 Issues
695574,67325,Title SIP,SIP,2024-01-08,2024-04-11,15.49,ENTERTAINMENT,MUSIC,Semi-Annual - 02 Issue
642873,64453,Everyday Bloom,Weeklies,2023-08-07,2023-08-31,6.99,WOMENS,EVERYDAY LIVING,Bi-Weekly - 26 Issues
644235,9391,Title SIP,SIP,2023-07-10,2023-10-12,15.49,LIFESTYLE,SOCIAL,Quarterly - 04 Issues
574189,33607,Starline Stories,Weeklies,2023-04-03,2023-04-17,8.49,ENTERTAINMENT,CELEBRITY PROFILE,Bi-Weekly - 26 Issues
580105,9418,Title SIP,SIP,2023-05-15,2023-08-17,15.49,ENTERTAINMENT,CELEBRITY PROFILE,Quarterly - 04 Issues
570239,64464,Title SIP,SIP,2023-04-10,2023-07-13,15.49,FOOD,EVERYDAY EATING,Semi-Annual - 02 Issue
640657,67319,Title SIP,SIP,2023-06-19,2023-09-21,15.49,SPORT,COMMEMORATIVE,Semi-Annual - 02 Issue
580146,64832,Title SIP,SIP,2023-05-22,2023-08-24,9.49,HOME,DECORATING,Quarterly - 04 Issues
642244,33583,Fame & Faces,Weeklies,2023-06-12,2023-06-26,8.49,ENTERTAINMENT,CELEBRITY PROFILE,Bi-Weekly - 26 Issues
652550,9411,Title SIP,SIP,2023-07-24,2023-10-26,15.49,SPORT,OTHER SPORTS,Quarterly - 04 Issues
673686,33583,Fame & Faces,Weeklies,2023-12-11,2023-12-25,8.49,ENTERTAINMENT,CELEBRITY PROFILE,Bi-Weekly - 26 Issues
584779,64468,Title SIP,SIP,2023-06-12,2023-09-14,14.49,LIFESTYLE,SOCIAL,Quarterly - 04 Issues
656499,9304,Title SIP,SIP,2023-09-18,2023-12-21,15.49,HUMAN CULTURE,HISTORY,Quarterly - 04 Issues
560306,9411,Title SIP,SIP,2023-01-30,2023-05-04,15.49,HOBBY,VIDEO GAMES,Quarterly - 04 Issues
663247,34000,Title SIP,SIP,2023-12-04,2024-03-07,15.49,ENTERTAINMENT,MOVIE / TELEVISION,Semi-Annual - 02 Issue
571547,57601,Spotlight Lives,Weeklies,2023-03-27,2023-04-10,8.49,ENTERTAINMENT,CELEBRITY PROFILE,Bi-Weekly - 26 Issues
658793,41090,Title SIP,SIP,2023-08-21,2023-11-23,15.49,FOOD,EVERYDAY EATING,Quarterly - 04 Issues
683810,67325,Title SIP,SIP,2024-01-08,2024-04-11,15.49,ENTERTAINMENT,MUSIC,Semi-Annual - 02 Issue
674973,33601,Spotlight Lives,Weeklies,2024-01-08,2024-01-22,8.49,ENTERTAINMENT,CELEBRITY PROFILE,Bi-Weekly - 26 Issues
692359,41090,Title SIP,SIP,2024-04-01,2024-07-04,15.49,SPORT,COMMEMORATIVE,Quarterly - 04 Issues
690788,33601,Spotlight Lives,Weeklies,2024-02-19,2024-03-04,8.49,ENTERTAINMENT,CELEBRITY PROFILE,Bi-Weekly - 26 Issues
554710,41241,Title SIP,SIP,2023-01-16,2023-04-20,14.49,HOBBY,VIDEO GAMES,Quarterly - 04 Issues
575986,33952,Title SIP,SIP,2023-05-15,2023-08-17,11.49,HOBBY,ACTIVITY / COLORING,Quarterly - 04 Issues
665721,9299,Title SIP,SIP,2023-10-23,2024-01-25,15.49,HOME,DECORATING,Quarterly - 04 Issues
679342,67303,Title SIP,SIP,2023-12-04,2024-03-07,15.49,HOME,DECORATING,Quarterly - 04 Issues
581778,57601,Spotlight Lives,Weeklies,2023-05-22,2023-06-05,8.49,ENTERTAINMENT,CELEBRITY PROFILE,Bi-Weekly - 26 Issues
579661,41099,Title SIP,SIP,2023-05-15,2023-08-17,15.49,FAMILY,PETS,Quarterly - 04 Issues
570212,34010,Title SIP,SIP,2023-04-03,2023-07-06,15.49,HOME,GARDEN,Quarterly - 04 Issues
592707,64803,Simply Woman,Weeklies,2023-06-05,2023-06-22,4.99,WOMENS,EVERYDAY LIVING,Weekly - 52 Issues
653745,57549,Echo of Fame,Weeklies,2023-06-05,2023-06-19,8.49,ENTERTAINMENT,TRIBUTE,Bi-Weekly - 26 Issues
683209,57601,Spotlight Lives,Weeklies,2023-10-23,2023-11-06,8.49,ENTERTAINMENT,CELEBRITY PROFILE,Bi-Weekly - 26 Issues
647830,67312,Title SIP,SIP,2023-07-03,2023-10-05,8.49,PUZZLES,WORD SEEK,Semi-Annual - 02 Issue
666100,9307,Title SIP,SIP,2023-10-09,2024-01-11,15.49,SPORT,BASKETBALL,Quarterly - 04 Issues
571211,34014,Title SIP,SIP,2023-04-03,2023-07-06,15.49,ENTERTAINMENT,MUSIC,Quarterly - 04 Issues
700775,64466,Title SIP,SIP,2024-05-27,2024-08-29,15.49,AUTOMOTIVE,HIGH PERFORMANCE,Semi-Annual - 02 Issue
701186,33968,Title SIP,SIP,2024-04-29,2024-08-01,15.49,HEALTH & FITNESS,WELLNESS/EMOTIONAL HEALTH,Quarterly - 04 Issues
703448,33601,Spotlight Lives,Weeklies,2024-05-13,2024-05-27,8.49,ENTERTAINMENT,CELEBRITY PROFILE,Bi-Weekly - 26 Issues
584331,33955,Title SIP,SIP,2023-06-05,2023-09-07,11.49,PUZZLES,LOGIC,Quarterly - 04 Issues
733009,33549,Echo of Fame,Weeklies,2024-05-13,2024-05-27,8.49,ENTERTAINMENT,CELEBRITY PROFILE,Weekly - 52 Issues
687176,64455,Title SIP,SIP,2024-02-26,2024-05-30,8.49,PUZZLES,XWORD,Quarterly - 04 Issues
718124,57984,Fame & Faces,Weeklies,2024-05-06,2024-05-20,8.49,ENTERTAINMENT,CELEBRITY PROFILE,Weekly - 52 Issues
656910,64836,Simply Woman,Weeklies,2023-08-14,2023-08-31,5.99,WOMENS,EVERYDAY LIVING,Weekly - 52 Issues
637088,57984,Fame & Faces,Weeklies,2023-07-24,2023-08-07,8.49,ENTERTAINMENT,CELEBRITY PROFILE,Weekly - 52 Issues
685433,64457,Title SIP,SIP,2024-01-29,2024-05-02,9.49,PUZZLES,WORD SEEK,Bi-Monthly - 06 Issues
687319,33970,Title SIP,SIP,2024-03-11,2024-06-13,15.49,HEALTH & FITNESS,WELLNESS/EMOTIONAL HEALTH,Quarterly - 04 Issues
692462,33583,Fame & Faces,Weeklies,2024-03-04,2024-03-18,8.49,ENTERTAINMENT,CELEBRITY PROFILE,Bi-Weekly - 26 Issues
694811,64449,Simply Woman,Weeklies,2024-02-19,2024-03-07,4.99,WOMENS,EVERYDAY LIVING,Weekly - 52 Issues
574301,64470,Title SIP,SIP,2023-04-24,2023-07-27,15.49,ENTERTAINMENT,MUSIC,Semi-Annual - 02 Issue
643539,33996,Title SIP,SIP,2023-07-10,2023-10-12,15.49,LIFESTYLE,SOCIAL,Quarterly - 04 Issues
667593,34017,Title SIP,SIP,2023-11-27,2024-02-29,15.49,ENTERTAINMENT,MOVIE / TELEVISION,Quarterly - 04 Issues
569373,64451,Everyday Bloom,Weeklies,2023-04-03,2023-04-27,5.99,WOMENS,EVERYDAY LIVING,Monthly - 12 Issues
574978,57607,Starline Stories,Weeklies,2023-04-10,2023-04-24,8.49,ENTERTAINMENT,CELEBRITY PROFILE,Bi-Weekly - 26 Issues
631997,9386,Title SIP,SIP,2023-06-26,2023-09-28,15.49,HUMAN CULTURE,HISTORY,Quarterly - 04 Issues
579432,33969,Title SIP,SIP,2023-05-29,2023-08-31,15.49,ENTERTAINMENT,MUSIC,Quarterly - 04 Issues
644295,33993,Title SIP,SIP,2023-07-10,2023-10-12,15.49,FOOD,HEALTHY EATING,Quarterly - 04 Issues
649856,33990,Title SIP,SIP,2023-07-03,2023-10-05,15.49,ENTERTAINMENT,CELEBRITY PROFILE,Quarterly - 04 Issues
560062,9411,Title SIP,SIP,2023-01-30,2023-05-04,15.49,HOBBY,VIDEO GAMES,Quarterly - 04 Issues
674097,34022,Title SIP,SIP,2023-12-04,2024-03-07,15.49,HUMAN CULTURE,TRAVEL,Semi-Annual - 02 Issue
669345,57607,Starline Stories,Weeklies,2023-09-11,2023-09-25,8.49,ENTERTAINMENT,CELEBRITY PROFILE,Bi-Weekly - 26 Issues
557706,67392,Everyday Bloom,Weeklies,2023-01-30,2023-02-23,5.99,WOMENS,EVERYDAY LIVING,Monthly - 12 Issues
569878,34016,Title SIP,SIP,2023-04-10,2023-07-13,15.49,HOME,GARDEN,Quarterly - 04 Issues
699838,67311,Title SIP,SIP,2024-04-22,2024-07-25,9.49,PUZZLES,WORD SEEK,Semi-Annual - 02 Issue
709134,9308,Title SIP,SIP,2024-04-01,2024-07-04,15.49,ENTERTAINMENT,MUSIC,Quarterly - 04 Issues
576241,34021,Title SIP,SIP,2023-04-10,2023-07-13,15.49,ENTERTAINMENT,MOVIE / TELEVISION,Quarterly - 04 Issues
651751,58006,Starline Stories,Weeklies,2023-07-10,2023-07-24,9.49,ENTERTAINMENT,CELEBRITY PROFILE,Weekly - 52 Issues
672151,34013,Title SIP,SIP,2023-11-20,2024-02-22,15.49,HEALTH & FITNESS,WELLNESS/EMOTIONAL HEALTH,Quarterly - 04 Issues
636487,67392,Everyday Bloom,Weeklies,2023-07-17,2023-08-10,5.99,WOMENS,EVERYDAY LIVING,Monthly - 12 Issues
581210,41246,Title SIP,SIP,2023-05-15,2023-08-17,14.49,HOME,DECORATING,Quarterly - 04 Issues
670301,64455,Title SIP,SIP,2023-11-20,2024-02-22,8.49,PUZZLES,WORD SEEK,Quarterly - 04 Issues
648143,57601,Spotlight Lives,Weeklies,2023-07-17,2023-07-31,8.49,ENTERTAINMENT,CELEBRITY PROFILE,Bi-Weekly - 26 Issues
582448,41246,Title SIP,SIP,2023-05-15,2023-08-17,14.49,HOME,DECORATING,Quarterly - 04 Issues
647352,64454,Title SIP,SIP,2023-07-17,2023-10-19,8.49,PUZZLES,XWORD,Quarterly - 04 Issues
662351,33976,Title SIP,SIP,2023-10-23,2024-01-25,15.49,ENTERTAINMENT,MOVIE / TELEVISION,Quarterly - 04 Issues
629828,33985,Title SIP,SIP,2023-06-26,2023-09-28,15.49,ENTERTAINMENT,CELEBRITY PROFILE,Quarterly - 04 Issues
672854,41242,Title SIP,SIP,2024-01-08,2024-04-11,15.49,HEALTH & FITNESS,WELLNESS/EMOTIONAL HEALTH,Quarterly - 04 Issues
672900,64469,Title SIP,SIP,2024-01-15,2024-04-18,15.49,SPORT,FOOTBALL,Quarterly - 04 Issues
679941,64803,Simply Woman,Weeklies,2024-01-01,2024-01-18,4.99,WOMENS,EVERYDAY LIVING,Weekly - 52 Issues
674012,33996,Title SIP,SIP,2024-01-22,2024-04-25,15.49,FOOD,HEALTHY EATING,Quarterly - 04 Issues
565946,9296,Title SIP,SIP,2023-02-27,2023-06-01,15.49,HOME,DECORATING,Quarterly - 04 Issues
703897,33976,Title SIP,SIP,2024-04-29,2024-06-20,15.49,HEALTH & FITNESS,PHYSICAL FITNESS,Quarterly - 04 Issues
683175,67315,Title SIP,SIP,2024-02-19,2024-05-23,15.49,PUZZLES,FILL-IN,Semi-Annual - 02 Issue
668843,33969,Title SIP,SIP,2023-12-18,2024-03-21,15.49,AUTOMOTIVE,CONTEMPORARY CARS,Quarterly - 04 Issues
687579,57601,Spotlight Lives,Weeklies,2024-01-01,2024-01-15,8.49,ENTERTAINMENT,CELEBRITY PROFILE,Bi-Weekly - 26 Issues
690395,58006,Starline Stories,Weeklies,2024-04-08,2024-04-22,9.49,ENTERTAINMENT,CELEBRITY PROFILE,Weekly - 52 Issues
692088,58005,Spotlight Lives,Weeklies,2023-12-04,2023-12-18,8.49,ENTERTAINMENT,CELEBRITY PROFILE,Weekly - 52 Issues
647168,33964,Title SIP,SIP,2023-09-18,2023-12-21,15.49,ENTERTAINMENT,MUSIC,Quarterly - 04 Issues
578690,33607,Starline Stories,Weeklies,2023-04-17,2023-05-01,8.49,ENTERTAINMENT,CELEBRITY PROFILE,Bi-Weekly - 26 Issues
667446,57984,Fame & Faces,Weeklies,2023-09-25,2023-10-09,8.49,ENTERTAINMENT,CELEBRITY PROFILE,Weekly - 52 Issues
673494,58005,Spotlight Lives,Weeklies,2023-09-11,2023-09-25,8.49,ENTERTAINMENT,CELEBRITY PROFILE,Weekly - 52 Issues
674859,57607,Starline Stories,Weeklies,2023-11-20,2023-12-04,8.49,ENTERTAINMENT,CELEBRITY PROFILE,Bi-Weekly - 26 Issues
716934,57549,Echo of Fame,Weeklies,2024-04-22,2024-05-06,8.49,ENTERTAINMENT,TRIBUTE,Bi-Weekly - 26 Issues
671664,41096,Title SIP,SIP,2023-12-18,2024-03-21,15.49,HEALTH & FITNESS,PHYSICAL FITNESS,Quarterly - 04 Issues
678399,33967,Title SIP,SIP,2023-12-25,2024-03-28,15.49,HOME,DECORATING,Quarterly - 04 Issues
673756,58005,Spotlight Lives,Weeklies,2023-11-13,2023-11-27,8.49,ENTERTAINMENT,CELEBRITY PROFILE,Weekly - 52 Issues
652832,34024,Title SIP,SIP,2023-08-28,2023-11-30,15.49,ENTERTAINMENT,MOVIE / TELEVISION,Quarterly - 04 Issues
667508,33583,Fame & Faces,Weeklies,2023-12-11,2023-12-25,8.49,ENTERTAINMENT,CELEBRITY PROFILE,Bi-Weekly - 26 Issues
647898,9386,Title SIP,SIP,2023-10-23,2024-01-25,15.49,ENTERTAINMENT,MOVIE / TELEVISION,Quarterly - 04 Issues
648266,34012,Title SIP,SIP,2023-07-31,2023-11-02,15.49,FOOD,HEALTHY EATING,Quarterly - 04 Issues
675402,9427,Title SIP,SIP,2023-10-02,2024-01-04,15.49,ENTERTAINMENT,MOVIE / TELEVISION,Quarterly - 04 Issues
674242,33956,Title SIP,SIP,2023-10-30,2024-02-01,11.49,PUZZLES,LOGIC,Quarterly - 04 Issues
560046,33549,Echo of Fame,Weeklies,2023-01-23,2023-02-06,8.49,ENTERTAINMENT,CELEBRITY PROFILE,Weekly - 52 Issues
678709,9381,Title SIP,SIP,2023-10-23,2024-01-25,15.49,FOOD,EVERYDAY EATING,Quarterly - 04 Issues
688598,33601,Spotlight Lives,Weeklies,2024-02-19,2024-03-04,8.49,ENTERTAINMENT,CELEBRITY PROFILE,Bi-Weekly - 26 Issues
641613,33607,Starline Stories,Weeklies,2023-07-10,2023-07-24,8.49,ENTERTAINMENT,CELEBRITY PROFILE,Bi-Weekly - 26 Issues
648178,57774,Title SIP,SIP,2023-07-24,2023-10-26,14.49,OUTDOORS,SURVIVAL,Quarterly - 04 Issues
577743,41311,Title SIP,SIP,2023-05-29,2023-08-31,16.490000000000002,FAMILY,PETS,Quarterly - 04 Issues
562734,57983,Fame & Faces,Weeklies,2023-02-13,2023-02-27,8.49,ENTERTAINMENT,CELEBRITY PROFILE,Bi-Weekly - 26 Issues
575625,33963,Title SIP,SIP,2023-04-24,2023-07-27,11.49,PUZZLES,LOGIC,Quarterly - 04 Issues
642798,64449,Simply Woman,Weeklies,2023-09-18,2023-10-05,4.99,WOMENS,EVERYDAY LIVING,Weekly - 52 Issues
571185,34006,Title SIP,SIP,2023-04-03,2023-07-06,15.49,HUMAN CULTURE,MYSTERY/SCI-FI,Quarterly - 04 Issues
717287,33970,Title SIP,SIP,2024-03-11,2024-06-13,15.49,HEALTH & FITNESS,WELLNESS/EMOTIONAL HEALTH,Quarterly - 04 Issues
676274,57607,Starline Stories,Weeklies,2024-01-01,2024-01-15,8.49,ENTERTAINMENT,CELEBRITY PROFILE,Bi-Weekly - 26 Issues
712745,64449,Simply Woman,Weeklies,2024-05-27,2024-06-13,4.99,WOMENS,EVERYDAY LIVING,Weekly - 52 Issues
573022,33962,Title SIP,SIP,2023-04-17,2023-07-20,11.49,PUZZLES,LOGIC,Quarterly - 04 Issues
564528,33989,Title SIP,SIP,2023-02-27,2023-06-01,15.49,ENTERTAINMENT,MUSIC,Quarterly - 04 Issues
571101,64449,Simply Woman,Weeklies,2023-04-03,2023-04-20,4.99,WOMENS,EVERYDAY LIVING,Weekly - 52 Issues
577371,33583,Fame & Faces,Weeklies,2023-04-17,2023-05-01,8.49,ENTERTAINMENT,CELEBRITY PROFILE,Bi-Weekly - 26 Issues
636619,64454,Title SIP,SIP,2023-07-17,2023-10-19,8.49,PUZZLES,XWORD,Quarterly - 04 Issues
654798,57983,Fame & Faces,Weeklies,2023-11-06,2023-11-20,8.49,ENTERTAINMENT,CELEBRITY PROFILE,Bi-Weekly - 26 Issues
647176,41155,Title SIP,SIP,2023-08-21,2023-10-26,14.49,SPORT,FOOTBALL,Quarterly - 04 Issues
668746,41090,Title SIP,SIP,2023-08-21,2023-11-23,15.49,FOOD,EVERYDAY EATING,Quarterly - 04 Issues
578882,41099,Title SIP,SIP,2023-05-15,2023-08-17,15.49,FAMILY,PETS,Quarterly - 04 Issues
686383,67317,Title SIP,SIP,2024-02-26,2024-05-30,15.49,ENTERTAINMENT,MOVIE / TELEVISION,Semi-Annual - 02 Issue
685105,33974,Title SIP,SIP,2023-12-18,2024-03-14,15.49,ENTERTAINMENT,MUSIC,Quarterly - 04 Issues
689987,67342,Title SIP,SIP,2023-12-18,2024-03-21,8.49,PUZZLES,WORD SEEK,Quarterly - 04 Issues
710156,41308,Title SIP,SIP,2024-04-08,2024-07-11,15.49,SPORT,FOOTBALL,Quarterly - 04 Issues
713505,33607,Starline Stories,Weeklies,2024-02-19,2024-03-04,8.49,ENTERTAINMENT,CELEBRITY PROFILE,Bi-Weekly - 26 Issues
672065,41152,Title SIP,SIP,2023-12-25,2024-03-28,15.49,HOME,DECORATING,Quarterly - 04 Issues
710554,64451,Everyday Bloom,Weeklies,2024-04-15,2024-05-02,5.99,WOMENS,EVERYDAY LIVING,Monthly - 12 Issues
572886,64836,Simply Woman,Weeklies,2023-04-10,2023-04-27,5.99,WOMENS,EVERYDAY LIVING,Weekly - 52 Issues
564187,41317,Title SIP,SIP,2023-03-20,2023-06-22,14.49,HOME,DECORATING,Quarterly - 04 Issues
555816,33966,Title SIP,SIP,2023-01-23,2023-04-27,15.49,FAMILY,CHILDREN,Quarterly - 04 Issues
695330,67328,Title SIP,SIP,2024-02-26,2024-05-30,15.49,ENTERTAINMENT,CELEBRITY PROFILE,Semi-Annual - 02 Issue
698085,64453,Everyday Bloom,Weeklies,2024-02-12,2024-03-04,6.99,WOMENS,EVERYDAY LIVING,Bi-Weekly - 26 Issues
670873,33965,Title SIP,SIP,2023-12-18,2024-03-21,15.49,FOOD,SPIRITS,Semi-Annual - 02 Issue
575609,9306,Title SIP,SIP,2023-04-03,2023-07-06,15.49,FOOD,EVERYDAY EATING,Quarterly - 04 Issues
658987,33607,Starline Stories,Weeklies,2023-10-30,2023-11-13,8.49,ENTERTAINMENT,CELEBRITY PROFILE,Bi-Weekly - 26 Issues
576243,33601,Spotlight Lives,Weeklies,2023-05-01,2023-05-15,8.49,ENTERTAINMENT,CELEBRITY PROFILE,Bi-Weekly - 26 Issues
678961,41303,Title SIP,SIP,2023-11-06,2024-02-08,16.490000000000002,ENTERTAINMENT,CELEBRITY PROFILE,Quarterly - 04 Issues
650219,67327,Title SIP,SIP,2023-05-08,2023-08-10,15.49,ENTERTAINMENT,CELEBRITY PROFILE,Semi-Annual - 02 Issue
648099,41240,Title SIP,SIP,2023-08-14,2023-11-16,14.49,FOOD,HEALTHY EATING,Quarterly - 04 Issues
571168,57607,Starline Stories,Weeklies,2023-02-27,2023-03-13,8.49,ENTERTAINMENT,CELEBRITY PROFILE,Bi-Weekly - 26 Issues
661205,64453,Everyday Bloom,Weeklies,2023-10-30,2023-11-23,6.99,WOMENS,EVERYDAY LIVING,Bi-Weekly - 26 Issues
661588,9389,Title SIP,SIP,2023-08-14,2023-10-12,15.49,SPORT,FOOTBALL,Quarterly - 04 Issues
574409,9297,Title SIP,SIP,2023-03-06,2023-06-08,15.49,FOOD,HEALTHY EATING,Quarterly - 04 Issues
670384,34024,Title SIP,SIP,2023-12-11,2024-03-14,15.49,ENTERTAINMENT,MOVIE / TELEVISION,Quarterly - 04 Issues
654103,34002,Title SIP,SIP,2023-07-17,2023-10-19,15.49,HUMAN CULTURE,TRAVEL,Semi-Annual - 02 Issue
557936,9411,Title SIP,SIP,2023-01-30,2023-05-04,15.49,HOBBY,VIDEO GAMES,Quarterly - 04 Issues
558987,61531,Title SIP,SIP,2023-01-16,2023-04-20,15.49,NEWS & FINANCE,BUSINESS,Quarterly - 04 Issues
653511,33601,Spotlight Lives,Weeklies,2023-07-24,2023-08-07,8.49,ENTERTAINMENT,CELEBRITY PROFILE,Bi-Weekly - 26 Issues
667779,34002,Title SIP,SIP,2023-11-06,2024-02-08,15.49,ENTERTAINMENT,MOVIE / TELEVISION,Semi-Annual - 02 Issue
679968,64462,Title SIP,SIP,2023-10-23,2024-01-25,16.490000000000002,HUMAN CULTURE,RELIGION,Semi-Annual - 02 Issue
697689,67302,Title SIP,SIP,2024-05-20,2024-08-22,15.49,ENTERTAINMENT,MOVIE / TELEVISION,Semi-Annual - 02 Issue
676797,9291,Title SIP,SIP,2023-12-18,2024-03-21,15.49,ENTERTAINMENT,MOVIE / TELEVISION,Quarterly - 04 Issues
717779,64453,Everyday Bloom,Weeklies,2024-05-06,2024-05-23,6.99,WOMENS,EVERYDAY LIVING,Bi-Weekly - 26 Issues
696795,33976,Title SIP,SIP,2024-04-29,2024-06-20,15.49,HEALTH & FITNESS,PHYSICAL FITNESS,Quarterly - 04 Issues
681978,67391,Title SIP,SIP,2024-04-15,2024-07-18,6.49,PUZZLES,WORD SEEK,Quarterly - 04 Issues
569999,34019,Title SIP,SIP,2023-04-10,2023-07-13,15.49,HUMAN CULTURE,TRAVEL,Quarterly - 04 Issues
641940,33976,Title SIP,SIP,2023-06-26,2023-09-28,15.49,HUMAN CULTURE,TRAVEL,Quarterly - 04 Issues
572696,57983,Fame & Faces,Weeklies,2023-04-03,2023-04-17,8.49,ENTERTAINMENT,CELEBRITY PROFILE,Bi-Weekly - 26 Issues
686556,33972,Title SIP,SIP,2024-04-29,2024-08-01,15.49,OUTDOORS,OTHER SPORTS,Quarterly - 04 Issues
706183,33549,Echo of Fame,Weeklies,2024-02-19,2024-03-04,8.49,ENTERTAINMENT,CELEBRITY PROFILE,Weekly - 52 Issues
679570,67304,Title SIP,SIP,2024-01-01,2024-04-04,15.49,ENTERTAINMENT,CELEBRITY PROFILE,Quarterly - 04 Issues
679124,9294,Title SIP,SIP,2023-12-25,2024-03-28,15.49,HEALTH & FITNESS,WELLNESS/EMOTIONAL HEALTH,Quarterly - 04 Issues
725631,64803,Simply Woman,Weeklies,2024-05-20,2024-06-06,4.99,WOMENS,EVERYDAY LIVING,Weekly - 52 Issues
669035,57983,Fame & Faces,Weeklies,2023-12-25,2024-01-15,8.49,ENTERTAINMENT,CELEBRITY PROFILE,Bi-Weekly - 26 Issues
713759,64451,Everyday Bloom,Weeklies,2024-04-15,2024-05-02,5.99,WOMENS,EVERYDAY LIVING,Monthly - 12 Issues
689977,64476,Title SIP,SIP,2024-02-26,2024-05-30,14.49,ENTERTAINMENT,TRIBUTE,Quarterly - 04 Issues
675516,64465,Title SIP,SIP,2024-02-19,2024-05-23,15.49,SPORT,COMMEMORATIVE,Quarterly - 04 Issues
681088,9424,Title SIP,SIP,2024-02-05,2024-05-09,15.49,HEALTH & FITNESS,WELLNESS/EMOTIONAL HEALTH,Quarterly - 04 Issues
708245,57549,Echo of Fame,Weeklies,2024-05-06,2024-05-20,8.49,ENTERTAINMENT,TRIBUTE,Bi-Weekly - 26 Issues
688175,9381,Title SIP,SIP,2024-03-25,2024-06-27,15.49,ENTERTAINMENT,MUSIC,Quarterly - 04 Issues
705254,58005,Spotlight Lives,Weeklies,2024-05-13,2024-05-27,8.49,ENTERTAINMENT,CELEBRITY PROFILE,Weekly - 52 Issues
569282,9303,Title SIP,SIP,2023-03-27,2023-06-29,15.49,FAMILY,CHILDREN,Quarterly - 04 Issues
690953,33601,Spotlight Lives,Weeklies,2024-02-05,2024-02-19,8.49,ENTERTAINMENT,CELEBRITY PROFILE,Bi-Weekly - 26 Issues
677515,33950,Title SIP,SIP,2024-01-08,2024-04-11,11.49,HOBBY,ACTIVITY / COLORING,Quarterly - 04 Issues
696433,9422,Title SIP,SIP,2024-04-08,2024-07-11,15.49,HUMAN CULTURE,MYSTERY/SCI-FI,Quarterly - 04 Issues
649433,9391,Title SIP,SIP,2023-07-10,2023-10-12,15.49,LIFESTYLE,SOCIAL,Quarterly - 04 Issues
677454,33980,Title SIP,SIP,2023-10-16,2024-01-18,15.49,HOME,DECORATING,Quarterly - 04 Issues
636933,67320,Title SIP,SIP,2023-06-26,2023-09-28,15.49,ENTERTAINMENT,TRIBUTE,Semi-Annual - 02 Issue
645006,9293,Title SIP,SIP,2023-08-07,2023-11-09,15.49,SPORT,GOLF,Quarterly - 04 Issues
659904,33990,Title SIP,SIP,2023-10-30,2024-02-01,15.49,HUMAN CULTURE,CALENDAR,Quarterly - 04 Issues
565295,41301,Title SIP,SIP,2023-02-20,2023-05-25,16.490000000000002,OUTDOORS,SURVIVAL,Quarterly - 04 Issues
560749,33549,Echo of Fame,Weeklies,2023-02-06,2023-02-20,8.49,ENTERTAINMENT,CELEBRITY PROFILE,Weekly - 52 Issues
638047,64455,Title SIP,SIP,2023-07-31,2023-11-02,8.49,PUZZLES,WORD SEEK,Quarterly - 04 Issues
565874,64802,Title SIP,SIP,2023-03-06,2023-06-08,15.49,PUZZLES,FILL-IN,Quarterly - 04 Issues
658684,33977,Title SIP,SIP,2023-10-09,2024-01-11,15.49,ENTERTAINMENT,CELEBRITY PROFILE,Quarterly - 04 Issues
668382,67322,Title SIP,SIP,2023-07-03,2023-10-05,15.49,ENTERTAINMENT,MOVIE / TELEVISION,Semi-Annual - 02 Issue
269038,9380,Title SIP,SIP,2023-01-02,2023-04-06,15.49,PUZZLES,VARIETY,Quarterly - 04 Issues
558791,41155,Title SIP,SIP,2023-01-16,2023-04-20,14.49,FOOD,EVERYDAY EATING,Quarterly - 04 Issues
680242,57983,Fame & Faces,Weeklies,2023-11-20,2023-12-04,8.49,ENTERTAINMENT,CELEBRITY PROFILE,Bi-Weekly - 26 Issues
651316,57607,Starline Stories,Weeklies,2023-08-14,2023-08-28,8.49,ENTERTAINMENT,CELEBRITY PROFILE,Bi-Weekly - 26 Issues
640623,33601,Spotlight Lives,Weeklies,2023-06-26,2023-07-10,8.49,ENTERTAINMENT,CELEBRITY PROFILE,Bi-Weekly - 26 Issues
560512,64449,Simply Woman,Weeklies,2023-02-06,2023-02-23,4.99,WOMENS,EVERYDAY LIVING,Weekly - 52 Issues
554976,33964,Title SIP,SIP,2023-01-23,2023-04-27,15.49,ENTERTAINMENT,MUSIC,Quarterly - 04 Issues
561949,64457,Title SIP,SIP,2023-03-06,2023-06-08,8.49,PUZZLES,SUDOKU,Bi-Monthly - 06 Issues
577606,33966,Title SIP,SIP,2023-05-22,2023-08-24,15.49,HOBBY,COMPUTER & MUSIC TECH,Quarterly - 04 Issues
683017,57983,Fame & Faces,Weeklies,2023-12-25,2024-01-15,8.49,ENTERTAINMENT,CELEBRITY PROFILE,Bi-Weekly - 26 Issues
699955,64451,Everyday Bloom,Weeklies,2024-04-29,2024-05-16,5.99,WOMENS,EVERYDAY LIVING,Monthly - 12 Issues
685724,33601,Spotlight Lives,Weeklies,2024-01-08,2024-01-22,8.49,ENTERTAINMENT,CELEBRITY PROFILE,Bi-Weekly - 26 Issues
716928,9384,Title SIP,SIP,2024-04-15,2024-07-18,14.49,FOOD,EVERYDAY EATING,Quarterly - 04 Issues
696140,57607,Starline Stories,Weeklies,2024-04-22,2024-05-06,8.49,ENTERTAINMENT,CELEBRITY PROFILE,Bi-Weekly - 26 Issues
684078,33549,Echo of Fame,Weeklies,2024-04-15,2024-04-29,8.49,ENTERTAINMENT,CELEBRITY PROFILE,Weekly - 52 Issues
673325,41099,Title SIP,SIP,2023-12-25,2024-03-28,15.49,HUMAN CULTURE,HISTORY,Quarterly - 04 Issues
652624,9413,Title SIP,SIP,2023-09-04,2023-12-07,15.49,ENTERTAINMENT,MUSIC,Quarterly - 04 Issues
571140,57774,Title SIP,SIP,2023-04-03,2023-07-06,14.49,HOME,GARDEN,Quarterly - 04 Issues
658710,57601,Spotlight Lives,Weeklies,2023-08-28,2023-09-11,8.49,ENTERTAINMENT,CELEBRITY PROFILE,Bi-Weekly - 26 Issues
562794,33989,Title SIP,SIP,2023-02-27,2023-06-01,15.49,ENTERTAINMENT,MUSIC,Quarterly - 04 Issues
659579,34011,Title SIP,SIP,2023-07-31,2023-11-02,15.49,ENTERTAINMENT,TRIBUTE,Quarterly - 04 Issues
689533,41248,Title SIP,SIP,2024-03-04,2024-06-06,14.49,HOBBY,VIDEO GAMES,Quarterly - 04 Issues
704004,64451,Everyday Bloom,Weeklies,2024-03-18,2024-04-04,5.99,WOMENS,EVERYDAY LIVING,Monthly - 12 Issues
695725,67307,Title SIP,SIP,2024-01-22,2024-04-25,15.49,PUZZLES,FILL-IN,Quarterly - 04 Issues
555503,9391,Title SIP,SIP,2023-01-23,2023-04-27,15.49,ENTERTAINMENT,MOVIE / TELEVISION,Quarterly - 04 Issues
688270,41299,Title SIP,SIP,2024-02-26,2024-05-30,14.49,HOBBY,VIDEO GAMES,Quarterly - 04 Issues
707648,33607,Starline Stories,Weeklies,2024-05-27,2024-06-10,8.49,ENTERTAINMENT,CELEBRITY PROFILE,Bi-Weekly - 26 Issues
688911,33985,Title SIP,SIP,2024-01-29,2024-05-02,15.49,HOME,GARDEN,Quarterly - 04 Issues
687773,64453,Everyday Bloom,Weeklies,2024-01-01,2024-01-22,6.99,WOMENS,EVERYDAY LIVING,Bi-Weekly - 26 Issues
676331,64801,Title SIP,SIP,2023-12-25,2024-03-28,15.49,HUMAN CULTURE,TRAVEL,Quarterly - 04 Issues
677653,67390,Title SIP,SIP,2024-02-19,2024-05-23,6.49,PUZZLES,SUDOKU,Quarterly - 04 Issues
558427,57549,Echo of Fame,Weeklies,2023-01-16,2023-01-30,8.49,ENTERTAINMENT,TRIBUTE,Bi-Weekly - 26 Issues
717101,57983,Fame & Faces,Weeklies,2024-05-20,2024-06-03,8.49,ENTERTAINMENT,CELEBRITY PROFILE,Bi-Weekly - 26 Issues
690858,9302,Title SIP,SIP,2024-06-03,2024-09-05,15.49,FOOD,EVERYDAY EATING,Quarterly - 04 Issues
646322,33950,Title SIP,SIP,2023-08-21,2023-11-23,11.49,HOBBY,ACTIVITY / COLORING,Quarterly - 04 Issues
562150,33607,Starline Stories,Weeklies,2023-01-09,2023-01-23,8.49,ENTERTAINMENT,CELEBRITY PROFILE,Bi-Weekly - 26 Issues
580669,9382,Title SIP,SIP,2023-05-22,2023-08-24,15.49,ENTERTAINMENT,MOVIE / TELEVISION,Quarterly - 04 Issues
663760,33996,Title SIP,SIP,2023-10-09,2024-01-11,15.49,FOOD,HEALTHY EATING,Quarterly - 04 Issues
655266,41097,Title SIP,SIP,2023-09-11,2023-12-14,15.49,FOOD,HEALTHY EATING,Bi-Monthly - 06 Issues
670392,34010,Title SIP,SIP,2023-11-13,2024-02-15,15.49,ENTERTAINMENT,MOVIE / TELEVISION,Quarterly - 04 Issues
557400,67344,Title SIP,SIP,2023-02-06,2023-05-11,8.49,PUZZLES,SUDOKU,Quarterly - 04 Issues
668653,67314,Title SIP,SIP,2023-12-11,2024-03-14,15.49,HUMAN CULTURE,HISTORY,Semi-Annual - 02 Issue
562798,57607,Starline Stories,Weeklies,2023-02-13,2023-02-27,8.49,ENTERTAINMENT,CELEBRITY PROFILE,Bi-Weekly - 26 Issues
657970,41246,Title SIP,SIP,2023-08-28,2023-11-30,14.49,FOOD,EVERYDAY EATING,Quarterly - 04 Issues
645740,34000,Title SIP,SIP,2023-09-04,2023-12-07,15.49,FOOD,HEALTHY EATING,Semi-Annual - 02 Issue
571854,57983,Fame & Faces,Weeklies,2023-03-27,2023-04-10,8.49,ENTERTAINMENT,CELEBRITY PROFILE,Bi-Weekly - 26 Issues
574744,41312,Title SIP,SIP,2023-05-01,2023-08-03,16.490000000000002,OUTDOORS,SURVIVAL,Quarterly - 04 Issues
566387,67313,Title SIP,SIP,2023-03-20,2023-06-22,9.49,PUZZLES,VARIETY,Semi-Annual - 02 Issue
687354,9411,Title SIP,SIP,2023-12-11,2024-03-14,15.49,HUMAN CULTURE,TRAVEL,Quarterly - 04 Issues
657863,64475,Title SIP,SIP,2023-10-23,2024-01-25,15.49,ENTERTAINMENT,MOVIE / TELEVISION,Quarterly - 04 Issues
564115,67313,Title SIP,SIP,2023-03-20,2023-06-22,9.49,PUZZLES,VARIETY,Semi-Annual - 02 Issue
581121,67345,Title SIP,SIP,2023-06-05,2023-09-07,8.49,PUZZLES,WORD SEEK,Quarterly - 04 Issues
571272,64449,Simply Woman,Weeklies,2023-03-20,2023-04-06,4.99,WOMENS,EVERYDAY LIVING,Weekly - 52 Issues
686830,64454,Title SIP,SIP,2024-02-19,2024-05-23,9.49,PUZZLES,SUDOKU,Quarterly - 04 Issues
696098,33549,Echo of Fame,Weeklies,2024-03-18,2024-04-01,8.49,ENTERTAINMENT,CELEBRITY PROFILE,Weekly - 52 Issues
712047,33988,Title SIP,SIP,2024-04-29,2024-08-01,15.49,HOME,DECORATING,Quarterly - 04 Issues
721542,33549,Echo of Fame,Weeklies,2024-03-04,2024-03-18,8.49,ENTERTAINMENT,CELEBRITY PROFILE,Weekly - 52 Issues
669630,64451,Everyday Bloom,Weeklies,2023-11-20,2023-12-14,6.99,WOMENS,EVERYDAY LIVING,Monthly - 12 Issues
571267,64465,Title SIP,SIP,2023-05-01,2023-08-03,15.49,HOME,DECORATING,Quarterly - 04 Issues
571038,9306,Title SIP,SIP,2023-04-03,2023-07-06,15.49,FOOD,EVERYDAY EATING,Quarterly - 04 Issues
583699,33607,Starline Stories,Weeklies,2023-05-29,2023-06-12,8.49,ENTERTAINMENT,CELEBRITY PROFILE,Bi-Weekly - 26 Issues
571862,57983,Fame & Faces,Weeklies,2023-03-13,2023-03-27,8.49,ENTERTAINMENT,CELEBRITY PROFILE,Bi-Weekly - 26 Issues
561797,64803,Simply Woman,Weeklies,2023-01-30,2023-02-16,4.99,WOMENS,EVERYDAY LIVING,Weekly - 52 Issues
697822,67314,Title SIP,SIP,2024-03-11,2024-06-13,15.49,SPORT,OTHER SPORTS,Semi-Annual - 02 Issue
681972,67345,Title SIP,SIP,2024-01-15,2024-04-18,9.49,PUZZLES,VARIETY,Quarterly - 04 Issues
710193,64461,Title SIP,SIP,2024-05-27,2024-08-29,11.49,PUZZLES,SUDOKU,Quarterly - 04 Issues
694751,57607,Starline Stories,Weeklies,2024-02-12,2024-02-26,8.49,ENTERTAINMENT,CELEBRITY PROFILE,Bi-Weekly - 26 Issues
682039,67340,Title SIP,SIP,2024-03-04,2024-06-06,9.49,PUZZLES,SUDOKU,Quarterly - 04 Issues
721009,9411,Title SIP,SIP,2024-03-18,2024-06-20,15.49,LIFESTYLE,SOCIAL,Quarterly - 04 Issues
564221,57984,Fame & Faces,Weeklies,2023-01-16,2023-01-30,8.49,ENTERTAINMENT,CELEBRITY PROFILE,Weekly - 52 Issues
661314,67340,Title SIP,SIP,2023-08-14,2023-11-16,8.49,PUZZLES,XWORD,Quarterly - 04 Issues
717718,57983,Fame & Faces,Weeklies,2024-06-17,2024-07-01,8.49,ENTERTAINMENT,CELEBRITY PROFILE,Bi-Weekly - 26 Issues
704486,58005,Spotlight Lives,Weeklies,2024-04-15,2024-04-29,8.49,ENTERTAINMENT,CELEBRITY PROFILE,Weekly - 52 Issues
667387,57983,Fame & Faces,Weeklies,2023-12-04,2023-12-18,8.49,ENTERTAINMENT,CELEBRITY PROFILE,Bi-Weekly - 26 Issues
582222,64803,Simply Woman,Weeklies,2023-05-08,2023-05-25,4.99,WOMENS,EVERYDAY LIVING,Weekly - 52 Issues
581090,64462,Title SIP,SIP,2023-05-15,2023-08-17,16.490000000000002,HUMAN CULTURE,RELIGION,Semi-Annual - 02 Issue
640056,41316,Title SIP,SIP,2023-07-17,2023-10-19,14.49,HOME,GARDEN,Quarterly - 04 Issues
580657,9380,Title SIP,SIP,2023-05-29,2023-08-31,15.49,SPORT,BASKETBALL,Quarterly - 04 Issues
647139,41155,Title SIP,SIP,2023-07-24,2023-10-26,14.49,SPORT,FOOTBALL,Quarterly - 04 Issues
643640,64458,Title SIP,SIP,2023-08-21,2023-11-23,15.49,FOOD,EVERYDAY EATING,Quarterly - 04 Issues
582505,9419,Title SIP,SIP,2023-05-22,2023-08-24,15.49,FOOD,EVERYDAY EATING,Quarterly - 04 Issues
662155,67299,Title SIP,SIP,2023-09-11,2023-12-14,15.49,ENTERTAINMENT,CELEBRITY PROFILE,Semi-Annual - 02 Issue
666328,41096,Title SIP,SIP,2023-09-11,2023-12-14,15.49,ENTERTAINMENT,MOVIE / TELEVISION,Quarterly - 04 Issues
573535,34017,Title SIP,SIP,2023-04-10,2023-07-13,15.49,FOOD,HEALTHY EATING,Quarterly - 04 Issues
649743,41150,Title SIP,SIP,2023-09-11,2023-12-14,15.49,FOOD,HEALTHY EATING,Quarterly - 04 Issues
695359,64453,Everyday Bloom,Weeklies,2024-04-22,2024-05-09,6.99,WOMENS,EVERYDAY LIVING,Bi-Weekly - 26 Issues
649098,57984,Fame & Faces,Weeklies,2023-10-09,2023-10-23,8.49,ENTERTAINMENT,CELEBRITY PROFILE,Weekly - 52 Issues
555450,67302,Title SIP,SIP,2023-01-16,2023-04-20,15.49,SPORT,COMMEMORATIVE,Semi-Annual - 02 Issue
572851,57549,Echo of Fame,Weeklies,2023-03-27,2023-04-10,8.49,ENTERTAINMENT,TRIBUTE,Bi-Weekly - 26 Issues
651759,57607,Starline Stories,Weeklies,2023-08-14,2023-08-28,8.49,ENTERTAINMENT,CELEBRITY PROFILE,Bi-Weekly - 26 Issues
571089,34019,Title SIP,SIP,2023-04-10,2023-07-13,15.49,HUMAN CULTURE,TRAVEL,Quarterly - 04 Issues
574439,33963,Title SIP,SIP,2023-04-24,2023-07-27,11.49,PUZZLES,LOGIC,Quarterly - 04 Issues
573874,33961,Title SIP,SIP,2023-04-10,2023-07-13,11.49,HOBBY,ACTIVITY / COLORING,Quarterly - 04 Issues
653221,64803,Simply Woman,Weeklies,2023-08-14,2023-08-31,4.99,WOMENS,EVERYDAY LIVING,Weekly - 52 Issues
667819,41090,Title SIP,SIP,2023-12-04,2024-03-07,15.49,FOOD,EVERYDAY EATING,Quarterly - 04 Issues
585146,67345,Title SIP,SIP,2023-06-05,2023-09-07,8.49,PUZZLES,WORD SEEK,Quarterly - 04 Issues
673154,9422,Title SIP,SIP,2024-01-08,2024-04-11,15.49,HUMAN CULTURE,MYSTERY/SCI-FI,Quarterly - 04 Issues
698221,41152,Title SIP,SIP,2024-03-25,2024-06-27,15.49,HOME,DECORATING,Quarterly - 04 Issues
696137,33959,Title SIP,SIP,2024-06-03,2024-09-05,11.49,HOBBY,ACTIVITY / COLORING,Quarterly - 04 Issues
711433,64449,Simply Woman,Weeklies,2024-06-10,2024-06-27,4.99,WOMENS,EVERYDAY LIVING,Weekly - 52 Issues
689138,57983,Fame & Faces,Weeklies,2024-02-26,2024-03-11,8.49,ENTERTAINMENT,CELEBRITY PROFILE,Bi-Weekly - 26 Issues
712587,33601,Spotlight Lives,Weeklies,2024-04-15,2024-04-29,8.49,ENTERTAINMENT,CELEBRITY PROFILE,Bi-Weekly - 26 Issues
680522,57601,Spotlight Lives,Weeklies,2024-01-15,2024-01-29,8.49,ENTERTAINMENT,CELEBRITY PROFILE,Bi-Weekly - 26 Issues
708056,67344,Title SIP,SIP,2024-04-08,2024-07-11,9.49,PUZZLES,WORD SEEK,Quarterly - 04 Issues
730607,57984,Fame & Faces,Weeklies,2024-05-27,2024-06-10,8.49,ENTERTAINMENT,CELEBRITY PROFILE,Weekly - 52 Issues
664140,58006,Starline Stories,Weeklies,2023-10-09,2023-10-23,9.49,ENTERTAINMENT,CELEBRITY PROFILE,Weekly - 52 Issues
652852,64476,Title SIP,SIP,2023-06-26,2023-09-28,14.49,CRAFTS,VARIETY,Quarterly - 04 Issues
655866,41096,Title SIP,SIP,2023-09-11,2023-12-14,15.49,ENTERTAINMENT,MOVIE / TELEVISION,Quarterly - 04 Issues
651161,64803,Simply Woman,Weeklies,2023-07-17,2023-08-03,4.99,WOMENS,EVERYDAY LIVING,Weekly - 52 Issues
688928,64460,Title SIP,SIP,2024-03-04,2024-06-06,8.49,PUZZLES,VARIETY,Quarterly - 04 Issues
699803,9295,Title SIP,SIP,2024-05-27,2024-08-29,15.49,ENTERTAINMENT,MUSIC,Quarterly - 04 Issues
687184,9412,Title SIP,SIP,2024-04-29,2024-08-01,15.49,HUMAN CULTURE,MILITARY,Quarterly - 04 Issues
659959,34011,Title SIP,SIP,2023-11-13,2024-02-15,15.49,ENTERTAINMENT,MOVIE / TELEVISION,Quarterly - 04 Issues
648964,64453,Everyday Bloom,Weeklies,2023-08-28,2023-09-21,6.99,WOMENS,EVERYDAY LIVING,Bi-Weekly - 26 Issues
555329,64803,Simply Woman,Weeklies,2023-01-02,2023-01-19,4.99,WOMENS,EVERYDAY LIVING,Weekly - 52 Issues
668185,9308,Title SIP,SIP,2023-09-25,2023-12-28,15.49,PUZZLES,XWORD,Quarterly - 04 Issues
581186,9381,Title SIP,SIP,2023-05-15,2023-08-17,15.49,ENTERTAINMENT,MUSIC,Quarterly - 04 Issues
672929,9410,Title SIP,SIP,2023-12-04,2024-03-07,15.49,FOOD,EVERYDAY EATING,Quarterly - 04 Issues
701418,64803,Simply Woman,Weeklies,2024-06-17,2024-07-04,4.99,WOMENS,EVERYDAY LIVING,Weekly - 52 Issues
667606,41246,Title SIP,SIP,2023-08-28,2023-11-30,14.49,FOOD,EVERYDAY EATING,Quarterly - 04 Issues
654692,41301,Title SIP,SIP,2023-09-18,2023-12-21,16.490000000000002,HUMAN CULTURE,MYSTERY/SCI-FI,Quarterly - 04 Issues
559817,67344,Title SIP,SIP,2023-02-06,2023-05-11,8.49,PUZZLES,SUDOKU,Quarterly - 04 Issues
641978,33957,Title SIP,SIP,2023-06-05,2023-09-07,11.49,FAMILY,CHILDREN,Quarterly - 04 Issues
648983,67326,Title SIP,SIP,2023-06-26,2023-09-28,15.49,HUMAN CULTURE,HISTORY,Semi-Annual - 02 Issue
677547,9385,Title SIP,SIP,2023-11-27,2024-02-29,15.49,HUMAN CULTURE,CALENDAR,Quarterly - 04 Issues
672751,34012,Title SIP,SIP,2023-11-20,2024-02-22,15.49,HEALTH & FITNESS,WELLNESS/EMOTIONAL HEALTH,Quarterly - 04 Issues
562423,33607,Starline Stories,Weeklies,2023-01-09,2023-01-23,8.49,ENTERTAINMENT,CELEBRITY PROFILE,Bi-Weekly - 26 Issues
558738,33973,Title SIP,SIP,2023-01-23,2023-04-27,15.49,ENTERTAINMENT,MOVIE / TELEVISION,Quarterly - 04 Issues
662440,67374,Title SIP,SIP,2023-10-09,2024-01-11,15.49,PUZZLES,FILL-IN,Quarterly - 04 Issues
682170,67307,Title SIP,SIP,2024-01-22,2024-04-25,15.49,PUZZLES,FILL-IN,Quarterly - 04 Issues
675124,9303,Title SIP,SIP,2024-02-05,2024-05-09,15.49,ENTERTAINMENT,MUSIC,Quarterly - 04 Issues
684816,34020,Title SIP,SIP,2024-04-15,2024-07-18,15.49,FOOD,EVERYDAY EATING,Quarterly - 04 Issues
719267,34019,Title SIP,SIP,2024-03-18,2024-06-20,15.49,FOOD,EVERYDAY EATING,Quarterly - 04 Issues
658156,33980,Title SIP,SIP,2023-10-16,2024-01-18,15.49,HOME,DECORATING,Quarterly - 04 Issues
667563,9388,Title SIP,SIP,2023-11-27,2024-02-29,15.49,REGIONAL,EAST,Quarterly - 04 Issues
584911,41311,Title SIP,SIP,2023-05-29,2023-08-31,16.490000000000002,FAMILY,PETS,Quarterly - 04 Issues
565172,67392,Everyday Bloom,Weeklies,2023-03-13,2023-04-06,5.99,WOMENS,EVERYDAY LIVING,Monthly - 12 Issues
561327,9289,Title SIP,SIP,2023-01-30,2023-05-04,15.49,HOME,GARDEN,Quarterly - 04 Issues
670123,64470,Title SIP,SIP,2023-10-02,2024-01-04,15.49,ENTERTAINMENT,MOVIE / TELEVISION,Semi-Annual - 02 Issue
678822,9381,Title SIP,SIP,2023-10-23,2024-01-25,15.49,FOOD,EVERYDAY EATING,Quarterly - 04 Issues
651269,64803,Simply Woman,Weeklies,2023-08-28,2023-09-14,4.99,WOMENS,EVERYDAY LIVING,Weekly - 52 Issues
677067,33601,Spotlight Lives,Weeklies,2023-11-13,2023-11-27,8.49,ENTERTAINMENT,CELEBRITY PROFILE,Bi-Weekly - 26 Issues
553734,33967,Title SIP,SIP,2023-01-23,2023-04-27,15.49,HEALTH & FITNESS,WELLNESS/EMOTIONAL HEALTH,Quarterly - 04 Issues
698346,33992,Title SIP,SIP,2024-05-13,2024-08-15,15.49,FOOD,SPIRITS,Quarterly - 04 Issues
699425,9388,Title SIP,SIP,2024-04-08,2024-07-11,15.49,HOME,BUILDING,Quarterly - 04 Issues
691487,41155,Title SIP,SIP,2024-01-01,2024-04-04,15.49,FOOD,HEALTHY EATING,Quarterly - 04 Issues
696659,57601,Spotlight Lives,Weeklies,2024-01-29,2024-02-12,8.49,ENTERTAINMENT,CELEBRITY PROFILE,Bi-Weekly - 26 Issues
668537,57607,Starline Stories,Weeklies,2024-01-01,2024-01-15,8.49,ENTERTAINMENT,CELEBRITY PROFILE,Bi-Weekly - 26 Issues
713851,64833,Title SIP,SIP,2024-06-03,2024-09-05,11.49,HUMAN CULTURE,SOCIAL,Quarterly - 04 Issues
662358,33952,Title SIP,SIP,2024-01-22,2024-04-25,11.49,PUZZLES,LOGIC,Quarterly - 04 Issues
721665,9428,Title SIP,SIP,2024-05-06,2024-08-08,15.49,HOBBY,COMPUTER & MUSIC TECH,Quarterly - 04 Issues
728625,57607,Starline Stories,Weeklies,2024-05-20,2024-06-03,8.49,ENTERTAINMENT,CELEBRITY PROFILE,Bi-Weekly - 26 Issues
695895,57984,Fame & Faces,Weeklies,2024-04-01,2024-04-15,8.49,ENTERTAINMENT,CELEBRITY PROFILE,Weekly - 52 Issues
698645,57984,Fame & Faces,Weeklies,2024-03-18,2024-04-01,8.49,ENTERTAINMENT,CELEBRITY PROFILE,Weekly - 52 Issues
720310,58005,Spotlight Lives,Weeklies,2024-06-17,2024-07-01,9.49,ENTERTAINMENT,CELEBRITY PROFILE,Weekly - 52 Issues
640323,58006,Starline Stories,Weeklies,2023-06-19,2023-07-03,9.49,ENTERTAINMENT,CELEBRITY PROFILE,Weekly - 52 Issues
662327,64836,Simply Woman,Weeklies,2023-07-31,2023-08-17,5.99,WOMENS,EVERYDAY LIVING,Weekly - 52 Issues
649561,34011,Title SIP,SIP,2023-07-31,2023-11-02,15.49,ENTERTAINMENT,TRIBUTE,Quarterly - 04 Issues
694214,67391,Title SIP,SIP,2024-04-15,2024-07-18,6.49,PUZZLES,WORD SEEK,Quarterly - 04 Issues
675071,67393,Title SIP,SIP,2023-12-04,2024-03-07,51.5,ENTERTAINMENT,MUSIC,Quarterly - 04 Issues
566243,67305,Title SIP,SIP,2023-03-13,2023-06-15,15.49,ENTERTAINMENT,MUSIC,Quarterly - 04 Issues
657460,33583,Fame & Faces,Weeklies,2023-09-04,2023-09-18,8.49,ENTERTAINMENT,CELEBRITY PROFILE,Bi-Weekly - 26 Issues
653930,33607,Starline Stories,Weeklies,2023-07-10,2023-07-24,8.49,ENTERTAINMENT,CELEBRITY PROFILE,Bi-Weekly - 26 Issues
661534,9305,Title SIP,SIP,2023-09-18,2023-12-21,15.49,HOME,DECORATING,Quarterly - 04 Issues
647280,41316,Title SIP,SIP,2023-07-17,2023-10-19,14.49,HOME,GARDEN,Quarterly - 04 Issues
652969,67371,Title SIP,SIP,2023-06-19,2023-09-21,14.49,SPORT,FOOTBALL,Quarterly - 04 Issues
640743,33607,Starline Stories,Weeklies,2023-06-26,2023-07-10,8.49,ENTERTAINMENT,CELEBRITY PROFILE,Bi-Weekly - 26 Issues
665766,67392,Everyday Bloom,Weeklies,2023-10-09,2023-11-02,5.99,WOMENS,EVERYDAY LIVING,Monthly - 12 Issues
579383,64799,Title SIP,SIP,2023-05-29,2023-08-31,15.49,HUMAN CULTURE,TRAVEL,Quarterly - 04 Issues
634643,67301,Title SIP,SIP,2023-07-03,2023-10-05,15.49,WOMENS,EVERYDAY LIVING,Quarterly - 04 Issues
664320,57607,Starline Stories,Weeklies,2023-10-09,2023-10-23,8.49,ENTERTAINMENT,CELEBRITY PROFILE,Bi-Weekly - 26 Issues
653251,57983,Fame & Faces,Weeklies,2023-07-17,2023-07-31,8.49,ENTERTAINMENT,CELEBRITY PROFILE,Bi-Weekly - 26 Issues
578772,33964,Title SIP,SIP,2023-05-22,2023-08-24,15.49,ENTERTAINMENT,MUSIC,Quarterly - 04 Issues
708220,67392,Everyday Bloom,Weeklies,2024-03-25,2024-04-11,5.99,WOMENS,EVERYDAY LIVING,Monthly - 12 Issues
720460,67392,Everyday Bloom,Weeklies,2024-06-03,2024-06-20,5.99,WOMENS,EVERYDAY LIVING,Monthly - 12 Issues
702849,67323,Title SIP,SIP,2024-06-03,2024-09-05,15.49,HOBBY,VIDEO GAMES,Semi-Annual - 02 Issue
676658,33957,Title SIP,SIP,2024-02-05,2024-05-09,11.49,HOBBY,ACTIVITY / COLORING,Quarterly - 04 Issues
660985,9301,Title SIP,SIP,2023-09-04,2023-12-07,15.49,ENTERTAINMENT,MOVIE / TELEVISION,Quarterly - 04 Issues
577691,9381,Title SIP,SIP,2023-05-15,2023-08-17,15.49,ENTERTAINMENT,MUSIC,Quarterly - 04 Issues
576970,41093,Title SIP,SIP,2023-05-08,2023-08-10,15.49,HOBBY,VIDEO GAMES,Quarterly - 04 Issues
574405,41318,Title SIP,SIP,2023-03-27,2023-06-29,14.49,OUTDOORS,SURVIVAL,Quarterly - 04 Issues
571730,9307,Title SIP,SIP,2023-04-10,2023-07-13,15.49,SPORT,COMMEMORATIVE,Quarterly - 04 Issues
645453,33601,Spotlight Lives,Weeklies,2023-07-24,2023-08-07,8.49,ENTERTAINMENT,CELEBRITY PROFILE,Bi-Weekly - 26 Issues
672210,64449,Simply Woman,Weeklies,2023-11-13,2023-11-30,4.99,WOMENS,EVERYDAY LIVING,Weekly - 52 Issues
578742,67342,Title SIP,SIP,2023-05-08,2023-08-10,8.49,PUZZLES,WORD SEEK,Quarterly - 04 Issues
644841,57607,Starline Stories,Weeklies,2023-06-19,2023-07-03,8.49,ENTERTAINMENT,CELEBRITY PROFILE,Bi-Weekly - 26 Issues
583517,57601,Spotlight Lives,Weeklies,2023-05-22,2023-06-05,8.49,ENTERTAINMENT,CELEBRITY PROFILE,Bi-Weekly - 26 Issues
670473,41155,Title SIP,SIP,2024-01-01,2024-04-04,15.49,FOOD,HEALTHY EATING,Quarterly - 04 Issues
698220,33988,Title SIP,SIP,2024-04-29,2024-08-01,15.49,HOME,DECORATING,Quarterly - 04 Issues
703388,33601,Spotlight Lives,Weeklies,2024-05-13,2024-05-27,8.49,ENTERTAINMENT,CELEBRITY PROFILE,Bi-Weekly - 26 Issues
688531,57607,Starline Stories,Weeklies,2024-01-29,2024-02-12,8.49,ENTERTAINMENT,CELEBRITY PROFILE,Bi-Weekly - 26 Issues
692340,34004,Title SIP,SIP,2024-03-11,2024-06-13,15.49,HUMAN CULTURE,RELIGION,Quarterly - 04 Issues
722439,41241,Title SIP,SIP,2024-05-20,2024-08-22,16.490000000000002,HEALTH & FITNESS,WELLNESS/EMOTIONAL HEALTH,Quarterly - 04 Issues
697246,57549,Echo of Fame,Weeklies,2024-01-01,2024-01-15,8.49,ENTERTAINMENT,TRIBUTE,Bi-Weekly - 26 Issues
716626,64453,Everyday Bloom,Weeklies,2024-03-04,2024-03-21,6.99,WOMENS,EVERYDAY LIVING,Bi-Weekly - 26 Issues
559633,33953,Title SIP,SIP,2023-01-30,2023-05-04,11.49,PUZZLES,LOGIC,Quarterly - 04 Issues
572639,57549,Echo of Fame,Weeklies,2023-03-27,2023-04-10,8.49,ENTERTAINMENT,TRIBUTE,Bi-Weekly - 26 Issues
697337,33549,Echo of Fame,Weeklies,2024-05-27,2024-06-10,8.49,ENTERTAINMENT,CELEBRITY PROFILE,Weekly - 52 Issues
701351,9383,Title SIP,SIP,2024-04-01,2024-07-04,15.49,FOOD,EVERYDAY EATING,Quarterly - 04 Issues
690875,57607,Starline Stories,Weeklies,2024-04-08,2024-04-22,8.49,ENTERTAINMENT,CELEBRITY PROFILE,Bi-Weekly - 26 Issues
679759,64799,Title SIP,SIP,2024-02-19,2024-05-23,15.49,ENTERTAINMENT,MOVIE / TELEVISION,Quarterly - 04 Issues
676843,33965,Title SIP,SIP,2023-12-18,2024-03-21,15.49,FOOD,SPIRITS,Semi-Annual - 02 Issue
697410,34021,Title SIP,SIP,2024-04-15,2024-07-18,15.49,FOOD,EVERYDAY EATING,Quarterly - 04 Issues
577799,67370,Title SIP,SIP,2023-05-08,2023-08-10,15.49,HUMAN CULTURE,MYSTERY/SCI-FI,Quarterly - 04 Issues
580729,33583,Fame & Faces,Weeklies,2023-05-01,2023-05-15,8.49,ENTERTAINMENT,CELEBRITY PROFILE,Bi-Weekly - 26 Issues
582417,33981,Title SIP,SIP,2023-06-19,2023-09-21,15.49,HEALTH & FITNESS,WELLNESS/EMOTIONAL HEALTH,Quarterly - 04 Issues
638296,64477,Title SIP,SIP,2023-07-10,2023-10-12,15.49,ENTERTAINMENT,TRIBUTE,Quarterly - 04 Issues
714322,57551,Title SIP,SIP,2024-05-20,2024-08-22,7.49,PUZZLES,SUDOKU,Quarterly - 04 Issues
565334,9424,Title SIP,SIP,2023-02-27,2023-06-01,15.49,ENTERTAINMENT,CELEBRITY PROFILE,Quarterly - 04 Issues
653653,33951,Title SIP,SIP,2023-08-28,2023-11-30,11.49,HOBBY,ACTIVITY / COLORING,Quarterly - 04 Issues
665141,9427,Title SIP,SIP,2023-10-02,2024-01-04,15.49,ENTERTAINMENT,MOVIE / TELEVISION,Quarterly - 04 Issues
672012,9384,Title SIP,SIP,2023-11-20,2024-02-22,15.49,ENTERTAINMENT,MUSIC,Quarterly - 04 Issues
680367,34021,Title SIP,SIP,2023-12-04,2024-03-07,15.49,HUMAN CULTURE,HISTORY,Quarterly - 04 Issues
672085,33601,Spotlight Lives,Weeklies,2023-09-18,2023-10-02,8.49,ENTERTAINMENT,CELEBRITY PROFILE,Bi-Weekly - 26 Issues
581705,41311,Title SIP,SIP,2023-05-29,2023-08-31,16.490000000000002,FAMILY,PETS,Quarterly - 04 Issues
571459,33960,Title SIP,SIP,2023-04-17,2023-07-20,11.49,HOBBY,ACTIVITY / COLORING,Quarterly - 04 Issues
680902,34014,Title SIP,SIP,2023-12-11,2024-03-14,15.49,ENTERTAINMENT,MUSIC,Quarterly - 04 Issues
579222,64449,Simply Woman,Weeklies,2023-04-17,2023-05-04,4.99,WOMENS,EVERYDAY LIVING,Weekly - 52 Issues
577141,33549,Echo of Fame,Weeklies,2023-04-17,2023-05-01,8.49,ENTERTAINMENT,CELEBRITY PROFILE,Weekly - 52 Issues
674388,33601,Spotlight Lives,Weeklies,2023-09-18,2023-10-02,8.49,ENTERTAINMENT,CELEBRITY PROFILE,Bi-Weekly - 26 Issues
335063,9380,Title SIP,SIP,2023-01-02,2023-04-06,15.49,PUZZLES,VARIETY,Quarterly - 04 Issues
697397,67392,Everyday Bloom,Weeklies,2024-06-03,2024-06-20,5.99,WOMENS,EVERYDAY LIVING,Monthly - 12 Issues
716203,9421,Title SIP,SIP,2024-04-22,2024-07-25,15.49,HOBBY,COMICS,Quarterly - 04 Issues
709241,33977,Title SIP,SIP,2024-05-13,2024-08-15,15.49,NEWS & FINANCE,BUSINESS,Quarterly - 04 Issues
574257,9418,Title SIP,SIP,2023-05-15,2023-08-17,15.49,ENTERTAINMENT,CELEBRITY PROFILE,Quarterly - 04 Issues
669805,67306,Title SIP,SIP,2023-10-02,2024-01-04,15.49,FOOD,EVERYDAY EATING,Quarterly - 04 Issues
646153,67328,Title SIP,SIP,2023-07-17,2023-10-19,15.49,SPORT,OTHER SPORTS,Semi-Annual - 02 Issue
655339,9419,Title SIP,SIP,2023-10-30,2024-02-01,15.49,LIFESTYLE,SOCIAL,Quarterly - 04 Issues
649260,67324,Title SIP,SIP,2023-07-24,2023-10-26,15.49,SPORT,FOOTBALL,Semi-Annual - 02 Issue
676433,57549,Echo of Fame,Weeklies,2023-11-20,2023-12-04,8.49,ENTERTAINMENT,TRIBUTE,Bi-Weekly - 26 Issues
682181,57984,Fame & Faces,Weeklies,2023-12-11,2023-12-25,8.49,ENTERTAINMENT,CELEBRITY PROFILE,Weekly - 52 Issues
663747,67373,Title SIP,SIP,2023-10-02,2024-01-04,15.49,HEALTH & FITNESS,WELLNESS/EMOTIONAL HEALTH,Quarterly - 04 Issues
667901,33971,Title SIP,SIP,2023-10-02,2024-01-04,15.49,HOBBY,VIDEO GAMES,Quarterly - 04 Issues
697978,9296,Title SIP,SIP,2024-03-11,2024-06-13,19.49,ENTERTAINMENT,MUSIC,Quarterly - 04 Issues
712750,57549,Echo of Fame,Weeklies,2024-05-20,2024-06-03,8.49,ENTERTAINMENT,TRIBUTE,Bi-Weekly - 26 Issues
702473,64475,Title SIP,SIP,2024-04-08,2024-07-11,15.49,PUZZLES,FILL-IN,Quarterly - 04 Issues
673205,9293,Title SIP,SIP,2023-12-25,2024-03-28,15.49,HOME,DECORATING,Quarterly - 04 Issues
691107,33989,Title SIP,SIP,2024-02-12,2024-05-16,15.49,HOME,GARDEN,Quarterly - 04 Issues
701908,57601,Spotlight Lives,Weeklies,2024-05-06,2024-05-20,8.49,ENTERTAINMENT,CELEBRITY PROFILE,Bi-Weekly - 26 Issues
678934,67299,Title SIP,SIP,2024-01-01,2024-04-04,15.49,HOBBY,VIDEO GAMES,Semi-Annual - 02 Issue
556799,67341,Title SIP,SIP,2023-01-09,2023-04-13,8.49,PUZZLES,SUDOKU,Quarterly - 04 Issues
710759,67339,Title SIP,SIP,2024-04-01,2024-07-04,11.49,HOBBY,ACTIVITY / COLORING,Quarterly - 04 Issues
709648,33549,Echo of Fame,Weeklies,2024-06-24,2024-07-08,8.49,ENTERTAINMENT,CELEBRITY PROFILE,Weekly - 52 Issues
694570,57607,Starline Stories,Weeklies,2024-02-12,2024-02-26,8.49,ENTERTAINMENT,CELEBRITY PROFILE,Bi-Weekly - 26 Issues
733905,33549,Echo of Fame,Weeklies,2024-06-10,2024-06-24,8.49,ENTERTAINMENT,CELEBRITY PROFILE,Weekly - 52 Issues
687880,57983,Fame & Faces,Weeklies,2024-01-29,2024-02-12,8.49,ENTERTAINMENT,CELEBRITY PROFILE,Bi-Weekly - 26 Issues
651127,64475,Title SIP,SIP,2023-10-23,2024-01-25,15.49,ENTERTAINMENT,MOVIE / TELEVISION,Quarterly - 04 Issues
681346,67371,Title SIP,SIP,2023-11-20,2024-02-22,15.49,FOOD,HEALTHY EATING,Quarterly - 04 Issues
578713,64799,Title SIP,SIP,2023-05-29,2023-08-31,15.49,HUMAN CULTURE,TRAVEL,Quarterly - 04 Issues
578795,64462,Title SIP,SIP,2023-05-15,2023-08-17,16.490000000000002,HUMAN CULTURE,RELIGION,Semi-Annual - 02 Issue
663112,34022,Title SIP,SIP,2023-08-21,2023-11-23,15.49,HUMAN CULTURE,HISTORY,Semi-Annual - 02 Issue
555238,61534,Title SIP,SIP,2023-01-09,2023-04-13,15.49,FOOD,HEALTHY EATING,Quarterly - 04 Issues
575346,41093,Title SIP,SIP,2023-05-08,2023-08-10,15.49,HOBBY,VIDEO GAMES,Quarterly - 04 Issues
673635,9389,Title SIP,SIP,2023-12-04,2024-03-07,15.49,ENTERTAINMENT,MUSIC,Quarterly - 04 Issues
681526,33601,Spotlight Lives,Weeklies,2023-10-30,2023-11-13,8.49,ENTERTAINMENT,CELEBRITY PROFILE,Bi-Weekly - 26 Issues
579983,67392,Everyday Bloom,Weeklies,2023-06-05,2023-06-29,5.99,WOMENS,EVERYDAY LIVING,Monthly - 12 Issues
652573,67392,Everyday Bloom,Weeklies,2023-08-28,2023-09-21,5.99,WOMENS,EVERYDAY LIVING,Monthly - 12 Issues
658674,41154,Title SIP,SIP,2023-07-24,2023-10-26,14.49,ENTERTAINMENT,MUSIC,Quarterly - 04 Issues
588566,33977,Title SIP,SIP,2023-06-12,2023-09-14,15.49,ENTERTAINMENT,CELEBRITY PROFILE,Quarterly - 04 Issues
569704,9301,Title SIP,SIP,2023-03-27,2023-06-29,15.49,HOBBY,COMICS,Quarterly - 04 Issues
559724,41300,Title SIP,SIP,2023-01-30,2023-05-04,16.490000000000002,HUMAN CULTURE,HISTORY,Quarterly - 04 Issues
555495,64198,Title SIP,SIP,2023-01-16,2023-04-20,15.49,ENTERTAINMENT,MOVIE / TELEVISION,Bi-Monthly - 06 Issues
652456,9300,Title SIP,SIP,2023-09-04,2023-12-07,15.49,ENTERTAINMENT,MOVIE / TELEVISION,Quarterly - 04 Issues
578333,33964,Title SIP,SIP,2023-05-22,2023-08-24,15.49,ENTERTAINMENT,MUSIC,Quarterly - 04 Issues
586055,57983,Fame & Faces,Weeklies,2023-05-22,2023-06-05,8.49,ENTERTAINMENT,CELEBRITY PROFILE,Bi-Weekly - 26 Issues
572019,67341,Title SIP,SIP,2023-05-01,2023-08-03,8.49,PUZZLES,SUDOKU,Quarterly - 04 Issues
576164,34022,Title SIP,SIP,2023-04-24,2023-07-27,15.49,HOME,GARDEN,Semi-Annual - 02 Issue
691938,64468,Title SIP,SIP,2024-06-03,2024-09-05,15.49,SPORT,BASEBALL,Quarterly - 04 Issues
704018,64454,Title SIP,SIP,2024-05-20,2024-08-22,11.49,PUZZLES,WORD SEEK,Quarterly - 04 Issues
715345,67318,Title SIP,SIP,2024-03-18,2024-06-20,15.49,PUZZLES,FILL-IN,Semi-Annual - 02 Issue
703474,9381,Title SIP,SIP,2024-03-25,2024-06-27,15.49,ENTERTAINMENT,MUSIC,Quarterly - 04 Issues
686298,33607,Starline Stories,Weeklies,2024-04-29,2024-05-13,8.49,ENTERTAINMENT,CELEBRITY PROFILE,Bi-Weekly - 26 Issues
700340,64453,Everyday Bloom,Weeklies,2024-05-13,2024-05-30,7.99,WOMENS,EVERYDAY LIVING,Bi-Weekly - 26 Issues
573605,57601,Spotlight Lives,Weeklies,2023-04-10,2023-04-24,8.49,ENTERTAINMENT,CELEBRITY PROFILE,Bi-Weekly - 26 Issues
687257,9385,Title SIP,SIP,2024-04-15,2024-07-18,15.49,FOOD,EVERYDAY EATING,Quarterly - 04 Issues
706393,33583,Fame & Faces,Weeklies,2024-04-29,2024-05-13,8.49,ENTERTAINMENT,CELEBRITY PROFILE,Bi-Weekly - 26 Issues
735025,9418,Title SIP,SIP,2024-05-20,2024-08-22,16.490000000000002,HUMAN CULTURE,HISTORY,Quarterly - 04 Issues
718839,57601,Spotlight Lives,Weeklies,2024-04-08,2024-04-22,8.49,ENTERTAINMENT,CELEBRITY PROFILE,Bi-Weekly - 26 Issues
722456,57601,Spotlight Lives,Weeklies,2024-05-20,2024-06-03,8.49,ENTERTAINMENT,CELEBRITY PROFILE,Bi-Weekly - 26 Issues
700568,57984,Fame & Faces,Weeklies,2024-04-15,2024-04-29,8.49,ENTERTAINMENT,CELEBRITY PROFILE,Weekly - 52 Issues
578251,67370,Title SIP,SIP,2023-05-08,2023-08-10,15.49,HUMAN CULTURE,MYSTERY/SCI-FI,Quarterly - 04 Issues
570664,9427,Title SIP,SIP,2023-05-08,2023-08-10,15.49,LIFESTYLE,SOCIAL,Quarterly - 04 Issues
653379,41097,Title SIP,SIP,2023-09-11,2023-12-14,15.49,FOOD,HEALTHY EATING,Bi-Monthly - 06 Issues
650857,9297,Title SIP,SIP,2023-08-28,2023-11-30,15.49,ENTERTAINMENT,TRIBUTE,Quarterly - 04 Issues
647493,34019,Title SIP,SIP,2023-08-14,2023-11-16,15.49,HUMAN CULTURE,TRAVEL,Quarterly - 04 Issues
567810,9424,Title SIP,SIP,2023-02-27,2023-06-01,15.49,ENTERTAINMENT,CELEBRITY PROFILE,Quarterly - 04 Issues
666972,9420,Title SIP,SIP,2023-11-06,2024-02-08,15.49,ENTERTAINMENT,MUSIC,Quarterly - 04 Issues
567658,34004,Title SIP,SIP,2023-03-20,2023-06-22,15.49,ENTERTAINMENT,TRIBUTE,Quarterly - 04 Issues
681765,34017,Title SIP,SIP,2023-11-27,2024-02-29,15.49,ENTERTAINMENT,MOVIE / TELEVISION,Quarterly - 04 Issues
666718,34004,Title SIP,SIP,2023-11-13,2024-02-15,15.49,HUMAN CULTURE,TRAVEL,Quarterly - 04 Issues
676152,34014,Title SIP,SIP,2023-12-11,2024-03-14,15.49,ENTERTAINMENT,MUSIC,Quarterly - 04 Issues
656077,33974,Title SIP,SIP,2023-08-14,2023-11-16,15.49,HOBBY,VIDEO GAMES,Quarterly - 04 Issues
574473,64465,Title SIP,SIP,2023-05-01,2023-08-03,15.49,HOME,DECORATING,Quarterly - 04 Issues
689809,9389,Title SIP,SIP,2023-12-04,2024-03-07,15.49,ENTERTAINMENT,MUSIC,Quarterly - 04 Issues
669866,34016,Title SIP,SIP,2023-11-20,2024-02-22,15.49,ENTERTAINMENT,TRIBUTE,Quarterly - 04 Issues
671886,57983,Fame & Faces,Weeklies,2023-11-20,2023-12-04,8.49,ENTERTAINMENT,CELEBRITY PROFILE,Bi-Weekly - 26 Issues
576043,34022,Title SIP,SIP,2023-04-24,2023-07-27,15.49,HOME,GARDEN,Semi-Annual - 02 Issue
561242,67311,Title SIP,SIP,2023-02-27,2023-06-01,8.49,PUZZLES,XWORD,Semi-Annual - 02 Issue
558804,64459,Title SIP,SIP,2023-01-30,2023-05-04,8.49,PUZZLES,XWORD,Quarterly - 04 Issues
578849,64803,Simply Woman,Weeklies,2023-04-24,2023-05-11,4.99,WOMENS,EVERYDAY LIVING,Weekly - 52 Issues
688922,67316,Title SIP,SIP,2024-03-04,2024-06-06,15.49,ENTERTAINMENT,MOVIE / TELEVISION,Semi-Annual - 02 Issue
670121,57984,Fame & Faces,Weeklies,2023-10-23,2023-11-06,8.49,ENTERTAINMENT,CELEBRITY PROFILE,Weekly - 52 Issues
576191,34022,Title SIP,SIP,2023-04-24,2023-07-27,15.49,HOME,GARDEN,Semi-Annual - 02 Issue
569204,64836,Simply Woman,Weeklies,2023-03-06,2023-03-23,5.99,WOMENS,EVERYDAY LIVING,Weekly - 52 Issues
663687,67311,Title SIP,SIP,2023-10-09,2024-01-11,8.49,PUZZLES,WORD SEEK,Semi-Annual - 02 Issue
665701,64454,Title SIP,SIP,2023-11-06,2024-02-08,8.49,PUZZLES,XWORD,Quarterly - 04 Issues
665394,57601,Spotlight Lives,Weeklies,2023-07-31,2023-08-14,8.49,ENTERTAINMENT,CELEBRITY PROFILE,Bi-Weekly - 26 Issues
701176,33981,Title SIP,SIP,2024-04-01,2024-07-04,15.49,HOME,DECORATING,Quarterly - 04 Issues
685720,33583,Fame & Faces,Weeklies,2024-01-08,2024-01-22,8.49,ENTERTAINMENT,CELEBRITY PROFILE,Bi-Weekly - 26 Issues
682123,41242,Title SIP,SIP,2024-01-08,2024-04-11,15.49,HEALTH & FITNESS,WELLNESS/EMOTIONAL HEALTH,Quarterly - 04 Issues
713563,33998,Title SIP,SIP,2024-04-15,2024-07-18,15.49,FOOD,HEALTHY EATING,Quarterly - 04 Issues
708746,57607,Starline Stories,Weeklies,2024-05-20,2024-06-03,8.49,ENTERTAINMENT,CELEBRITY PROFILE,Bi-Weekly - 26 Issues
665735,9295,Title SIP,SIP,2023-12-18,2024-03-21,15.49,HEALTH & FITNESS,WELLNESS/EMOTIONAL HEALTH,Quarterly - 04 Issues
674721,33583,Fame & Faces,Weeklies,2023-11-13,2023-11-27,8.49,ENTERTAINMENT,CELEBRITY PROFILE,Bi-Weekly - 26 Issues
657730,67341,Title SIP,SIP,2023-08-21,2023-11-23,8.49,PUZZLES,SUDOKU,Quarterly - 04 Issues
688118,33601,Spotlight Lives,Weeklies,2024-02-19,2024-03-04,8.49,ENTERTAINMENT,CELEBRITY PROFILE,Bi-Weekly - 26 Issues
677492,9303,Title SIP,SIP,2024-02-05,2024-05-09,15.49,ENTERTAINMENT,MUSIC,Quarterly - 04 Issues
707701,57601,Spotlight Lives,Weeklies,2024-05-20,2024-06-03,8.49,ENTERTAINMENT,CELEBRITY PROFILE,Bi-Weekly - 26 Issues
694705,57984,Fame & Faces,Weeklies,2023-12-25,2024-01-15,8.49,ENTERTAINMENT,CELEBRITY PROFILE,Weekly - 52 Issues
647432,33607,Starline Stories,Weeklies,2023-07-10,2023-07-24,8.49,ENTERTAINMENT,CELEBRITY PROFILE,Bi-Weekly - 26 Issues
652011,33999,Title SIP,SIP,2023-07-17,2023-10-19,15.49,HUMAN CULTURE,MYSTERY/SCI-FI,Quarterly - 04 Issues
554470,67306,Title SIP,SIP,2023-01-16,2023-04-20,15.49,ENTERTAINMENT,CELEBRITY PROFILE,Quarterly - 04 Issues
574353,67308,Title SIP,SIP,2023-05-01,2023-08-03,15.49,FOOD,EVERYDAY EATING,Quarterly - 04 Issues
655127,9422,Title SIP,SIP,2023-06-19,2023-09-21,15.49,FOOD,HEALTHY EATING,Quarterly - 04 Issues
575063,9415,Title SIP,SIP,2023-05-01,2023-08-03,15.49,ENTERTAINMENT,CELEBRITY PROFILE,Quarterly - 04 Issues
680992,67392,Everyday Bloom,Weeklies,2023-12-11,2024-01-04,5.99,WOMENS,EVERYDAY LIVING,Monthly - 12 Issues
665790,57601,Spotlight Lives,Weeklies,2023-09-25,2023-10-09,8.49,ENTERTAINMENT,CELEBRITY PROFILE,Bi-Weekly - 26 Issues
643474,64451,Everyday Bloom,Weeklies,2023-06-26,2023-07-20,5.99,WOMENS,EVERYDAY LIVING,Monthly - 12 Issues
571099,34010,Title SIP,SIP,2023-04-03,2023-07-06,15.49,HOME,GARDEN,Quarterly - 04 Issues
642482,34010,Title SIP,SIP,2023-07-24,2023-10-26,15.49,FAMILY,EDUCATIONAL,Quarterly - 04 Issues
660896,41301,Title SIP,SIP,2023-09-18,2023-12-21,16.490000000000002,HUMAN CULTURE,MYSTERY/SCI-FI,Quarterly - 04 Issues
558819,67345,Title SIP,SIP,2023-02-13,2023-05-18,8.49,PUZZLES,WORD SEEK,Quarterly - 04 Issues
577228,33986,Title SIP,SIP,2023-04-24,2023-07-27,15.49,LIFESTYLE,SOCIAL,Semi-Annual - 02 Issue
678605,33964,Title SIP,SIP,2024-01-22,2024-04-25,19.49,ENTERTAINMENT,MUSIC,Quarterly - 04 Issues
678737,57549,Echo of Fame,Weeklies,2024-02-26,2024-03-11,8.49,ENTERTAINMENT,TRIBUTE,Bi-Weekly - 26 Issues
711832,33960,Title SIP,SIP,2024-05-27,2024-08-29,11.49,HOBBY,ACTIVITY / COLORING,Quarterly - 04 Issues
684423,9299,Title SIP,SIP,2024-03-11,2024-06-13,15.49,ENTERTAINMENT,MUSIC,Quarterly - 04 Issues
674605,67315,Title SIP,SIP,2023-10-16,2024-01-18,15.49,FOOD,EVERYDAY EATING,Semi-Annual - 02 Issue
687114,67324,Title SIP,SIP,2023-12-11,2024-03-14,15.49,HEALTH & FITNESS,PHYSICAL FITNESS,Semi-Annual - 02 Issue
673957,34019,Title SIP,SIP,2023-11-27,2024-02-29,15.49,FAMILY,PETS,Quarterly - 04 Issues
564356,33995,Title SIP,SIP,2023-03-06,2023-06-08,15.49,HUMAN CULTURE,RELIGION,Semi-Annual - 02 Issue
563501,41248,Title SIP,SIP,2023-02-13,2023-05-18,14.49,HOME,GARDEN,Quarterly - 04 Issues
558258,61531,Title SIP,SIP,2023-01-16,2023-04-20,15.49,NEWS & FINANCE,BUSINESS,Quarterly - 04 Issues
564879,57549,Echo of Fame,Weeklies,2023-02-27,2023-03-13,8.49,ENTERTAINMENT,TRIBUTE,Bi-Weekly - 26 Issues
582601,64449,Simply Woman,Weeklies,2023-05-15,2023-06-01,4.99,WOMENS,EVERYDAY LIVING,Weekly - 52 Issues
675372,41091,Title SIP,SIP,2023-12-04,2024-03-07,15.49,HOBBY,COLLECTOR/MINIATURES,Quarterly - 04 Issues
684109,33583,Fame & Faces,Weeklies,2023-10-30,2023-11-13,8.49,ENTERTAINMENT,CELEBRITY PROFILE,Bi-Weekly - 26 Issues
580237,9380,Title SIP,SIP,2023-05-29,2023-08-31,15.49,SPORT,BASKETBALL,Quarterly - 04 Issues
656094,67312,Title SIP,SIP,2023-07-03,2023-10-05,8.49,PUZZLES,WORD SEEK,Semi-Annual - 02 Issue
706632,64803,Simply Woman,Weeklies,2024-04-22,2024-05-09,4.99,WOMENS,EVERYDAY LIVING,Weekly - 52 Issues
735462,67312,Title SIP,SIP,2024-05-06,2024-08-08,9.49,PUZZLES,WORD SEEK,Semi-Annual - 02 Issue
696928,33962,Title SIP,SIP,2024-04-08,2024-07-11,11.49,HOBBY,ACTIVITY / COLORING,Quarterly - 04 Issues
719445,57549,Echo of Fame,Weeklies,2024-04-08,2024-04-22,8.49,ENTERTAINMENT,TRIBUTE,Bi-Weekly - 26 Issues
712420,41307,Title SIP,SIP,2024-03-18,2024-06-20,15.49,SPORT,BASKETBALL,Quarterly - 04 Issues
689139,33549,Echo of Fame,Weeklies,2024-02-05,2024-02-19,8.49,ENTERTAINMENT,CELEBRITY PROFILE,Weekly - 52 Issues
704847,64451,Everyday Bloom,Weeklies,2024-04-01,2024-04-18,5.99,WOMENS,EVERYDAY LIVING,Monthly - 12 Issues
677309,41151,Title SIP,SIP,2023-12-25,2024-03-28,15.49,HOME,GARDEN,Quarterly - 04 Issues
670343,41151,Title SIP,SIP,2023-12-25,2024-03-28,15.49,HOME,GARDEN,Quarterly - 04 Issues
720730,57601,Spotlight Lives,Weeklies,2024-06-17,2024-07-01,8.49,ENTERTAINMENT,CELEBRITY PROFILE,Bi-Weekly - 26 Issues
707705,9390,Title SIP,SIP,2024-04-29,2024-08-01,14.49,FOOD,EVERYDAY EATING,Quarterly - 04 Issues
691533,57549,Echo of Fame,Weeklies,2024-02-12,2024-02-26,8.49,ENTERTAINMENT,TRIBUTE,Bi-Weekly - 26 Issues
678018,34013,Title SIP,SIP,2024-03-18,2024-06-20,15.49,HOME,BUILDING,Quarterly - 04 Issues
652239,64836,Simply Woman,Weeklies,2023-08-28,2023-09-14,5.99,WOMENS,EVERYDAY LIVING,Weekly - 52 Issues
643101,33983,Title SIP,SIP,2023-06-26,2023-09-28,15.49,ENTERTAINMENT,MUSIC,Quarterly - 04 Issues
697075,33953,Title SIP,SIP,2024-04-15,2024-07-18,11.49,PUZZLES,LOGIC,Quarterly - 04 Issues
651249,57984,Fame & Faces,Weeklies,2023-07-31,2023-08-14,8.49,ENTERTAINMENT,CELEBRITY PROFILE,Weekly - 52 Issues
571918,9427,Title SIP,SIP,2023-05-08,2023-08-10,15.49,LIFESTYLE,SOCIAL,Quarterly - 04 Issues
639996,9410,Title SIP,SIP,2023-07-17,2023-10-19,15.49,ENTERTAINMENT,MUSIC,Quarterly - 04 Issues
567910,9425,Title SIP,SIP,2023-03-20,2023-06-22,15.49,ENTERTAINMENT,TRIBUTE,Quarterly - 04 Issues
656487,41095,Title SIP,SIP,2023-09-04,2023-12-07,15.49,ENTERTAINMENT,CELEBRITY PROFILE,Quarterly - 04 Issues
571156,34010,Title SIP,SIP,2023-04-03,2023-07-06,15.49,HOME,GARDEN,Quarterly - 04 Issues
559898,41303,Title SIP,SIP,2023-02-06,2023-05-11,16.490000000000002,HOME,BUILDING,Quarterly - 04 Issues
692615,34023,Title SIP,SIP,2024-04-29,2024-08-01,15.49,FOOD,SPIRITS,Quarterly - 04 Issues
575973,41241,Title SIP,SIP,2023-05-01,2023-08-03,14.49,ENTERTAINMENT,CELEBRITY PROFILE,Quarterly - 04 Issues
665573,41250,Title SIP,SIP,2023-09-25,2023-12-28,14.49,OUTDOORS,SURVIVAL,Quarterly - 04 Issues
648761,57984,Fame & Faces,Weeklies,2023-06-26,2023-07-10,8.49,ENTERTAINMENT,CELEBRITY PROFILE,Weekly - 52 Issues
574679,34021,Title SIP,SIP,2023-04-10,2023-07-13,15.49,ENTERTAINMENT,MOVIE / TELEVISION,Quarterly - 04 Issues
560915,57601,Spotlight Lives,Weeklies,2023-01-02,2023-01-16,8.49,ENTERTAINMENT,CELEBRITY PROFILE,Bi-Weekly - 26 Issues
684169,33607,Starline Stories,Weeklies,2023-10-30,2023-11-13,8.49,ENTERTAINMENT,CELEBRITY PROFILE,Bi-Weekly - 26 Issues
563370,33549,Echo of Fame,Weeklies,2023-01-23,2023-02-06,8.49,ENTERTAINMENT,CELEBRITY PROFILE,Weekly - 52 Issues
566292,9299,Title SIP,SIP,2023-03-13,2023-06-15,15.49,ENTERTAINMENT,MOVIE / TELEVISION,Quarterly - 04 Issues
686332,67307,Title SIP,SIP,2024-01-22,2024-04-25,15.49,PUZZLES,FILL-IN,Quarterly - 04 Issues
570753,9304,Title SIP,SIP,2023-03-27,2023-06-29,15.49,HOME,DECORATING,Quarterly - 04 Issues
708878,58005,Spotlight Lives,Weeklies,2024-06-03,2024-06-17,8.49,ENTERTAINMENT,CELEBRITY PROFILE,Weekly - 52 Issues
667469,64460,Title SIP,SIP,2023-11-27,2024-02-29,9.49,PUZZLES,WORD SEEK,Quarterly - 04 Issues
661697,33607,Starline Stories,Weeklies,2023-11-27,2023-12-11,8.49,ENTERTAINMENT,CELEBRITY PROFILE,Bi-Weekly - 26 Issues
558120,67324,Title SIP,SIP,2023-02-06,2023-05-11,15.49,ENTERTAINMENT,TRIBUTE,Semi-Annual - 02 Issue
571922,57601,Spotlight Lives,Weeklies,2023-03-13,2023-03-27,8.49,ENTERTAINMENT,CELEBRITY PROFILE,Bi-Weekly - 26 Issues
648511,67313,Title SIP,SIP,2023-07-10,2023-10-12,8.49,PUZZLES,XWORD,Semi-Annual - 02 Issue
652753,67342,Title SIP,SIP,2023-08-28,2023-11-30,8.49,PUZZLES,WORD SEEK,Quarterly - 04 Issues
572100,34018,Title SIP,SIP,2023-04-10,2023-07-13,15.49,ENTERTAINMENT,MOVIE / TELEVISION,Quarterly - 04 Issues
701737,9385,Title SIP,SIP,2024-04-15,2024-07-18,15.49,FOOD,EVERYDAY EATING,Quarterly - 04 Issues
711846,64449,Simply Woman,Weeklies,2024-06-24,2024-07-11,4.99,WOMENS,EVERYDAY LIVING,Weekly - 52 Issues
705337,33549,Echo of Fame,Weeklies,2024-04-15,2024-04-29,8.49,ENTERTAINMENT,CELEBRITY PROFILE,Weekly - 52 Issues
684655,57549,Echo of Fame,Weeklies,2024-01-29,2024-02-12,8.49,ENTERTAINMENT,TRIBUTE,Bi-Weekly - 26 Issues
695407,58005,Spotlight Lives,Weeklies,2024-03-18,2024-04-01,8.49,ENTERTAINMENT,CELEBRITY PROFILE,Weekly - 52 Issues
574948,33959,Title SIP,SIP,2023-04-03,2023-07-06,11.49,HOBBY,ACTIVITY / COLORING,Quarterly - 04 Issues
642194,57984,Fame & Faces,Weeklies,2023-06-12,2023-06-26,8.49,ENTERTAINMENT,CELEBRITY PROFILE,Weekly - 52 Issues
670835,33952,Title SIP,SIP,2024-01-22,2024-04-25,11.49,PUZZLES,LOGIC,Quarterly - 04 Issues
581119,64836,Simply Woman,Weeklies,2023-05-29,2023-06-15,5.99,WOMENS,EVERYDAY LIVING,Weekly - 52 Issues
710101,64803,Simply Woman,Weeklies,2024-06-03,2024-06-20,4.99,WOMENS,EVERYDAY LIVING,Weekly - 52 Issues
564565,57984,Fame & Faces,Weeklies,2023-02-06,2023-02-20,8.49,ENTERTAINMENT,CELEBRITY PROFILE,Weekly - 52 Issues
662397,9308,Title SIP,SIP,2023-09-25,2023-12-28,15.49,PUZZLES,XWORD,Quarterly - 04 Issues
650470,9391,Title SIP,SIP,2023-07-10,2023-10-12,15.49,LIFESTYLE,SOCIAL,Quarterly - 04 Issues
659624,67328,Title SIP,SIP,2023-07-17,2023-10-19,15.49,SPORT,OTHER SPORTS,Semi-Annual - 02 Issue
572239,41317,Title SIP,SIP,2023-03-20,2023-06-22,14.49,HOME,DECORATING,Quarterly - 04 Issues
663007,9389,Title SIP,SIP,2023-12-04,2024-03-07,15.49,ENTERTAINMENT,MUSIC,Quarterly - 04 Issues
577692,57607,Starline Stories,Weeklies,2023-04-24,2023-05-08,8.49,ENTERTAINMENT,CELEBRITY PROFILE,Bi-Weekly - 26 Issues
570479,33549,Echo of Fame,Weeklies,2023-03-20,2023-04-03,8.49,ENTERTAINMENT,CELEBRITY PROFILE,Weekly - 52 Issues
555039,64198,Title SIP,SIP,2023-01-16,2023-04-20,15.49,ENTERTAINMENT,MOVIE / TELEVISION,Bi-Monthly - 06 Issues
556951,9409,Title SIP,SIP,2023-01-09,2023-04-13,15.49,HEALTH & FITNESS,PHYSICAL FITNESS,Quarterly - 04 Issues
676750,9391,Title SIP,SIP,2023-12-04,2024-03-07,15.49,HOME,BUILDING,Quarterly - 04 Issues
673498,67314,Title SIP,SIP,2023-12-11,2024-03-14,15.49,HUMAN CULTURE,HISTORY,Semi-Annual - 02 Issue
565848,33997,Title SIP,SIP,2023-03-06,2023-06-08,15.49,HOBBY,COMICS,Quarterly - 04 Issues
565213,41315,Title SIP,SIP,2023-03-06,2023-06-08,14.49,HOBBY,VIDEO GAMES,Quarterly - 04 Issues
581571,67344,Title SIP,SIP,2023-05-29,2023-08-31,8.49,PUZZLES,SUDOKU,Quarterly - 04 Issues
664867,33583,Fame & Faces,Weeklies,2023-11-27,2023-12-11,8.49,ENTERTAINMENT,CELEBRITY PROFILE,Bi-Weekly - 26 Issues
665041,33989,Title SIP,SIP,2023-10-30,2024-02-01,15.49,HOME,DECORATING,Quarterly - 04 Issues
571680,33549,Echo of Fame,Weeklies,2023-03-20,2023-04-03,8.49,ENTERTAINMENT,CELEBRITY PROFILE,Weekly - 52 Issues
714476,33977,Title SIP,SIP,2024-05-13,2024-08-15,15.49,NEWS & FINANCE,BUSINESS,Quarterly - 04 Issues
650714,33607,Starline Stories,Weeklies,2023-08-21,2023-09-04,8.49,ENTERTAINMENT,CELEBRITY PROFILE,Bi-Weekly - 26 Issues
726769,41318,Title SIP,SIP,2024-04-15,2024-07-18,15.49,AUTOMOTIVE,CONTEMPORARY CARS,Quarterly - 04 Issues
670421,34006,Title SIP,SIP,2023-11-13,2024-02-15,15.49,ENTERTAINMENT,MOVIE / TELEVISION,Quarterly - 04 Issues
571324,67392,Everyday Bloom,Weeklies,2023-04-24,2023-05-18,6.99,WOMENS,EVERYDAY LIVING,Monthly - 12 Issues
564715,33583,Fame & Faces,Weeklies,2023-02-20,2023-03-06,8.49,ENTERTAINMENT,CELEBRITY PROFILE,Bi-Weekly - 26 Issues
578336,64803,Simply Woman,Weeklies,2023-05-22,2023-06-08,4.99,WOMENS,EVERYDAY LIVING,Weekly - 52 Issues
652494,64449,Simply Woman,Weeklies,2023-06-12,2023-06-29,4.99,WOMENS,EVERYDAY LIVING,Weekly - 52 Issues
667806,33549,Echo of Fame,Weeklies,2023-10-02,2023-10-16,8.49,ENTERTAINMENT,CELEBRITY PROFILE,Weekly - 52 Issues
568287,67312,Title SIP,SIP,2023-03-13,2023-06-15,8.49,PUZZLES,WORD SEEK,Semi-Annual - 02 Issue
577942,67343,Title SIP,SIP,2023-05-15,2023-08-17,9.49,PUZZLES,VARIETY,Quarterly - 04 Issues
694403,57549,Echo of Fame,Weeklies,2024-03-25,2024-04-08,8.49,ENTERTAINMENT,TRIBUTE,Bi-Weekly - 26 Issues
681340,67325,Title SIP,SIP,2024-01-08,2024-04-11,15.49,ENTERTAINMENT,MUSIC,Semi-Annual - 02 Issue
692836,9307,Title SIP,SIP,2024-03-04,2024-06-06,15.49,ENTERTAINMENT,MUSIC,Quarterly - 04 Issues
693285,33985,Title SIP,SIP,2024-01-29,2024-05-02,15.49,HOME,GARDEN,Quarterly - 04 Issues
694015,67392,Everyday Bloom,Weeklies,2024-03-25,2024-04-11,5.99,WOMENS,EVERYDAY LIVING,Monthly - 12 Issues
689736,33958,Title SIP,SIP,2024-05-13,2024-08-15,11.49,HOBBY,ACTIVITY / COLORING,Quarterly - 04 Issues
698845,64453,Everyday Bloom,Weeklies,2024-01-22,2024-02-12,6.99,WOMENS,EVERYDAY LIVING,Bi-Weekly - 26 Issues
650850,64453,Everyday Bloom,Weeklies,2023-07-17,2023-08-10,6.99,WOMENS,EVERYDAY LIVING,Bi-Weekly - 26 Issues
703755,57984,Fame & Faces,Weeklies,2024-05-27,2024-06-10,8.49,ENTERTAINMENT,CELEBRITY PROFILE,Weekly - 52 Issues
661752,33549,Echo of Fame,Weeklies,2023-10-02,2023-10-16,8.49,ENTERTAINMENT,CELEBRITY PROFILE,Weekly - 52 Issues
661145,57607,Starline Stories,Weeklies,2023-10-09,2023-10-23,8.49,ENTERTAINMENT,CELEBRITY PROFILE,Bi-Weekly - 26 Issues
700413,33583,Fame & Faces,Weeklies,2024-03-18,2024-04-01,8.49,ENTERTAINMENT,CELEBRITY PROFILE,Bi-Weekly - 26 Issues
706112,9297,Title SIP,SIP,2024-04-22,2024-07-25,15.49,PUZZLES,FILL-IN,Quarterly - 04 Issues
691134,9424,Title SIP,SIP,2023-12-25,2024-03-28,15.49,HEALTH & FITNESS,WELLNESS/EMOTIONAL HEALTH,Quarterly - 04 Issues
680208,9381,Title SIP,SIP,2023-10-23,2024-01-25,15.49,FOOD,EVERYDAY EATING,Quarterly - 04 Issues
657924,67307,Title SIP,SIP,2023-10-09,2024-01-11,15.49,ENTERTAINMENT,MOVIE / TELEVISION,Quarterly - 04 Issues
578410,41247,Title SIP,SIP,2023-05-29,2023-08-31,14.49,HOME,DECORATING,Quarterly - 04 Issues
580442,33964,Title SIP,SIP,2023-05-22,2023-08-24,15.49,ENTERTAINMENT,MUSIC,Quarterly - 04 Issues
578851,64449,Simply Woman,Weeklies,2023-04-17,2023-05-04,4.99,WOMENS,EVERYDAY LIVING,Weekly - 52 Issues
659198,9382,Title SIP,SIP,2023-10-30,2024-02-01,15.49,HEALTH & FITNESS,MINDFULNESS,Quarterly - 04 Issues
638703,9385,Title SIP,SIP,2023-06-19,2023-09-21,15.49,HEALTH & FITNESS,PHYSICAL FITNESS,Quarterly - 04 Issues
658459,33999,Title SIP,SIP,2023-11-06,2024-02-08,15.49,ENTERTAINMENT,CELEBRITY PROFILE,Quarterly - 04 Issues
670780,64832,Title SIP,SIP,2023-11-06,2024-02-08,11.49,ENTERTAINMENT,TRIBUTE,Quarterly - 04 Issues
571812,34012,Title SIP,SIP,2023-04-10,2023-07-13,15.49,ENTERTAINMENT,TRIBUTE,Quarterly - 04 Issues
565393,41315,Title SIP,SIP,2023-03-06,2023-06-08,14.49,HOBBY,VIDEO GAMES,Quarterly - 04 Issues
642745,57983,Fame & Faces,Weeklies,2023-06-05,2023-06-19,8.49,ENTERTAINMENT,CELEBRITY PROFILE,Bi-Weekly - 26 Issues
557099,67341,Title SIP,SIP,2023-01-09,2023-04-13,8.49,PUZZLES,SUDOKU,Quarterly - 04 Issues
560814,33981,Title SIP,SIP,2023-02-13,2023-05-18,15.49,HOBBY,VIDEO GAMES,Quarterly - 04 Issues
655901,57983,Fame & Faces,Weeklies,2023-07-31,2023-08-14,8.49,ENTERTAINMENT,CELEBRITY PROFILE,Bi-Weekly - 26 Issues
562338,57549,Echo of Fame,Weeklies,2023-01-02,2023-01-16,8.49,ENTERTAINMENT,TRIBUTE,Bi-Weekly - 26 Issues
647227,57607,Starline Stories,Weeklies,2023-08-28,2023-09-11,8.49,ENTERTAINMENT,CELEBRITY PROFILE,Bi-Weekly - 26 Issues
554106,64803,Simply Woman,Weeklies,2023-01-02,2023-01-19,4.99,WOMENS,EVERYDAY LIVING,Weekly - 52 Issues
659717,57984,Fame & Faces,Weeklies,2023-11-06,2023-11-20,8.49,ENTERTAINMENT,CELEBRITY PROFILE,Weekly - 52 Issues
669674,33607,Starline Stories,Weeklies,2023-11-27,2023-12-11,8.49,ENTERTAINMENT,CELEBRITY PROFILE,Bi-Weekly - 26 Issues
700035,33583,Fame & Faces,Weeklies,2024-04-29,2024-05-13,8.49,ENTERTAINMENT,CELEBRITY PROFILE,Bi-Weekly - 26 Issues
685382,41300,Title SIP,SIP,2024-01-08,2024-04-11,16.490000000000002,SPORT,FOOTBALL,Quarterly - 04 Issues
721786,67301,Title SIP,SIP,2024-05-06,2024-08-08,15.49,ENTERTAINMENT,CELEBRITY PROFILE,Quarterly - 04 Issues
657286,64451,Everyday Bloom,Weeklies,2023-06-26,2023-07-20,5.99,WOMENS,EVERYDAY LIVING,Monthly - 12 Issues
669370,33601,Spotlight Lives,Weeklies,2023-10-02,2023-10-16,8.49,ENTERTAINMENT,CELEBRITY PROFILE,Bi-Weekly - 26 Issues
680390,57549,Echo of Fame,Weeklies,2023-12-04,2023-12-18,8.49,ENTERTAINMENT,TRIBUTE,Bi-Weekly - 26 Issues
566040,33996,Title SIP,SIP,2023-03-06,2023-06-08,15.49,FOOD,HEALTHY EATING,Quarterly - 04 Issues
559320,41246,Title SIP,SIP,2023-02-06,2023-05-11,14.49,HOBBY,VIDEO GAMES,Quarterly - 04 Issues
578273,33967,Title SIP,SIP,2023-05-22,2023-08-24,15.49,ENTERTAINMENT,CELEBRITY PROFILE,Quarterly - 04 Issues
692322,33583,Fame & Faces,Weeklies,2023-11-27,2023-12-11,8.49,ENTERTAINMENT,CELEBRITY PROFILE,Bi-Weekly - 26 Issues
655052,9304,Title SIP,SIP,2023-09-18,2023-12-21,15.49,HUMAN CULTURE,HISTORY,Quarterly - 04 Issues
674270,33549,Echo of Fame,Weeklies,2023-10-16,2023-10-30,8.49,ENTERTAINMENT,CELEBRITY PROFILE,Weekly - 52 Issues
564112,64803,Simply Woman,Weeklies,2023-02-27,2023-03-16,4.99,WOMENS,EVERYDAY LIVING,Weekly - 52 Issues
670837,34002,Title SIP,SIP,2023-11-06,2024-02-08,15.49,ENTERTAINMENT,MOVIE / TELEVISION,Semi-Annual - 02 Issue
664599,9307,Title SIP,SIP,2023-10-09,2024-01-11,15.49,SPORT,BASKETBALL,Quarterly - 04 Issues
652809,64449,Simply Woman,Weeklies,2023-08-21,2023-09-07,4.99,WOMENS,EVERYDAY LIVING,Weekly - 52 Issues
560868,64449,Simply Woman,Weeklies,2023-02-06,2023-02-23,4.99,WOMENS,EVERYDAY LIVING,Weekly - 52 Issues
570683,67340,Title SIP,SIP,2023-04-24,2023-07-27,8.49,PUZZLES,XWORD,Quarterly - 04 Issues
678597,67326,Title SIP,SIP,2023-12-25,2024-03-28,15.49,ENTERTAINMENT,MUSIC,Semi-Annual - 02 Issue
680155,33997,Title SIP,SIP,2024-01-29,2024-05-02,15.49,FOOD,HEALTHY EATING,Quarterly - 04 Issues
689466,9308,Title SIP,SIP,2024-04-01,2024-07-04,15.49,ENTERTAINMENT,MUSIC,Quarterly - 04 Issues
696654,33549,Echo of Fame,Weeklies,2023-12-25,2024-01-08,8.49,ENTERTAINMENT,CELEBRITY PROFILE,Weekly - 52 Issues
692580,57607,Starline Stories,Weeklies,2024-02-26,2024-03-11,8.49,ENTERTAINMENT,CELEBRITY PROFILE,Bi-Weekly - 26 Issues
690075,9409,Title SIP,SIP,2024-03-04,2024-06-06,15.49,HUMAN CULTURE,HISTORY,Quarterly - 04 Issues
689307,57607,Starline Stories,Weeklies,2024-01-01,2024-01-15,8.49,ENTERTAINMENT,CELEBRITY PROFILE,Bi-Weekly - 26 Issues
692977,64466,Title SIP,SIP,2024-02-19,2024-05-23,15.49,SPORT,COMMEMORATIVE,Semi-Annual - 02 Issue
722819,67392,Everyday Bloom,Weeklies,2024-06-03,2024-06-20,5.99,WOMENS,EVERYDAY LIVING,Monthly - 12 Issues
691593,64453,Everyday Bloom,Weeklies,2024-03-18,2024-04-04,6.99,WOMENS,EVERYDAY LIVING,Bi-Weekly - 26 Issues
574696,33950,Title SIP,SIP,2023-04-24,2023-07-27,11.49,HOBBY,ACTIVITY / COLORING,Quarterly - 04 Issues
646811,41299,Title SIP,SIP,2023-06-26,2023-09-28,14.49,OUTDOORS,SURVIVAL,Quarterly - 04 Issues
655938,33993,Title SIP,SIP,2023-12-11,2024-03-14,15.49,OUTDOORS,OTHER SPORTS,Quarterly - 04 Issues
579805,64836,Simply Woman,Weeklies,2023-05-01,2023-05-18,5.99,WOMENS,EVERYDAY LIVING,Weekly - 52 Issues
713510,57984,Fame & Faces,Weeklies,2024-03-25,2024-04-08,8.49,ENTERTAINMENT,CELEBRITY PROFILE,Weekly - 52 Issues
715990,34000,Title SIP,SIP,2024-05-27,2024-08-29,16.490000000000002,SPORT,FOOTBALL,Semi-Annual - 02 Issue
657940,58005,Spotlight Lives,Weeklies,2023-09-04,2023-09-18,8.49,ENTERTAINMENT,CELEBRITY PROFILE,Weekly - 52 Issues
582875,64799,Title SIP,SIP,2023-05-29,2023-08-31,15.49,HUMAN CULTURE,TRAVEL,Quarterly - 04 Issues
562485,33583,Fame & Faces,Weeklies,2023-02-06,2023-02-20,8.49,ENTERTAINMENT,CELEBRITY PROFILE,Bi-Weekly - 26 Issues
576422,41241,Title SIP,SIP,2023-05-01,2023-08-03,14.49,ENTERTAINMENT,CELEBRITY PROFILE,Quarterly - 04 Issues
664329,34021,Title SIP,SIP,2023-12-04,2024-03-07,15.49,HUMAN CULTURE,HISTORY,Quarterly - 04 Issues
671011,64803,Simply Woman,Weeklies,2023-10-23,2023-11-09,4.99,WOMENS,EVERYDAY LIVING,Weekly - 52 Issues
670504,33974,Title SIP,SIP,2023-12-18,2024-03-14,15.49,ENTERTAINMENT,MUSIC,Quarterly - 04 Issues
566655,67304,Title SIP,SIP,2023-03-06,2023-06-08,15.49,ENTERTAINMENT,CELEBRITY PROFILE,Quarterly - 04 Issues
683085,67302,Title SIP,SIP,2023-12-04,2024-03-07,15.49,ENTERTAINMENT,MOVIE / TELEVISION,Semi-Annual - 02 Issue
584845,33601,Spotlight Lives,Weeklies,2023-05-15,2023-05-29,8.49,ENTERTAINMENT,CELEBRITY PROFILE,Bi-Weekly - 26 Issues
560011,41245,Title SIP,SIP,2023-02-06,2023-05-11,14.49,ENTERTAINMENT,MUSIC,Quarterly - 04 Issues
568897,9304,Title SIP,SIP,2023-03-27,2023-06-29,15.49,HOME,DECORATING,Quarterly - 04 Issues
637643,64449,Simply Woman,Weeklies,2023-06-26,2023-07-13,4.99,WOMENS,EVERYDAY LIVING,Weekly - 52 Issues
674370,41090,Title SIP,SIP,2023-12-04,2024-03-07,15.49,FOOD,EVERYDAY EATING,Quarterly - 04 Issues
698347,67310,Title SIP,SIP,2024-04-22,2024-07-25,9.49,PUZZLES,VARIETY,Semi-Annual - 02 Issue
716045,64803,Simply Woman,Weeklies,2024-06-17,2024-07-04,4.99,WOMENS,EVERYDAY LIVING,Weekly - 52 Issues
701962,33953,Title SIP,SIP,2024-04-15,2024-07-18,11.49,PUZZLES,LOGIC,Quarterly - 04 Issues
558649,33972,Title SIP,SIP,2023-02-06,2023-05-11,15.49,ENTERTAINMENT,MOVIE / TELEVISION,Quarterly - 04 Issues
680141,33965,Title SIP,SIP,2023-12-18,2024-03-21,15.49,FOOD,SPIRITS,Semi-Annual - 02 Issue
576983,34024,Title SIP,SIP,2023-05-22,2023-08-24,15.49,ENTERTAINMENT,MUSIC,Quarterly - 04 Issues
578998,34024,Title SIP,SIP,2023-05-22,2023-08-24,15.49,ENTERTAINMENT,MUSIC,Quarterly - 04 Issues
564670,41301,Title SIP,SIP,2023-02-20,2023-05-25,16.490000000000002,OUTDOORS,SURVIVAL,Quarterly - 04 Issues
656024,33549,Echo of Fame,Weeklies,2023-06-26,2023-07-10,8.49,ENTERTAINMENT,CELEBRITY PROFILE,Weekly - 52 Issues
570593,64460,Title SIP,SIP,2023-04-17,2023-07-20,8.49,PUZZLES,WORD SEEK,Quarterly - 04 Issues
698910,67313,Title SIP,SIP,2024-05-13,2024-08-15,11.49,PUZZLES,XWORD,Semi-Annual - 02 Issue
683695,67309,Title SIP,SIP,2024-02-12,2024-05-16,15.49,ENTERTAINMENT,MOVIE / TELEVISION,Quarterly - 04 Issues
566844,41316,Title SIP,SIP,2023-03-13,2023-06-15,14.49,HOME,GARDEN,Quarterly - 04 Issues
554911,41241,Title SIP,SIP,2023-01-16,2023-04-20,14.49,HOBBY,VIDEO GAMES,Quarterly - 04 Issues
694929,33992,Title SIP,SIP,2024-05-13,2024-08-15,15.49,FOOD,SPIRITS,Quarterly - 04 Issues
695266,64803,Simply Woman,Weeklies,2024-01-15,2024-02-01,4.99,WOMENS,EVERYDAY LIVING,Weekly - 52 Issues
695999,33958,Title SIP,SIP,2024-02-12,2024-05-16,11.49,HOBBY,ACTIVITY / COLORING,Quarterly - 04 Issues
736127,64453,Everyday Bloom,Weeklies,2024-06-24,2024-07-11,6.99,WOMENS,EVERYDAY LIVING,Bi-Weekly - 26 Issues
680532,58006,Starline Stories,Weeklies,2023-12-18,2024-01-01,9.49,ENTERTAINMENT,CELEBRITY PROFILE,Weekly - 52 Issues
723882,41309,Title SIP,SIP,2024-02-12,2024-05-16,16.490000000000002,ENTERTAINMENT,CELEBRITY PROFILE,Quarterly - 04 Issues
646235,41240,Title SIP,SIP,2023-08-14,2023-11-16,14.49,FOOD,HEALTHY EATING,Quarterly - 04 Issues
708231,34012,Title SIP,SIP,2024-03-04,2024-06-06,15.49,HOME,BUILDING,Quarterly - 04 Issues
556409,41240,Title SIP,SIP,2023-01-16,2023-04-20,14.49,HOME,BUILDING,Quarterly - 04 Issues
716482,33986,Title SIP,SIP,2024-05-27,2024-08-29,16.490000000000002,SPORT,FOOTBALL,Semi-Annual - 02 Issue
577972,67370,Title SIP,SIP,2023-05-08,2023-08-10,15.49,HUMAN CULTURE,MYSTERY/SCI-FI,Quarterly - 04 Issues
675654,67308,Title SIP,SIP,2023-10-16,2024-01-18,15.49,ENTERTAINMENT,CELEBRITY PROFILE,Quarterly - 04 Issues
646804,34019,Title SIP,SIP,2023-08-14,2023-11-16,15.49,HUMAN CULTURE,TRAVEL,Quarterly - 04 Issues
577064,9379,Title SIP,SIP,2023-04-24,2023-07-27,15.49,FOOD,EVERYDAY EATING,Quarterly - 04 Issues
653676,33982,Title SIP,SIP,2023-10-30,2024-02-01,15.49,LIFESTYLE,SOCIAL,Quarterly - 04 Issues
558331,33950,Title SIP,SIP,2023-01-23,2023-04-27,11.49,HOBBY,ACTIVITY / COLORING,Quarterly - 04 Issues
569636,33986,Title SIP,SIP,2023-04-24,2023-07-27,15.49,LIFESTYLE,SOCIAL,Semi-Annual - 02 Issue
559968,33583,Fame & Faces,Weeklies,2023-02-06,2023-02-20,8.49,ENTERTAINMENT,CELEBRITY PROFILE,Bi-Weekly - 26 Issues
668323,33967,Title SIP,SIP,2023-09-25,2023-12-28,15.49,FOOD,EVERYDAY EATING,Quarterly - 04 Issues
649837,64802,Title SIP,SIP,2023-08-14,2023-11-16,15.49,HUMAN CULTURE,MYSTERY/SCI-FI,Quarterly - 04 Issues
556355,55606,Title SIP,SIP,2023-01-09,2023-04-13,11.45,HOBBY,ACTIVITY / COLORING,Monthly - 12 Issues
664653,64473,Title SIP,SIP,2023-11-13,2024-02-15,15.49,ENTERTAINMENT,MUSIC,Semi-Annual - 02 Issue
670889,9388,Title SIP,SIP,2023-11-27,2024-02-29,15.49,REGIONAL,EAST,Quarterly - 04 Issues
648863,33549,Echo of Fame,Weeklies,2023-07-24,2023-08-07,8.49,ENTERTAINMENT,CELEBRITY PROFILE,Weekly - 52 Issues
578560,33967,Title SIP,SIP,2023-05-22,2023-08-24,15.49,ENTERTAINMENT,CELEBRITY PROFILE,Quarterly - 04 Issues
570755,9307,Title SIP,SIP,2023-04-10,2023-07-13,15.49,SPORT,COMMEMORATIVE,Quarterly - 04 Issues
666688,9303,Title SIP,SIP,2023-09-11,2023-12-14,15.49,NEWS & FINANCE,BUSINESS,Quarterly - 04 Issues
563899,33549,Echo of Fame,Weeklies,2023-02-06,2023-02-20,8.49,ENTERTAINMENT,CELEBRITY PROFILE,Weekly - 52 Issues
562854,57549,Echo of Fame,Weeklies,2023-02-13,2023-02-27,8.49,ENTERTAINMENT,TRIBUTE,Bi-Weekly - 26 Issues
581694,64453,Everyday Bloom,Weeklies,2023-06-05,2023-06-29,6.99,WOMENS,EVERYDAY LIVING,Bi-Weekly - 26 Issues
579634,33607,Starline Stories,Weeklies,2023-04-17,2023-05-01,8.49,ENTERTAINMENT,CELEBRITY PROFILE,Bi-Weekly - 26 Issues
670213,33549,Echo of Fame,Weeklies,2023-11-27,2023-12-11,8.49,ENTERTAINMENT,CELEBRITY PROFILE,Weekly - 52 Issues
683139,67305,Title SIP,SIP,2024-01-08,2024-04-11,15.49,ENTERTAINMENT,CELEBRITY PROFILE,Quarterly - 04 Issues
646772,9290,Title SIP,SIP,2023-07-24,2023-10-26,15.49,ENTERTAINMENT,MUSIC,Quarterly - 04 Issues
644981,57983,Fame & Faces,Weeklies,2023-06-05,2023-06-19,8.49,ENTERTAINMENT,CELEBRITY PROFILE,Bi-Weekly - 26 Issues
660707,9291,Title SIP,SIP,2023-07-31,2023-11-02,15.49,ENTERTAINMENT,MUSIC,Quarterly - 04 Issues
650235,33607,Starline Stories,Weeklies,2023-07-24,2023-08-07,8.49,ENTERTAINMENT,CELEBRITY PROFILE,Bi-Weekly - 26 Issues
661213,57549,Echo of Fame,Weeklies,2023-10-09,2023-10-23,8.49,ENTERTAINMENT,TRIBUTE,Bi-Weekly - 26 Issues
632418,64803,Simply Woman,Weeklies,2023-07-03,2023-07-20,4.99,WOMENS,EVERYDAY LIVING,Weekly - 52 Issues
581056,64449,Simply Woman,Weeklies,2023-05-29,2023-06-15,4.99,WOMENS,EVERYDAY LIVING,Weekly - 52 Issues
569835,33607,Starline Stories,Weeklies,2023-03-06,2023-03-20,8.49,ENTERTAINMENT,CELEBRITY PROFILE,Bi-Weekly - 26 Issues
685918,67315,Title SIP,SIP,2024-02-19,2024-05-23,15.49,PUZZLES,FILL-IN,Semi-Annual - 02 Issue
690900,57983,Fame & Faces,Weeklies,2024-02-12,2024-02-26,8.49,ENTERTAINMENT,CELEBRITY PROFILE,Bi-Weekly - 26 Issues
715858,57607,Starline Stories,Weeklies,2024-06-17,2024-07-01,8.49,ENTERTAINMENT,CELEBRITY PROFILE,Bi-Weekly - 26 Issues
684206,33601,Spotlight Lives,Weeklies,2024-01-22,2024-02-05,8.49,ENTERTAINMENT,CELEBRITY PROFILE,Bi-Weekly - 26 Issues
719636,33956,Title SIP,SIP,2024-06-03,2024-09-05,14.49,FOOD,HEALTHY EATING,Quarterly - 04 Issues
727546,57983,Fame & Faces,Weeklies,2024-05-20,2024-06-03,8.49,ENTERTAINMENT,CELEBRITY PROFILE,Bi-Weekly - 26 Issues
727608,33955,Title SIP,SIP,2024-05-13,2024-08-15,14.49,FOOD,EVERYDAY EATING,Quarterly - 04 Issues
698652,33976,Title SIP,SIP,2024-03-18,2024-06-20,15.49,HEALTH & FITNESS,PHYSICAL FITNESS,Quarterly - 04 Issues
671180,41244,Title SIP,SIP,2024-02-05,2024-05-09,15.49,HEALTH & FITNESS,MINDFULNESS,Quarterly - 04 Issues
685840,33549,Echo of Fame,Weeklies,2024-01-08,2024-01-22,8.49,ENTERTAINMENT,CELEBRITY PROFILE,Weekly - 52 Issues
668108,64802,Title SIP,SIP,2024-01-01,2024-04-04,15.49,ENTERTAINMENT,MOVIE / TELEVISION,Quarterly - 04 Issues
706270,34024,Title SIP,SIP,2024-05-27,2024-08-29,15.49,FOOD,EVERYDAY EATING,Quarterly - 04 Issues
697509,64451,Everyday Bloom,Weeklies,2024-05-13,2024-05-30,6.99,WOMENS,EVERYDAY LIVING,Monthly - 12 Issues
668877,58005,Spotlight Lives,Weeklies,2023-10-23,2023-11-06,8.49,ENTERTAINMENT,CELEBRITY PROFILE,Weekly - 52 Issues
562394,57601,Spotlight Lives,Weeklies,2023-01-02,2023-01-16,8.49,ENTERTAINMENT,CELEBRITY PROFILE,Bi-Weekly - 26 Issues
723957,57984,Fame & Faces,Weeklies,2024-06-24,2024-07-08,9.49,ENTERTAINMENT,CELEBRITY PROFILE,Weekly - 52 Issues
585139,33583,Fame & Faces,Weeklies,2023-05-29,2023-06-12,8.49,ENTERTAINMENT,CELEBRITY PROFILE,Bi-Weekly - 26 Issues
642821,33984,Title SIP,SIP,2023-06-12,2023-09-14,15.49,FOOD,EVERYDAY EATING,Quarterly - 04 Issues
662951,9380,Title SIP,SIP,2023-10-23,2024-01-25,15.49,HEALTH & FITNESS,PHYSICAL FITNESS,Quarterly - 04 Issues
663366,57607,Starline Stories,Weeklies,2023-09-11,2023-09-25,8.49,ENTERTAINMENT,CELEBRITY PROFILE,Bi-Weekly - 26 Issues
656453,64801,Title SIP,SIP,2023-08-14,2023-11-16,15.49,ENTERTAINMENT,TRIBUTE,Quarterly - 04 Issues
685122,34016,Title SIP,SIP,2023-11-20,2024-02-22,15.49,ENTERTAINMENT,TRIBUTE,Quarterly - 04 Issues
687405,33583,Fame & Faces,Weeklies,2023-11-27,2023-12-11,8.49,ENTERTAINMENT,CELEBRITY PROFILE,Bi-Weekly - 26 Issues
671984,33601,Spotlight Lives,Weeklies,2023-10-02,2023-10-16,8.49,ENTERTAINMENT,CELEBRITY PROFILE,Bi-Weekly - 26 Issues
579008,33583,Fame & Faces,Weeklies,2023-05-15,2023-05-29,8.49,ENTERTAINMENT,CELEBRITY PROFILE,Bi-Weekly - 26 Issues
655477,9300,Title SIP,SIP,2023-09-04,2023-12-07,15.49,ENTERTAINMENT,MOVIE / TELEVISION,Quarterly - 04 Issues
567799,33958,Title SIP,SIP,2023-03-20,2023-06-22,11.49,HOBBY,ACTIVITY / COLORING,Quarterly - 04 Issues
663902,33549,Echo of Fame,Weeklies,2023-10-16,2023-10-30,8.49,ENTERTAINMENT,CELEBRITY PROFILE,Weekly - 52 Issues
562602,33607,Starline Stories,Weeklies,2023-01-23,2023-02-06,8.49,ENTERTAINMENT,CELEBRITY PROFILE,Bi-Weekly - 26 Issues
586026,67311,Title SIP,SIP,2023-06-19,2023-09-21,8.49,PUZZLES,XWORD,Semi-Annual - 02 Issue
663299,41318,Title SIP,SIP,2023-07-24,2023-10-26,14.49,HOBBY,VIDEO GAMES,Quarterly - 04 Issues
566381,33997,Title SIP,SIP,2023-03-06,2023-06-08,15.49,HOBBY,COMICS,Quarterly - 04 Issues
641555,33607,Starline Stories,Weeklies,2023-06-12,2023-06-26,8.49,ENTERTAINMENT,CELEBRITY PROFILE,Bi-Weekly - 26 Issues
553389,67340,Title SIP,SIP,2023-01-02,2023-04-06,8.49,PUZZLES,XWORD,Quarterly - 04 Issues
698461,41090,Title SIP,SIP,2024-04-01,2024-07-04,15.49,SPORT,COMMEMORATIVE,Quarterly - 04 Issues
701996,33607,Starline Stories,Weeklies,2024-03-04,2024-03-18,8.49,ENTERTAINMENT,CELEBRITY PROFILE,Bi-Weekly - 26 Issues
735822,33601,Spotlight Lives,Weeklies,2024-04-15,2024-04-29,8.49,ENTERTAINMENT,CELEBRITY PROFILE,Bi-Weekly - 26 Issues
678931,67369,Title SIP,SIP,2023-12-18,2024-03-21,15.49,HUMAN CULTURE,MYSTERY/SCI-FI,Quarterly - 04 Issues
699828,57607,Starline Stories,Weeklies,2024-01-29,2024-02-12,8.49,ENTERTAINMENT,CELEBRITY PROFILE,Bi-Weekly - 26 Issues
700593,33601,Spotlight Lives,Weeklies,2024-03-18,2024-04-01,8.49,ENTERTAINMENT,CELEBRITY PROFILE,Bi-Weekly - 26 Issues
705011,33980,Title SIP,SIP,2024-05-06,2024-08-08,15.49,HOME,DECORATING,Quarterly - 04 Issues
699974,57601,Spotlight Lives,Weeklies,2024-04-22,2024-05-06,8.49,ENTERTAINMENT,CELEBRITY PROFILE,Bi-Weekly - 26 Issues
719509,67342,Title SIP,SIP,2024-03-18,2024-06-20,8.49,PUZZLES,WORD SEEK,Quarterly - 04 Issues
672559,9418,Title SIP,SIP,2024-01-22,2024-04-25,15.49,WOMENS,EVERYDAY LIVING,Quarterly - 04 Issues
662796,9290,Title SIP,SIP,2023-12-18,2024-03-21,15.49,HUMAN CULTURE,MYSTERY/SCI-FI,Quarterly - 04 Issues
581323,33549,Echo of Fame,Weeklies,2023-05-01,2023-05-15,8.49,ENTERTAINMENT,CELEBRITY PROFILE,Weekly - 52 Issues
653490,64449,Simply Woman,Weeklies,2023-07-10,2023-07-27,4.99,WOMENS,EVERYDAY LIVING,Weekly - 52 Issues
558610,64478,Title SIP,SIP,2023-02-06,2023-05-11,15.49,ENTERTAINMENT,CELEBRITY PROFILE,Quarterly - 04 Issues
575188,9414,Title SIP,SIP,2023-04-03,2023-07-06,15.49,FOOD,HEALTHY EATING,Quarterly - 04 Issues
654131,34022,Title SIP,SIP,2023-08-21,2023-11-23,15.49,HUMAN CULTURE,HISTORY,Semi-Annual - 02 Issue
652351,34013,Title SIP,SIP,2023-07-31,2023-11-02,15.49,ENTERTAINMENT,MOVIE / TELEVISION,Quarterly - 04 Issues
566602,64449,Simply Woman,Weeklies,2023-02-20,2023-03-09,4.99,WOMENS,EVERYDAY LIVING,Weekly - 52 Issues
568053,64475,Title SIP,SIP,2023-02-06,2023-05-11,15.49,SPORT,FOOTBALL,Quarterly - 04 Issues
673041,41241,Title SIP,SIP,2023-11-20,2024-02-22,14.49,HOBBY,VIDEO GAMES,Quarterly - 04 Issues
640100,57774,Title SIP,SIP,2023-07-24,2023-10-26,14.49,OUTDOORS,SURVIVAL,Quarterly - 04 Issues
568821,33959,Title SIP,SIP,2023-04-03,2023-07-06,11.49,HOBBY,ACTIVITY / COLORING,Quarterly - 04 Issues
676305,64449,Simply Woman,Weeklies,2023-10-30,2023-11-16,5.99,WOMENS,EVERYDAY LIVING,Weekly - 52 Issues
562518,33583,Fame & Faces,Weeklies,2023-01-23,2023-02-06,8.49,ENTERTAINMENT,CELEBRITY PROFILE,Bi-Weekly - 26 Issues
577735,57549,Echo of Fame,Weeklies,2023-04-24,2023-05-08,8.49,ENTERTAINMENT,TRIBUTE,Bi-Weekly - 26 Issues
585351,33971,Title SIP,SIP,2023-06-05,2023-09-07,15.49,HUMAN CULTURE,TRAVEL,Quarterly - 04 Issues
648070,9409,Title SIP,SIP,2023-07-03,2023-10-05,15.49,ENTERTAINMENT,CELEBRITY PROFILE,Quarterly - 04 Issues
689423,64460,Title SIP,SIP,2024-03-04,2024-06-06,8.49,PUZZLES,VARIETY,Quarterly - 04 Issues
669843,9412,Title SIP,SIP,2023-12-25,2024-03-28,15.49,HEALTH & FITNESS,PHYSICAL FITNESS,Quarterly - 04 Issues
703700,9293,Title SIP,SIP,2024-06-03,2024-09-05,16.490000000000002,ENTERTAINMENT,CELEBRITY PROFILE,Quarterly - 04 Issues
693780,33549,Echo of Fame,Weeklies,2024-03-04,2024-03-18,8.49,ENTERTAINMENT,CELEBRITY PROFILE,Weekly - 52 Issues
568747,57601,Spotlight Lives,Weeklies,2023-03-27,2023-04-10,8.49,ENTERTAINMENT,CELEBRITY PROFILE,Bi-Weekly - 26 Issues
572583,64449,Simply Woman,Weeklies,2023-04-17,2023-05-04,4.99,WOMENS,EVERYDAY LIVING,Weekly - 52 Issues
681402,9428,Title SIP,SIP,2023-11-13,2024-02-15,15.49,AUTOMOTIVE,HIGH PERFORMANCE,Quarterly - 04 Issues
669328,41152,Title SIP,SIP,2023-09-18,2023-12-21,15.49,ENTERTAINMENT,MUSIC,Quarterly - 04 Issues
698575,33963,Title SIP,SIP,2024-04-22,2024-07-25,11.49,HOBBY,ACTIVITY / COLORING,Quarterly - 04 Issues
677765,33549,Echo of Fame,Weeklies,2024-01-22,2024-02-05,8.49,ENTERTAINMENT,CELEBRITY PROFILE,Weekly - 52 Issues
695887,64451,Everyday Bloom,Weeklies,2024-04-01,2024-04-18,5.99,WOMENS,EVERYDAY LIVING,Monthly - 12 Issues
692835,67344,Title SIP,SIP,2024-04-08,2024-07-11,9.49,PUZZLES,WORD SEEK,Quarterly - 04 Issues
690422,9386,Title SIP,SIP,2024-02-19,2024-05-23,15.49,ENTERTAINMENT,MUSIC,Quarterly - 04 Issues
687006,9414,Title SIP,SIP,2024-03-11,2024-06-13,15.49,HUMAN CULTURE,TRAVEL,Quarterly - 04 Issues
720894,33549,Echo of Fame,Weeklies,2024-05-27,2024-06-10,8.49,ENTERTAINMENT,CELEBRITY PROFILE,Weekly - 52 Issues
696525,33601,Spotlight Lives,Weeklies,2024-01-22,2024-02-05,8.49,ENTERTAINMENT,CELEBRITY PROFILE,Bi-Weekly - 26 Issues
689960,9296,Title SIP,SIP,2024-03-11,2024-06-13,19.49,ENTERTAINMENT,MUSIC,Quarterly - 04 Issues
683544,33997,Title SIP,SIP,2024-01-29,2024-05-02,15.49,FOOD,HEALTHY EATING,Quarterly - 04 Issues
703466,34022,Title SIP,SIP,2024-05-27,2024-08-29,16.490000000000002,SPORT,FOOTBALL,Semi-Annual - 02 Issue
713280,58005,Spotlight Lives,Weeklies,2024-06-17,2024-07-01,9.49,ENTERTAINMENT,CELEBRITY PROFILE,Weekly - 52 Issues
671926,9308,Title SIP,SIP,2023-09-25,2023-12-28,15.49,PUZZLES,XWORD,Quarterly - 04 Issues
634157,57984,Fame & Faces,Weeklies,2023-07-10,2023-07-24,8.49,ENTERTAINMENT,CELEBRITY PROFILE,Weekly - 52 Issues
562805,33996,Title SIP,SIP,2023-03-06,2023-06-08,15.49,FOOD,HEALTHY EATING,Quarterly - 04 Issues
578491,64836,Simply Woman,Weeklies,2023-04-17,2023-05-04,5.99,WOMENS,EVERYDAY LIVING,Weekly - 52 Issues
684470,33977,Title SIP,SIP,2024-01-29,2024-05-02,15.49,NEWS & FINANCE,BUSINESS,Quarterly - 04 Issues
722863,57607,Starline Stories,Weeklies,2024-05-06,2024-05-20,8.49,ENTERTAINMENT,CELEBRITY PROFILE,Bi-Weekly - 26 Issues
673353,9301,Title SIP,SIP,2024-01-15,2024-04-18,15.49,ENTERTAINMENT,MUSIC,Quarterly - 04 Issues
681610,33549,Echo of Fame,Weeklies,2023-12-25,2024-01-08,8.49,ENTERTAINMENT,CELEBRITY PROFILE,Weekly - 52 Issues
680555,64453,Everyday Bloom,Weeklies,2024-03-18,2024-04-04,6.99,WOMENS,EVERYDAY LIVING,Bi-Weekly - 26 Issues
657112,9410,Title SIP,SIP,2023-07-17,2023-10-19,15.49,ENTERTAINMENT,MUSIC,Quarterly - 04 Issues
579060,33549,Echo of Fame,Weeklies,2023-05-01,2023-05-15,8.49,ENTERTAINMENT,CELEBRITY PROFILE,Weekly - 52 Issues
581856,67318,Title SIP,SIP,2023-06-05,2023-09-07,15.49,FAMILY,CHILDREN,Semi-Annual - 02 Issue
663471,41099,Title SIP,SIP,2023-09-11,2023-12-14,15.49,SPORT,OTHER SPORTS,Quarterly - 04 Issues
665222,33998,Title SIP,SIP,2023-11-06,2024-02-08,15.49,HUMAN CULTURE,RELIGION,Quarterly - 04 Issues
555591,41155,Title SIP,SIP,2023-01-16,2023-04-20,14.49,FOOD,EVERYDAY EATING,Quarterly - 04 Issues
680729,9296,Title SIP,SIP,2023-12-11,2024-03-14,15.49,WOMENS,EVERYDAY LIVING,Quarterly - 04 Issues
568307,33607,Starline Stories,Weeklies,2023-03-06,2023-03-20,8.49,ENTERTAINMENT,CELEBRITY PROFILE,Bi-Weekly - 26 Issues
643527,33989,Title SIP,SIP,2023-07-03,2023-10-05,15.49,HOME,DECORATING,Quarterly - 04 Issues
654147,64467,Title SIP,SIP,2023-08-21,2023-11-23,16.490000000000002,HUMAN CULTURE,RELIGION,Semi-Annual - 02 Issue
553597,64440,Title SIP,SIP,2023-01-02,2023-04-06,15.49,ENTERTAINMENT,TRIBUTE,Quarterly - 04 Issues
652097,57610,Title SIP,SIP,2023-10-30,2024-01-01,7.49,ENTERTAINMENT,TRIBUTE,Quarterly - 04 Issues
654682,9413,Title SIP,SIP,2023-09-04,2023-12-07,15.49,ENTERTAINMENT,MUSIC,Quarterly - 04 Issues
675223,9421,Title SIP,SIP,2023-11-20,2024-02-22,15.49,ENTERTAINMENT,CELEBRITY PROFILE,Quarterly - 04 Issues
650376,33607,Starline Stories,Weeklies,2023-09-18,2023-10-02,8.49,ENTERTAINMENT,CELEBRITY PROFILE,Bi-Weekly - 26 Issues
570752,33607,Starline Stories,Weeklies,2023-03-20,2023-04-03,8.49,ENTERTAINMENT,CELEBRITY PROFILE,Bi-Weekly - 26 Issues
654898,67392,Everyday Bloom,Weeklies,2023-08-28,2023-09-21,5.99,WOMENS,EVERYDAY LIVING,Monthly - 12 Issues
567599,33583,Fame & Faces,Weeklies,2023-03-06,2023-03-20,8.49,ENTERTAINMENT,CELEBRITY PROFILE,Bi-Weekly - 26 Issues
581247,33583,Fame & Faces,Weeklies,2023-04-17,2023-05-01,8.49,ENTERTAINMENT,CELEBRITY PROFILE,Bi-Weekly - 26 Issues
643660,57607,Starline Stories,Weeklies,2023-06-05,2023-06-19,8.49,ENTERTAINMENT,CELEBRITY PROFILE,Bi-Weekly - 26 Issues
578888,64453,Everyday Bloom,Weeklies,2023-06-05,2023-06-29,6.99,WOMENS,EVERYDAY LIVING,Bi-Weekly - 26 Issues
678824,57601,Spotlight Lives,Weeklies,2023-12-04,2023-12-18,8.49,ENTERTAINMENT,CELEBRITY PROFILE,Bi-Weekly - 26 Issues
694589,33607,Starline Stories,Weeklies,2024-02-19,2024-03-04,8.49,ENTERTAINMENT,CELEBRITY PROFILE,Bi-Weekly - 26 Issues
563382,64832,Title SIP,SIP,2023-02-20,2023-05-25,8.49,ENTERTAINMENT,TRIBUTE,Quarterly - 04 Issues
579304,57549,Echo of Fame,Weeklies,2023-05-08,2023-05-22,8.49,ENTERTAINMENT,TRIBUTE,Bi-Weekly - 26 Issues
649630,9389,Title SIP,SIP,2023-07-10,2023-10-12,15.49,SPORT,FOOTBALL,Quarterly - 04 Issues
580964,57601,Spotlight Lives,Weeklies,2023-05-08,2023-05-22,8.49,ENTERTAINMENT,CELEBRITY PROFILE,Bi-Weekly - 26 Issues
570111,33549,Echo of Fame,Weeklies,2023-03-20,2023-04-03,8.49,ENTERTAINMENT,CELEBRITY PROFILE,Weekly - 52 Issues
569020,64455,Title SIP,SIP,2023-04-10,2023-07-13,8.49,PUZZLES,WORD SEEK,Quarterly - 04 Issues
570859,41314,Title SIP,SIP,2023-04-03,2023-07-06,16.490000000000002,HUMAN CULTURE,MYSTERY/SCI-FI,Quarterly - 04 Issues
715370,9410,Title SIP,SIP,2024-04-15,2024-07-18,15.49,HUMAN CULTURE,TRAVEL,Quarterly - 04 Issues
704793,41308,Title SIP,SIP,2024-04-08,2024-07-11,15.49,SPORT,FOOTBALL,Quarterly - 04 Issues
671853,9422,Title SIP,SIP,2024-01-08,2024-04-11,15.49,HUMAN CULTURE,MYSTERY/SCI-FI,Quarterly - 04 Issues
693079,9387,Title SIP,SIP,2024-04-08,2024-07-11,15.49,ENTERTAINMENT,TRIBUTE,Quarterly - 04 Issues
717154,57601,Spotlight Lives,Weeklies,2024-05-06,2024-05-20,8.49,ENTERTAINMENT,CELEBRITY PROFILE,Bi-Weekly - 26 Issues
571690,41309,Title SIP,SIP,2023-04-03,2023-07-06,16.490000000000002,HEALTH & FITNESS,PHYSICAL FITNESS,Quarterly - 04 Issues
709366,41092,Title SIP,SIP,2024-03-04,2024-06-06,15.49,ENTERTAINMENT,CELEBRITY PROFILE,Quarterly - 04 Issues
682840,9300,Title SIP,SIP,2024-01-15,2024-04-18,15.49,ENTERTAINMENT,MUSIC,Quarterly - 04 Issues
743082,58006,Starline Stories,Weeklies,2024-05-06,2024-05-20,9.49,ENTERTAINMENT,CELEBRITY PROFILE,Weekly - 52 Issues
717867,58006,Starline Stories,Weeklies,2024-05-20,2024-06-03,9.49,ENTERTAINMENT,CELEBRITY PROFILE,Weekly - 52 Issues
566805,64453,Everyday Bloom,Weeklies,2023-03-13,2023-04-06,6.99,WOMENS,EVERYDAY LIVING,Bi-Weekly - 26 Issues
576881,9416,Title SIP,SIP,2023-05-01,2023-08-03,15.49,ENTERTAINMENT,CELEBRITY PROFILE,Quarterly - 04 Issues
642459,67309,Title SIP,SIP,2023-05-29,2023-08-31,15.49,FOOD,HEALTHY EATING,Quarterly - 04 Issues
663414,9295,Title SIP,SIP,2023-08-14,2023-11-16,15.49,ENTERTAINMENT,MOVIE / TELEVISION,Quarterly - 04 Issues
582669,41249,Title SIP,SIP,2023-06-05,2023-09-07,14.49,HOBBY,VIDEO GAMES,Quarterly - 04 Issues
562549,9424,Title SIP,SIP,2023-02-27,2023-06-01,15.49,ENTERTAINMENT,CELEBRITY PROFILE,Quarterly - 04 Issues
566234,33955,Title SIP,SIP,2023-02-27,2023-06-01,11.49,HOBBY,ACTIVITY / COLORING,Quarterly - 04 Issues
668419,9289,Title SIP,SIP,2023-12-11,2024-03-14,15.49,SPORT,COMMEMORATIVE,Quarterly - 04 Issues
658661,67299,Title SIP,SIP,2023-09-11,2023-12-14,15.49,ENTERTAINMENT,CELEBRITY PROFILE,Semi-Annual - 02 Issue
569624,57983,Fame & Faces,Weeklies,2023-02-27,2023-03-13,8.49,ENTERTAINMENT,CELEBRITY PROFILE,Bi-Weekly - 26 Issues
657000,67345,Title SIP,SIP,2023-09-25,2023-12-28,8.49,PUZZLES,WORD SEEK,Quarterly - 04 Issues
680105,64465,Title SIP,SIP,2024-02-19,2024-05-23,15.49,SPORT,COMMEMORATIVE,Quarterly - 04 Issues
715488,33990,Title SIP,SIP,2024-04-08,2024-07-11,15.49,HOME,GARDEN,Quarterly - 04 Issues
725091,64460,Title SIP,SIP,2024-06-03,2024-09-05,9.49,PUZZLES,XWORD,Quarterly - 04 Issues
554553,9391,Title SIP,SIP,2023-01-23,2023-04-27,15.49,ENTERTAINMENT,MOVIE / TELEVISION,Quarterly - 04 Issues
674374,34000,Title SIP,SIP,2023-12-04,2024-03-07,15.49,ENTERTAINMENT,MOVIE / TELEVISION,Semi-Annual - 02 Issue
574653,34011,Title SIP,SIP,2023-05-01,2023-08-03,15.49,FOOD,HEALTHY EATING,Quarterly - 04 Issues
667744,67340,Title SIP,SIP,2023-12-04,2024-03-07,8.49,PUZZLES,WORD SEEK,Quarterly - 04 Issues
645247,9302,Title SIP,SIP,2023-09-11,2023-12-14,15.49,ENTERTAINMENT,MOVIE / TELEVISION,Quarterly - 04 Issues
662334,67341,Title SIP,SIP,2023-08-21,2023-11-23,8.49,PUZZLES,SUDOKU,Quarterly - 04 Issues
663788,33993,Title SIP,SIP,2023-12-11,2024-03-14,15.49,OUTDOORS,OTHER SPORTS,Quarterly - 04 Issues
681071,33978,Title SIP,SIP,2024-01-15,2024-04-18,15.49,ENTERTAINMENT,MUSIC,Quarterly - 04 Issues
714398,33601,Spotlight Lives,Weeklies,2024-06-24,2024-07-08,8.49,ENTERTAINMENT,CELEBRITY PROFILE,Bi-Weekly - 26 Issues
649750,33995,Title SIP,SIP,2023-07-10,2023-10-12,15.49,HOBBY,COMICS,Semi-Annual - 02 Issue
695208,33601,Spotlight Lives,Weeklies,2023-12-25,2024-01-08,8.49,ENTERTAINMENT,CELEBRITY PROFILE,Bi-Weekly - 26 Issues
730482,64449,Simply Woman,Weeklies,2024-04-01,2024-04-18,4.99,WOMENS,EVERYDAY LIVING,Weekly - 52 Issues
715014,33607,Starline Stories,Weeklies,2024-04-15,2024-04-29,8.49,ENTERTAINMENT,CELEBRITY PROFILE,Bi-Weekly - 26 Issues
705980,67392,Everyday Bloom,Weeklies,2024-06-03,2024-06-20,5.99,WOMENS,EVERYDAY LIVING,Monthly - 12 Issues
702801,57607,Starline Stories,Weeklies,2024-04-08,2024-04-22,8.49,ENTERTAINMENT,CELEBRITY PROFILE,Bi-Weekly - 26 Issues
712365,33979,Title SIP,SIP,2024-03-04,2024-06-06,15.49,PUZZLES,VARIETY,Quarterly - 04 Issues
696485,58006,Starline Stories,Weeklies,2024-03-11,2024-03-25,9.49,ENTERTAINMENT,CELEBRITY PROFILE,Weekly - 52 Issues
713045,64453,Everyday Bloom,Weeklies,2024-06-03,2024-06-20,6.99,WOMENS,EVERYDAY LIVING,Bi-Weekly - 26 Issues
556212,41156,Title SIP,SIP,2023-01-16,2023-04-20,14.49,HOME,DECORATING,Quarterly - 04 Issues
667240,58005,Spotlight Lives,Weeklies,2023-10-16,2023-10-30,8.49,ENTERTAINMENT,CELEBRITY PROFILE,Weekly - 52 Issues
677689,64803,Simply Woman,Weeklies,2023-10-09,2023-10-26,4.99,WOMENS,EVERYDAY LIVING,Weekly - 52 Issues
703738,67371,Title SIP,SIP,2024-04-29,2024-08-01,15.49,ENTERTAINMENT,TRIBUTE,Quarterly - 04 Issues
690485,41248,Title SIP,SIP,2024-03-04,2024-06-06,14.49,HOBBY,VIDEO GAMES,Quarterly - 04 Issues
705089,33967,Title SIP,SIP,2024-04-29,2024-08-01,15.49,HEALTH & FITNESS,PHYSICAL FITNESS,Quarterly - 04 Issues
693577,9382,Title SIP,SIP,2024-03-04,2024-06-06,16.490000000000002,LIFESTYLE,SOCIAL,Quarterly - 04 Issues
582177,64836,Simply Woman,Weeklies,2023-06-05,2023-06-22,5.99,WOMENS,EVERYDAY LIVING,Weekly - 52 Issues
